sale_date,product_id,region_id,customer_id,quantity,amount,cost
2025-09-01,P001,R001,C005,23,8740.0,5912.14
2025-09-01,P001,R001,C007,37,14060.0,9217.49
2025-09-01,P001,R002,C002,14,5320.0,3408.69
2025-09-01,P001,R002,C006,6,2280.0,1476.96
2025-09-01,P001,R002,C008,9,3420.0,2286.11
2025-09-01,P001,R003,C009,18,6840.0,4846.75
2025-09-01,P001,R003,C003,10,3800.0,2560.96
2025-09-01,P001,R004,C004,8,3040.0,2176.38
2025-09-01,P001,R004,C010,8,3040.0,1956.58
2025-09-01,P002,R001,C011,142,12070.0,7165.39
2025-09-01,P002,R001,C001,150,12750.0,7800.66
2025-09-01,P002,R001,C005,37,3145.0,1851.88
2025-09-01,P002,R001,C007,54,4590.0,2735.27
2025-09-01,P002,R002,C006,20,1700.0,1102.2
2025-09-01,P002,R002,C012,81,6885.0,4211.31
2025-09-01,P002,R002,C002,52,4420.0,2577.96
2025-09-01,P002,R002,C008,32,2720.0,1691.68
2025-09-01,P002,R003,C009,77,6545.0,3837.9
2025-09-01,P002,R003,C003,46,3910.0,2499.21
2025-09-01,P002,R004,C004,32,2720.0,1682.27
2025-09-01,P002,R004,C010,37,3145.0,2046.3
2025-09-01,P003,R001,C011,18,11160.0,7655.56
2025-09-01,P003,R001,C007,10,6200.0,4219.79
2025-09-01,P003,R002,C002,7,4340.0,2978.19
2025-09-01,P003,R002,C006,2,1240.0,856.6
2025-09-01,P003,R002,C008,4,2480.0,1752.08
2025-09-01,P003,R003,C009,6,3720.0,2618.33
2025-09-01,P003,R003,C003,3,1860.0,1362.38
2025-09-01,P003,R004,C010,4,2480.0,1692.2
2025-09-01,P003,R004,C004,3,1860.0,1371.59
2025-09-01,P004,R001,C001,32,7680.0,5206.63
2025-09-01,P004,R001,C005,9,2160.0,1346.66
2025-09-01,P004,R001,C011,34,8160.0,5055.99
2025-09-01,P004,R002,C002,16,3840.0,2444.13
2025-09-01,P004,R002,C012,13,3120.0,1962.64
2025-09-01,P004,R002,C008,8,1920.0,1275.23
2025-09-01,P004,R002,C006,6,1440.0,886.31
2025-09-01,P004,R003,C009,27,6480.0,3960.47
2025-09-01,P004,R003,C003,13,3120.0,2048.35
2025-09-01,P004,R004,C004,12,2880.0,1959.28
2025-09-01,P004,R004,C010,6,1440.0,966.53
2025-09-01,P005,R001,C001,119,5355.0,3106.86
2025-09-01,P005,R001,C007,66,2970.0,1683.34
2025-09-01,P005,R002,C012,70,3150.0,1857.87
2025-09-01,P005,R002,C008,30,1350.0,748.73
2025-09-01,P005,R002,C006,33,1485.0,901.05
2025-09-01,P005,R003,C003,36,1620.0,981.53
2025-09-01,P005,R003,C009,77,3465.0,2023.96
2025-09-01,P005,R004,C010,24,1080.0,591.73
2025-09-01,P005,R004,C004,30,1350.0,800.73
2025-09-01,P006,R001,C001,71,8520.0,5407.97
2025-09-01,P006,R001,C005,20,2400.0,1510.31
2025-09-01,P006,R002,C002,41,4920.0,2952.2
2025-09-01,P006,R002,C006,9,1080.0,713.18
2025-09-01,P006,R002,C008,15,1800.0,1192.89
2025-09-01,P006,R002,C012,40,4800.0,2924.95
2025-09-01,P006,R003,C003,21,2520.0,1571.84
2025-09-01,P006,R003,C009,42,5040.0,3110.67
2025-09-01,P006,R004,C010,17,2040.0,1316.63
2025-09-01,P006,R004,C004,21,2520.0,1526.0
2025-09-02,P001,R001,C005,5,1900.0,1350.42
2025-09-02,P001,R001,C011,13,4940.0,3197.1
2025-09-02,P001,R001,C001,18,6840.0,4731.2
2025-09-02,P001,R001,C007,10,3800.0,2665.26
2025-09-02,P001,R002,C012,10,3800.0,2686.46
2025-09-02,P001,R002,C006,5,1900.0,1226.37
2025-09-02,P001,R002,C008,8,3040.0,1984.66
2025-09-02,P001,R002,C002,10,3800.0,2565.18
2025-09-02,P001,R003,C003,12,4560.0,3160.12
2025-09-02,P001,R003,C009,15,5700.0,4004.36
2025-09-02,P001,R004,C004,9,3420.0,2396.49
2025-09-02,P001,R004,C010,5,1900.0,1363.37
2025-09-02,P002,R001,C005,35,2975.0,1782.98
2025-09-02,P002,R001,C007,62,5270.0,3204.46
2025-09-02,P002,R001,C001,99,8415.0,5427.88
2025-09-02,P002,R001,C011,101,8585.0,5248.22
2025-09-02,P002,R002,C012,92,7820.0,4755.04
2025-09-02,P002,R002,C006,47,3995.0,2421.17
2025-09-02,P002,R002,C008,69,5865.0,3624.27
2025-09-02,P002,R003,C003,64,5440.0,3530.48
2025-09-02,P002,R003,C009,102,8670.0,5511.08
2025-09-02,P002,R004,C004,53,4505.0,2850.51
2025-09-02,P002,R004,C010,40,3400.0,2102.42
2025-09-02,P003,R001,C001,13,8060.0,5357.81
2025-09-02,P003,R001,C007,5,3100.0,2057.12
2025-09-02,P003,R002,C002,6,3720.0,2583.02
2025-09-02,P003,R002,C006,2,1240.0,901.8
2025-09-02,P003,R002,C012,10,6200.0,4113.96
2025-09-02,P003,R003,C009,9,5580.0,3692.16
2025-09-02,P003,R003,C003,5,3100.0,2144.79
2025-09-02,P003,R004,C010,2,1240.0,825.53
2025-09-02,P003,R004,C004,3,1860.0,1362.38
2025-09-02,P004,R001,C005,17,4080.0,2596.84
2025-09-02,P004,R001,C001,51,12240.0,8309.04
2025-09-02,P004,R002,C006,9,2160.0,1372.08
2025-09-02,P004,R002,C012,36,8640.0,5777.52
2025-09-02,P004,R003,C003,11,2640.0,1756.46
2025-09-02,P004,R003,C009,26,6240.0,4140.75
2025-09-02,P004,R004,C010,9,2160.0,1457.11
2025-09-02,P004,R004,C004,12,2880.0,1848.48
2025-09-02,P005,R001,C007,53,2385.0,1340.26
2025-09-02,P005,R001,C011,86,3870.0,2167.84
2025-09-02,P005,R001,C005,25,1125.0,630.39
2025-09-02,P005,R001,C001,82,3690.0,2174.32
2025-09-02,P005,R002,C008,38,1710.0,1014.2
2025-09-02,P005,R002,C006,15,675.0,402.63
2025-09-02,P005,R002,C002,43,1935.0,1196.36
2025-09-02,P005,R003,C003,51,2295.0,1339.62
2025-09-02,P005,R003,C009,54,2430.0,1393.36
2025-09-02,P005,R004,C004,34,1530.0,847.23
2025-09-02,P005,R004,C010,26,1170.0,724.15
2025-09-02,P006,R001,C011,49,5880.0,3864.41
2025-09-02,P006,R001,C007,24,2880.0,1942.87
2025-09-02,P006,R001,C001,58,6960.0,4356.99
2025-09-02,P006,R002,C008,25,3000.0,1854.84
2025-09-02,P006,R002,C006,16,1920.0,1252.21
2025-09-02,P006,R002,C002,38,4560.0,2841.29
2025-09-02,P006,R003,C003,26,3120.0,2040.4
2025-09-02,P006,R003,C009,44,5280.0,3242.34
2025-09-02,P006,R004,C004,16,1920.0,1153.41
2025-09-02,P006,R004,C010,14,1680.0,1013.65
2025-09-03,P001,R001,C011,28,10640.0,7513.73
2025-09-03,P001,R001,C007,18,6840.0,4379.63
2025-09-03,P001,R002,C012,25,9500.0,6311.68
2025-09-03,P001,R002,C008,10,3800.0,2521.1
2025-09-03,P001,R002,C006,6,2280.0,1534.41
2025-09-03,P001,R003,C003,8,3040.0,2120.37
2025-09-03,P001,R003,C009,16,6080.0,4029.02
2025-09-03,P001,R004,C004,8,3040.0,1975.91
2025-09-03,P001,R004,C010,6,2280.0,1525.84
2025-09-03,P002,R001,C001,226,19210.0,12608.41
2025-09-03,P002,R001,C007,92,7820.0,5101.43
2025-09-03,P002,R001,C005,48,4080.0,2407.62
2025-09-03,P002,R002,C012,63,5355.0,3381.4
2025-09-03,P002,R002,C006,25,2125.0,1233.03
2025-09-03,P002,R002,C002,96,8160.0,5362.46
2025-09-03,P002,R002,C008,45,3825.0,2413.62
2025-09-03,P002,R003,C003,70,5950.0,3917.12
2025-09-03,P002,R003,C009,77,6545.0,4253.13
2025-09-03,P002,R004,C010,32,2720.0,1671.31
2025-09-03,P002,R004,C004,32,2720.0,1723.34
2025-09-03,P003,R001,C001,17,10540.0,6959.78
2025-09-03,P003,R001,C005,8,4960.0,3496.44
2025-09-03,P003,R002,C012,5,3100.0,2197.84
2025-09-03,P003,R002,C008,3,1860.0,1354.98
2025-09-03,P003,R002,C002,5,3100.0,2062.4
2025-09-03,P003,R003,C009,9,5580.0,3758.16
2025-09-03,P003,R003,C003,5,3100.0,2075.75
2025-09-03,P003,R004,C004,3,1860.0,1295.76
2025-09-03,P003,R004,C010,3,1860.0,1370.74
2025-09-03,P004,R001,C005,29,6960.0,4474.23
2025-09-03,P004,R001,C007,42,10080.0,6684.28
2025-09-03,P004,R002,C008,10,2400.0,1474.36
2025-09-03,P004,R002,C006,9,2160.0,1347.79
2025-09-03,P004,R002,C002,24,5760.0,3929.18
2025-09-03,P004,R002,C012,19,4560.0,2930.16
2025-09-03,P004,R003,C009,18,4320.0,2801.8
2025-09-03,P004,R003,C003,13,3120.0,2129.24
2025-09-03,P004,R004,C010,10,2400.0,1623.35
2025-09-03,P004,R004,C004,14,3360.0,2255.38
2025-09-03,P005,R001,C001,148,6660.0,3752.49
2025-09-03,P005,R001,C007,97,4365.0,2615.89
2025-09-03,P005,R002,C008,65,2925.0,1604.61
2025-09-03,P005,R002,C012,77,3465.0,1947.04
2025-09-03,P005,R003,C003,42,1890.0,1023.7
2025-09-03,P005,R003,C009,88,3960.0,2278.79
2025-09-03,P005,R004,C010,22,990.0,552.93
2025-09-03,P005,R004,C004,24,1080.0,606.93
2025-09-03,P006,R001,C001,54,6480.0,4312.32
2025-09-03,P006,R001,C011,52,6240.0,4063.95
2025-09-03,P006,R001,C005,11,1320.0,836.91
2025-09-03,P006,R001,C007,26,3120.0,1920.47
2025-09-03,P006,R002,C006,23,2760.0,1875.56
2025-09-03,P006,R002,C008,40,4800.0,2896.12
2025-09-03,P006,R003,C003,23,2760.0,1844.82
2025-09-03,P006,R003,C009,42,5040.0,3283.8
2025-09-03,P006,R004,C004,24,2880.0,1844.49
2025-09-03,P006,R004,C010,17,2040.0,1325.88
2025-09-04,P001,R001,C007,10,3800.0,2714.99
2025-09-04,P001,R001,C001,14,5320.0,3723.6
2025-09-04,P001,R001,C011,16,6080.0,4213.59
2025-09-04,P001,R001,C005,7,2660.0,1862.58
2025-09-04,P001,R002,C012,18,6840.0,4783.84
2025-09-04,P001,R002,C008,8,3040.0,2061.4
2025-09-04,P001,R002,C002,19,7220.0,4906.75
2025-09-04,P001,R003,C009,18,6840.0,4878.38
2025-09-04,P001,R003,C003,8,3040.0,2022.24
2025-09-04,P001,R004,C004,9,3420.0,2199.49
2025-09-04,P001,R004,C010,6,2280.0,1577.44
2025-09-04,P002,R001,C001,94,7990.0,4957.09
2025-09-04,P002,R001,C007,39,3315.0,1952.44
2025-09-04,P002,R001,C005,28,2380.0,1381.56
2025-09-04,P002,R001,C011,130,11050.0,6421.87
2025-09-04,P002,R002,C012,125,10625.0,6592.95
2025-09-04,P002,R002,C002,141,11985.0,7120.92
2025-09-04,P002,R003,C009,80,6800.0,4366.41
2025-09-04,P002,R003,C003,41,3485.0,2090.4
2025-09-04,P002,R004,C004,60,5100.0,3160.59
2025-09-04,P002,R004,C010,42,3570.0,2136.74
2025-09-04,P003,R001,C011,26,16120.0,10912.38
2025-09-04,P003,R001,C007,9,5580.0,3690.91
2025-09-04,P003,R002,C006,3,1860.0,1342.78
2025-09-04,P003,R002,C002,11,6820.0,4749.21
2025-09-04,P003,R003,C003,3,1860.0,1274.29
2025-09-04,P003,R003,C009,7,4340.0,3006.91
2025-09-04,P003,R004,C010,2,1240.0,851.61
2025-09-04,P003,R004,C004,3,1860.0,1296.25
2025-09-04,P004,R001,C011,34,8160.0,5431.71
2025-09-04,P004,R001,C001,35,8400.0,5367.25
2025-09-04,P004,R002,C002,21,5040.0,3231.28
2025-09-04,P004,R002,C012,22,5280.0,3453.83
2025-09-04,P004,R002,C006,7,1680.0,1111.69
2025-09-04,P004,R002,C008,11,2640.0,1683.2
2025-09-04,P004,R003,C003,12,2880.0,1771.37
2025-09-04,P004,R003,C009,22,5280.0,3573.21
2025-09-04,P004,R004,C010,7,1680.0,1084.5
2025-09-04,P004,R004,C004,12,2880.0,1904.71
2025-09-04,P005,R001,C005,31,1395.0,811.85
2025-09-04,P005,R001,C011,69,3105.0,1894.22
2025-09-04,P005,R001,C007,47,2115.0,1179.51
2025-09-04,P005,R001,C001,62,2790.0,1621.35
2025-09-04,P005,R002,C008,43,1935.0,1058.98
2025-09-04,P005,R002,C002,99,4455.0,2701.45
2025-09-04,P005,R003,C009,55,2475.0,1423.18
2025-09-04,P005,R003,C003,50,2250.0,1235.44
2025-09-04,P005,R004,C004,20,900.0,500.62
2025-09-04,P005,R004,C010,24,1080.0,651.87
2025-09-04,P006,R001,C001,47,5640.0,3632.35
2025-09-04,P006,R001,C005,15,1800.0,1142.06
2025-09-04,P006,R001,C011,33,3960.0,2637.1
2025-09-04,P006,R001,C007,24,2880.0,1812.16
2025-09-04,P006,R002,C002,25,3000.0,2001.33
2025-09-04,P006,R002,C008,15,1800.0,1213.12
2025-09-04,P006,R002,C006,9,1080.0,705.52
2025-09-04,P006,R002,C012,37,4440.0,2909.4
2025-09-04,P006,R003,C003,21,2520.0,1546.96
2025-09-04,P006,R003,C009,27,3240.0,1976.69
2025-09-04,P006,R004,C004,16,1920.0,1192.63
2025-09-04,P006,R004,C010,14,1680.0,1104.11
2025-09-05,P001,R001,C001,23,8740.0,6191.05
2025-09-05,P001,R001,C011,18,6840.0,4797.77
2025-09-05,P001,R002,C002,14,5320.0,3483.83
2025-09-05,P001,R002,C012,23,8740.0,6144.94
2025-09-05,P001,R003,C009,13,4940.0,3264.76
2025-09-05,P001,R003,C003,8,3040.0,2145.03
2025-09-05,P001,R004,C010,5,1900.0,1296.65
2025-09-05,P001,R004,C004,8,3040.0,2175.27
2025-09-05,P002,R001,C007,77,6545.0,4151.8
2025-09-05,P002,R001,C011,136,11560.0,6881.66
2025-09-05,P002,R001,C001,146,12410.0,7463.33
2025-09-05,P002,R002,C002,116,9860.0,5872.04
2025-09-05,P002,R002,C008,69,5865.0,3533.16
2025-09-05,P002,R002,C006,52,4420.0,2686.51
2025-09-05,P002,R003,C003,73,6205.0,3809.83
2025-09-05,P002,R003,C009,77,6545.0,4262.02
2025-09-05,P002,R004,C004,60,5100.0,3364.77
2025-09-05,P002,R004,C010,29,2465.0,1461.47
2025-09-05,P003,R001,C001,13,8060.0,5528.64
2025-09-05,P003,R001,C005,3,1860.0,1234.34
2025-09-05,P003,R001,C011,10,6200.0,4197.47
2025-09-05,P003,R002,C012,7,4340.0,3038.58
2025-09-05,P003,R002,C006,3,1860.0,1269.02
2025-09-05,P003,R002,C002,7,4340.0,2943.13
2025-09-05,P003,R003,C003,5,3100.0,2242.19
2025-09-05,P003,R003,C009,5,3100.0,2189.13
2025-09-05,P003,R004,C010,3,1860.0,1237.79
2025-09-05,P003,R004,C004,3,1860.0,1239.71
2025-09-05,P004,R001,C011,49,11760.0,7667.12
2025-09-05,P004,R001,C005,17,4080.0,2671.01
2025-09-05,P004,R001,C007,15,3600.0,2238.08
2025-09-05,P004,R002,C006,9,2160.0,1400.95
2025-09-05,P004,R002,C002,29,6960.0,4765.97
2025-09-05,P004,R002,C012,22,5280.0,3248.08
2025-09-05,P004,R003,C003,12,2880.0,1969.69
2025-09-05,P004,R003,C009,30,7200.0,4851.33
2025-09-05,P004,R004,C010,5,1200.0,806.9
2025-09-05,P004,R004,C004,10,2400.0,1526.82
2025-09-05,P005,R001,C005,118,5310.0,2904.18
2025-09-05,P005,R001,C007,116,5220.0,2833.0
2025-09-05,P005,R002,C006,15,675.0,412.17
2025-09-05,P005,R002,C002,53,2385.0,1461.92
2025-09-05,P005,R002,C012,36,1620.0,906.73
2025-09-05,P005,R002,C008,27,1215.0,721.81
2025-09-05,P005,R003,C003,27,1215.0,734.75
2025-09-05,P005,R003,C009,62,2790.0,1562.25
2025-09-05,P005,R004,C010,16,720.0,422.05
2025-09-05,P005,R004,C004,27,1215.0,710.43
2025-09-05,P006,R001,C001,51,6120.0,3818.4
2025-09-05,P006,R001,C007,30,3600.0,2396.46
2025-09-05,P006,R001,C011,46,5520.0,3688.93
2025-09-05,P006,R001,C005,20,2400.0,1559.51
2025-09-05,P006,R002,C002,47,5640.0,3415.18
2025-09-05,P006,R002,C012,42,5040.0,3075.98
2025-09-05,P006,R003,C009,43,5160.0,3404.87
2025-09-05,P006,R003,C003,25,3000.0,1878.21
2025-09-05,P006,R004,C010,12,1440.0,954.65
2025-09-05,P006,R004,C004,11,1320.0,897.47
2025-09-06,P001,R001,C005,9,3420.0,2412.86
2025-09-06,P001,R001,C001,28,10640.0,7221.6
2025-09-06,P001,R002,C002,10,3800.0,2657.08
2025-09-06,P001,R002,C006,4,1520.0,1041.96
2025-09-06,P001,R002,C008,5,1900.0,1253.3
2025-09-06,P001,R003,C009,10,3800.0,2631.79
2025-09-06,P001,R003,C003,8,3040.0,2087.54
2025-09-06,P001,R004,C010,4,1520.0,1006.47
2025-09-06,P001,R004,C004,6,2280.0,1634.39
2025-09-06,P002,R001,C011,80,6800.0,4351.82
2025-09-06,P002,R001,C005,28,2380.0,1497.15
2025-09-06,P002,R001,C001,63,5355.0,3273.93
2025-09-06,P002,R001,C007,47,3995.0,2317.45
2025-09-06,P002,R002,C006,49,4165.0,2474.48
2025-09-06,P002,R002,C002,91,7735.0,4821.65
2025-09-06,P002,R003,C009,96,8160.0,5091.26
2025-09-06,P002,R003,C003,59,5015.0,3206.56
2025-09-06,P002,R004,C004,34,2890.0,1782.71
2025-09-06,P002,R004,C010,23,1955.0,1198.44
2025-09-06,P003,R001,C007,3,1860.0,1264.24
2025-09-06,P003,R001,C005,3,1860.0,1362.59
2025-09-06,P003,R001,C001,7,4340.0,3139.01
2025-09-06,P003,R002,C012,5,3100.0,2107.73
2025-09-06,P003,R002,C002,5,3100.0,2111.1
2025-09-06,P003,R003,C003,3,1860.0,1275.9
2025-09-06,P003,R003,C009,5,3100.0,2137.08
2025-09-06,P003,R004,C010,2,1240.0,907.3
2025-09-06,P003,R004,C004,3,1860.0,1306.89
2025-09-06,P004,R001,C001,33,7920.0,5104.16
2025-09-06,P004,R001,C011,20,4800.0,3085.02
2025-09-06,P004,R002,C006,11,2640.0,1805.74
2025-09-06,P004,R002,C012,21,5040.0,3310.68
2025-09-06,P004,R003,C003,9,2160.0,1402.05
2025-09-06,P004,R003,C009,13,3120.0,1954.61
2025-09-06,P004,R004,C004,8,1920.0,1198.52
2025-09-06,P004,R004,C010,4,960.0,641.64
2025-09-06,P005,R001,C007,52,2340.0,1443.72
2025-09-06,P005,R001,C011,99,4455.0,2738.96
2025-09-06,P005,R001,C005,26,1170.0,680.15
2025-09-06,P005,R002,C006,33,1485.0,816.41
2025-09-06,P005,R002,C002,74,3330.0,2047.24
2025-09-06,P005,R003,C003,24,1080.0,668.97
2025-09-06,P005,R003,C009,52,2340.0,1318.98
2025-09-06,P005,R004,C004,15,675.0,402.22
2025-09-06,P005,R004,C010,17,765.0,429.78
2025-09-06,P006,R001,C011,41,4920.0,3075.87
2025-09-06,P006,R001,C005,12,1440.0,882.08
2025-09-06,P006,R001,C007,29,3480.0,2217.19
2025-09-06,P006,R002,C012,16,1920.0,1198.26
2025-09-06,P006,R002,C002,26,3120.0,1932.08
2025-09-06,P006,R002,C008,12,1440.0,965.94
2025-09-06,P006,R002,C006,7,840.0,520.0
2025-09-06,P006,R003,C009,18,2160.0,1327.0
2025-09-06,P006,R003,C003,18,2160.0,1393.31
2025-09-06,P006,R004,C004,11,1320.0,829.45
2025-09-06,P006,R004,C010,11,1320.0,800.79
2025-09-07,P001,R001,C001,9,3420.0,2425.37
2025-09-07,P001,R001,C011,10,3800.0,2733.52
2025-09-07,P001,R001,C005,3,1140.0,812.2
2025-09-07,P001,R001,C007,5,1900.0,1270.07
2025-09-07,P001,R002,C002,12,4560.0,3191.16
2025-09-07,P001,R002,C008,4,1520.0,1042.15
2025-09-07,P001,R002,C006,4,1520.0,1087.63
2025-09-07,P001,R003,C003,6,2280.0,1551.21
2025-09-07,P001,R003,C009,6,2280.0,1507.67
2025-09-07,P001,R004,C010,4,1520.0,1073.88
2025-09-07,P001,R004,C004,6,2280.0,1580.76
2025-09-07,P002,R001,C011,157,13345.0,7767.21
2025-09-07,P002,R001,C007,85,7225.0,4752.63
2025-09-07,P002,R002,C002,40,3400.0,2122.98
2025-09-07,P002,R002,C006,15,1275.0,782.4
2025-09-07,P002,R002,C012,54,4590.0,3016.61
2025-09-07,P002,R002,C008,19,1615.0,1023.02
2025-09-07,P002,R003,C003,34,2890.0,1877.2
2025-09-07,P002,R003,C009,83,7055.0,4315.25
2025-09-07,P002,R004,C010,22,1870.0,1114.74
2025-09-07,P002,R004,C004,37,3145.0,1909.52
2025-09-07,P003,R001,C011,4,2480.0,1774.71
2025-09-07,P003,R001,C005,1,620.0,432.48
2025-09-07,P003,R001,C007,3,1860.0,1300.89
2025-09-07,P003,R001,C001,5,3100.0,2226.93
2025-09-07,P003,R002,C012,5,3100.0,2154.53
2025-09-07,P003,R002,C002,5,3100.0,2051.39
2025-09-07,P003,R003,C003,4,2480.0,1639.67
2025-09-07,P003,R003,C009,7,4340.0,2908.6
2025-09-07,P003,R004,C004,2,1240.0,863.2
2025-09-07,P003,R004,C010,2,1240.0,830.05
2025-09-07,P004,R001,C001,19,4560.0,2853.95
2025-09-07,P004,R001,C011,22,5280.0,3332.17
2025-09-07,P004,R001,C007,10,2400.0,1643.22
2025-09-07,P004,R002,C012,13,3120.0,2107.02
2025-09-07,P004,R002,C008,7,1680.0,1106.92
2025-09-07,P004,R002,C002,14,3360.0,2293.36
2025-09-07,P004,R002,C006,3,720.0,463.05
2025-09-07,P004,R003,C009,16,3840.0,2397.99
2025-09-07,P004,R003,C003,10,2400.0,1554.76
2025-09-07,P004,R004,C010,5,1200.0,755.55
2025-09-07,P004,R004,C004,8,1920.0,1184.76
2025-09-07,P005,R001,C007,32,1440.0,865.44
2025-09-07,P005,R001,C005,19,855.0,471.02
2025-09-07,P005,R001,C001,62,2790.0,1678.33
2025-09-07,P005,R001,C011,45,2025.0,1221.25
2025-09-07,P005,R002,C002,61,2745.0,1496.66
2025-09-07,P005,R002,C008,35,1575.0,957.02
2025-09-07,P005,R003,C009,31,1395.0,836.53
2025-09-07,P005,R003,C003,22,990.0,562.27
2025-09-07,P005,R004,C010,13,585.0,353.81
2025-09-07,P005,R004,C004,26,1170.0,718.15
2025-09-07,P006,R001,C001,25,3000.0,1977.24
2025-09-07,P006,R001,C007,11,1320.0,886.81
2025-09-07,P006,R001,C011,33,3960.0,2377.4
2025-09-07,P006,R001,C005,7,840.0,528.75
2025-09-07,P006,R002,C008,10,1200.0,758.18
2025-09-07,P006,R002,C006,5,600.0,361.68
2025-09-07,P006,R002,C002,14,1680.0,1014.3
2025-09-07,P006,R002,C012,22,2640.0,1728.92
2025-09-07,P006,R003,C003,21,2520.0,1695.93
2025-09-07,P006,R003,C009,23,2760.0,1711.96
2025-09-07,P006,R004,C004,11,1320.0,834.53
2025-09-07,P006,R004,C010,8,960.0,584.59
2025-09-08,P001,R001,C011,26,9880.0,6599.3
2025-09-08,P001,R001,C001,31,11780.0,7948.17
2025-09-08,P001,R002,C006,4,1520.0,1091.83
2025-09-08,P001,R002,C002,11,4180.0,2923.53
2025-09-08,P001,R002,C012,10,3800.0,2556.49
2025-09-08,P001,R003,C003,9,3420.0,2322.2
2025-09-08,P001,R003,C009,16,6080.0,3946.36
2025-09-08,P001,R004,C010,7,2660.0,1732.76
2025-09-08,P001,R004,C004,7,2660.0,1758.88
2025-09-08,P002,R001,C001,181,15385.0,9046.83
2025-09-08,P002,R001,C007,102,8670.0,5265.77
2025-09-08,P002,R002,C002,109,9265.0,5982.53
2025-09-08,P002,R002,C006,32,2720.0,1697.62
2025-09-08,P002,R002,C008,44,3740.0,2213.87
2025-09-08,P002,R003,C003,82,6970.0,4437.08
2025-09-08,P002,R003,C009,125,10625.0,6369.02
2025-09-08,P002,R004,C004,39,3315.0,2123.49
2025-09-08,P002,R004,C010,37,3145.0,1902.53
2025-09-08,P003,R001,C005,4,2480.0,1774.8
2025-09-08,P003,R001,C011,12,7440.0,5016.91
2025-09-08,P003,R001,C001,13,8060.0,5556.61
2025-09-08,P003,R002,C012,10,6200.0,4096.18
2025-09-08,P003,R002,C008,5,3100.0,2118.17
2025-09-08,P003,R003,C003,5,3100.0,2230.46
2025-09-08,P003,R003,C009,10,6200.0,4195.71
2025-09-08,P003,R004,C010,3,1860.0,1339.94
2025-09-08,P003,R004,C004,4,2480.0,1798.03
2025-09-08,P004,R001,C005,17,4080.0,2773.63
2025-09-08,P004,R001,C011,42,10080.0,6679.36
2025-09-08,P004,R002,C006,15,3600.0,2377.48
2025-09-08,P004,R002,C012,50,12000.0,8065.79
2025-09-08,P004,R003,C003,11,2640.0,1632.44
2025-09-08,P004,R003,C009,15,3600.0,2270.01
2025-09-08,P004,R004,C004,12,2880.0,1799.82
2025-09-08,P004,R004,C010,7,1680.0,1036.22
2025-09-08,P005,R001,C011,79,3555.0,2150.36
2025-09-08,P005,R001,C005,36,1620.0,971.93
2025-09-08,P005,R001,C001,115,5175.0,2904.58
2025-09-08,P005,R002,C008,65,2925.0,1652.98
2025-09-08,P005,R002,C012,80,3600.0,2068.59
2025-09-08,P005,R003,C003,42,1890.0,1058.33
2025-09-08,P005,R003,C009,52,2340.0,1348.87
2025-09-08,P005,R004,C010,21,945.0,534.8
2025-09-08,P005,R004,C004,22,990.0,578.73
2025-09-08,P006,R001,C007,54,6480.0,4313.02
2025-09-08,P006,R001,C005,34,4080.0,2543.48
2025-09-08,P006,R002,C008,19,2280.0,1396.24
2025-09-08,P006,R002,C012,37,4440.0,2722.69
2025-09-08,P006,R002,C002,29,3480.0,2190.62
2025-09-08,P006,R003,C003,31,3720.0,2287.53
2025-09-08,P006,R003,C009,33,3960.0,2664.39
2025-09-08,P006,R004,C004,12,1440.0,948.75
2025-09-08,P006,R004,C010,12,1440.0,921.6
2025-09-09,P001,R001,C011,15,5700.0,3707.94
2025-09-09,P001,R001,C001,23,8740.0,6022.56
2025-09-09,P001,R001,C005,5,1900.0,1360.33
2025-09-09,P001,R001,C007,10,3800.0,2453.85
2025-09-09,P001,R002,C006,4,1520.0,1006.94
2025-09-09,P001,R002,C002,14,5320.0,3476.16
2025-09-09,P001,R002,C012,18,6840.0,4493.24
2025-09-09,P001,R003,C003,13,4940.0,3261.03
2025-09-09,P001,R003,C009,15,5700.0,3978.62
2025-09-09,P001,R004,C004,8,3040.0,1970.14
2025-09-09,P001,R004,C010,6,2280.0,1541.64
2025-09-09,P002,R001,C001,181,15385.0,9449.13
2025-09-09,P002,R001,C011,230,19550.0,11912.6
2025-09-09,P002,R002,C012,78,6630.0,3877.96
2025-09-09,P002,R002,C006,21,1785.0,1174.86
2025-09-09,P002,R002,C002,101,8585.0,5084.84
2025-09-09,P002,R002,C008,56,4760.0,2969.61
2025-09-09,P002,R003,C003,57,4845.0,3149.83
2025-09-09,P002,R003,C009,94,7990.0,5138.58
2025-09-09,P002,R004,C010,32,2720.0,1792.85
2025-09-09,P002,R004,C004,35,2975.0,1871.28
2025-09-09,P003,R001,C007,10,6200.0,4092.66
2025-09-09,P003,R001,C001,23,14260.0,9962.67
2025-09-09,P003,R002,C002,5,3100.0,2225.17
2025-09-09,P003,R002,C008,3,1860.0,1324.84
2025-09-09,P003,R002,C012,6,3720.0,2623.41
2025-09-09,P003,R002,C006,3,1860.0,1329.96
2025-09-09,P003,R003,C009,5,3100.0,2090.19
2025-09-09,P003,R003,C003,5,3100.0,2163.65
2025-09-09,P003,R004,C004,3,1860.0,1280.28
2025-09-09,P003,R004,C010,2,1240.0,909.63
2025-09-09,P004,R001,C011,24,5760.0,3928.87
2025-09-09,P004,R001,C001,26,6240.0,4132.8
2025-09-09,P004,R001,C007,17,4080.0,2533.45
2025-09-09,P004,R001,C005,13,3120.0,1908.55
2025-09-09,P004,R002,C006,9,2160.0,1323.09
2025-09-09,P004,R002,C008,12,2880.0,1964.21
2025-09-09,P004,R002,C002,17,4080.0,2806.44
2025-09-09,P004,R002,C012,17,4080.0,2747.32
2025-09-09,P004,R003,C009,17,4080.0,2677.71
2025-09-09,P004,R003,C003,10,2400.0,1499.05
2025-09-09,P004,R004,C004,7,1680.0,1055.81
2025-09-09,P004,R004,C010,8,1920.0,1266.3
2025-09-09,P005,R001,C005,23,1035.0,617.57
2025-09-09,P005,R001,C011,70,3150.0,1757.8
2025-09-09,P005,R001,C001,74,3330.0,1951.28
2025-09-09,P005,R002,C008,32,1440.0,822.85
2025-09-09,P005,R002,C002,89,4005.0,2450.44
2025-09-09,P005,R003,C003,32,1440.0,806.6
2025-09-09,P005,R003,C009,67,3015.0,1834.98
2025-09-09,P005,R004,C010,16,720.0,442.41
2025-09-09,P005,R004,C004,19,855.0,520.85
2025-09-09,P006,R001,C005,46,5520.0,3752.14
2025-09-09,P006,R001,C001,140,16800.0,10392.2
2025-09-09,P006,R002,C008,17,2040.0,1323.4
2025-09-09,P006,R002,C002,36,4320.0,2783.56
2025-09-09,P006,R002,C006,14,1680.0,1097.43
2025-09-09,P006,R002,C012,34,4080.0,2645.8
2025-09-09,P006,R003,C003,25,3000.0,1973.65
2025-09-09,P006,R003,C009,30,3600.0,2395.43
2025-09-09,P006,R004,C004,20,2400.0,1544.48
2025-09-09,P006,R004,C010,19,2280.0,1379.94
2025-09-10,P001,R001,C005,13,4940.0,3169.04
2025-09-10,P001,R001,C001,36,13680.0,9206.37
2025-09-10,P001,R001,C007,12,4560.0,3145.64
2025-09-10,P001,R002,C006,4,1520.0,1083.19
2025-09-10,P001,R002,C012,10,3800.0,2448.55
2025-09-10,P001,R002,C002,10,3800.0,2623.66
2025-09-10,P001,R002,C008,6,2280.0,1549.92
2025-09-10,P001,R003,C009,14,5320.0,3792.99
2025-09-10,P001,R003,C003,10,3800.0,2460.79
2025-09-10,P001,R004,C004,6,2280.0,1555.36
2025-09-10,P001,R004,C010,4,1520.0,1006.4
2025-09-10,P002,R001,C001,174,14790.0,9000.68
2025-09-10,P002,R001,C011,245,20825.0,12998.81
2025-09-10,P002,R002,C002,131,11135.0,7106.04
2025-09-10,P002,R002,C012,109,9265.0,5812.6
2025-09-10,P002,R003,C003,60,5100.0,3305.72
2025-09-10,P002,R003,C009,107,9095.0,5721.07
2025-09-10,P002,R004,C010,30,2550.0,1608.79
2025-09-10,P002,R004,C004,45,3825.0,2407.65
2025-09-10,P003,R001,C005,3,1860.0,1321.86
2025-09-10,P003,R001,C011,8,4960.0,3520.59
2025-09-10,P003,R001,C007,4,2480.0,1801.59
2025-09-10,P003,R001,C001,9,5580.0,3924.43
2025-09-10,P003,R002,C006,2,1240.0,862.8
2025-09-10,P003,R002,C002,8,4960.0,3583.04
2025-09-10,P003,R002,C008,3,1860.0,1334.25
2025-09-10,P003,R002,C012,6,3720.0,2594.83
2025-09-10,P003,R003,C003,6,3720.0,2505.2
2025-09-10,P003,R003,C009,9,5580.0,3763.5
2025-09-10,P003,R004,C004,3,1860.0,1264.67
2025-09-10,P003,R004,C010,2,1240.0,860.27
2025-09-10,P004,R001,C001,33,7920.0,5310.35
2025-09-10,P004,R001,C007,15,3600.0,2383.05
2025-09-10,P004,R001,C011,36,8640.0,5922.95
2025-09-10,P004,R002,C006,6,1440.0,941.41
2025-09-10,P004,R002,C008,10,2400.0,1511.76
2025-09-10,P004,R002,C012,18,4320.0,2804.65
2025-09-10,P004,R002,C002,19,4560.0,2931.87
2025-09-10,P004,R003,C003,15,3600.0,2327.92
2025-09-10,P004,R003,C009,27,6480.0,4309.57
2025-09-10,P004,R004,C004,9,2160.0,1320.26
2025-09-10,P004,R004,C010,8,1920.0,1321.18
2025-09-10,P005,R001,C005,102,4590.0,2669.22
2025-09-10,P005,R001,C007,137,6165.0,3522.23
2025-09-10,P005,R002,C006,79,3555.0,2160.77
2025-09-10,P005,R002,C008,119,5355.0,3003.73
2025-09-10,P005,R003,C009,65,2925.0,1730.39
2025-09-10,P005,R003,C003,43,1935.0,1144.61
2025-09-10,P005,R004,C004,25,1125.0,612.09
2025-09-10,P005,R004,C010,18,810.0,490.59
2025-09-10,P006,R001,C007,46,5520.0,3532.62
2025-09-10,P006,R001,C001,60,7200.0,4575.46
2025-09-10,P006,R002,C008,29,3480.0,2176.49
2025-09-10,P006,R002,C002,49,5880.0,3755.96
2025-09-10,P006,R002,C006,19,2280.0,1526.51
2025-09-10,P006,R003,C009,46,5520.0,3751.7
2025-09-10,P006,R003,C003,18,2160.0,1424.23
2025-09-10,P006,R004,C004,24,2880.0,1924.44
2025-09-10,P006,R004,C010,13,1560.0,1049.15
2025-09-11,P001,R001,C011,33,12540.0,8216.82
2025-09-11,P001,R001,C007,12,4560.0,2971.32
2025-09-11,P001,R001,C005,12,4560.0,3251.72
2025-09-11,P001,R002,C002,16,6080.0,3993.98
2025-09-11,P001,R002,C012,12,4560.0,3221.19
2025-09-11,P001,R002,C008,9,3420.0,2310.05
2025-09-11,P001,R002,C006,4,1520.0,1075.79
2025-09-11,P001,R003,C003,9,3420.0,2247.44
2025-09-11,P001,R003,C009,17,6460.0,4166.7
2025-09-11,P001,R004,C010,4,1520.0,974.69
2025-09-11,P001,R004,C004,6,2280.0,1636.73
2025-09-11,P002,R001,C007,113,9605.0,6105.23
2025-09-11,P002,R001,C011,253,21505.0,13458.21
2025-09-11,P002,R002,C006,24,2040.0,1224.9
2025-09-11,P002,R002,C012,85,7225.0,4619.44
2025-09-11,P002,R002,C002,74,6290.0,3745.84
2025-09-11,P002,R002,C008,53,4505.0,2854.58
2025-09-11,P002,R003,C003,78,6630.0,3961.58
2025-09-11,P002,R003,C009,102,8670.0,5492.01
2025-09-11,P002,R004,C004,56,4760.0,2797.18
2025-09-11,P002,R004,C010,35,2975.0,1879.07
2025-09-11,P003,R001,C011,17,10540.0,7446.91
2025-09-11,P003,R001,C005,9,5580.0,3925.9
2025-09-11,P003,R002,C002,9,5580.0,4110.97
2025-09-11,P003,R002,C006,3,1860.0,1318.39
2025-09-11,P003,R002,C008,4,2480.0,1732.33
2025-09-11,P003,R003,C009,7,4340.0,2876.69
2025-09-11,P003,R003,C003,5,3100.0,2158.4
2025-09-11,P003,R004,C004,2,1240.0,873.82
2025-09-11,P003,R004,C010,3,1860.0,1250.62
2025-09-11,P004,R001,C011,30,7200.0,4893.44
2025-09-11,P004,R001,C001,36,8640.0,5817.97
2025-09-11,P004,R001,C005,11,2640.0,1820.74
2025-09-11,P004,R001,C007,14,3360.0,2308.04
2025-09-11,P004,R002,C012,21,5040.0,3325.51
2025-09-11,P004,R002,C008,12,2880.0,1866.69
2025-09-11,P004,R002,C002,25,6000.0,3902.19
2025-09-11,P004,R002,C006,7,1680.0,1148.04
2025-09-11,P004,R003,C009,23,5520.0,3592.62
2025-09-11,P004,R003,C003,12,2880.0,1915.17
2025-09-11,P004,R004,C004,12,2880.0,1764.9
2025-09-11,P004,R004,C010,9,2160.0,1478.02
2025-09-11,P005,R001,C007,165,7425.0,4321.22
2025-09-11,P005,R001,C005,89,4005.0,2304.8
2025-09-11,P005,R002,C008,54,2430.0,1479.53
2025-09-11,P005,R002,C012,84,3780.0,2309.25
2025-09-11,P005,R003,C009,41,1845.0,1064.14
2025-09-11,P005,R003,C003,25,1125.0,667.77
2025-09-11,P005,R004,C004,37,1665.0,1021.61
2025-09-11,P005,R004,C010,29,1305.0,796.98
2025-09-11,P006,R001,C007,23,2760.0,1809.24
2025-09-11,P006,R001,C001,40,4800.0,3213.74
2025-09-11,P006,R001,C011,57,6840.0,4475.5
2025-09-11,P006,R001,C005,19,2280.0,1421.39
2025-09-11,P006,R002,C006,8,960.0,589.29
2025-09-11,P006,R002,C002,24,2880.0,1831.86
2025-09-11,P006,R002,C008,15,1800.0,1206.34
2025-09-11,P006,R002,C012,19,2280.0,1546.21
2025-09-11,P006,R003,C003,26,3120.0,1890.12
2025-09-11,P006,R003,C009,28,3360.0,2023.77
2025-09-11,P006,R004,C010,16,1920.0,1203.61
2025-09-11,P006,R004,C004,12,1440.0,909.08
2025-09-12,P001,R001,C001,12,4560.0,3197.73
2025-09-12,P001,R001,C005,6,2280.0,1562.35
2025-09-12,P001,R001,C007,8,3040.0,2093.95
2025-09-12,P001,R001,C011,12,4560.0,3210.9
2025-09-12,P001,R002,C008,6,2280.0,1519.92
2025-09-12,P001,R002,C002,14,5320.0,3699.09
2025-09-12,P001,R002,C012,12,4560.0,3154.64
2025-09-12,P001,R003,C003,12,4560.0,3011.22
2025-09-12,P001,R003,C009,13,4940.0,3368.42
2025-09-12,P001,R004,C010,4,1520.0,1031.65
2025-09-12,P001,R004,C004,6,2280.0,1629.65
2025-09-12,P002,R001,C001,232,19720.0,12433.95
2025-09-12,P002,R001,C007,105,8925.0,5762.39
2025-09-12,P002,R002,C012,82,6970.0,4402.75
2025-09-12,P002,R002,C002,71,6035.0,3718.19
2025-09-12,P002,R002,C008,43,3655.0,2207.75
2025-09-12,P002,R002,C006,21,1785.0,1137.31
2025-09-12,P002,R003,C009,137,11645.0,6874.01
2025-09-12,P002,R003,C003,72,6120.0,3652.02
2025-09-12,P002,R004,C004,41,3485.0,2243.51
2025-09-12,P002,R004,C010,36,3060.0,1979.0
2025-09-12,P003,R001,C007,13,8060.0,5509.99
2025-09-12,P003,R001,C005,12,7440.0,4978.16
2025-09-12,P003,R002,C012,5,3100.0,2114.34
2025-09-12,P003,R002,C002,8,4960.0,3551.15
2025-09-12,P003,R003,C009,6,3720.0,2708.21
2025-09-12,P003,R003,C003,3,1860.0,1323.3
2025-09-12,P003,R004,C004,3,1860.0,1251.22
2025-09-12,P003,R004,C010,3,1860.0,1237.39
2025-09-12,P004,R001,C011,70,16800.0,11114.86
2025-09-12,P004,R001,C005,28,6720.0,4221.64
2025-09-12,P004,R002,C012,13,3120.0,1953.95
2025-09-12,P004,R002,C006,6,1440.0,917.78
2025-09-12,P004,R002,C008,9,2160.0,1403.09
2025-09-12,P004,R002,C002,18,4320.0,2946.15
2025-09-12,P004,R003,C009,21,5040.0,3375.96
2025-09-12,P004,R003,C003,13,3120.0,2068.87
2025-09-12,P004,R004,C010,7,1680.0,1085.86
2025-09-12,P004,R004,C004,14,3360.0,2125.32
2025-09-12,P005,R001,C007,28,1260.0,767.89
2025-09-12,P005,R001,C011,75,3375.0,1885.52
2025-09-12,P005,R001,C001,48,2160.0,1293.56
2025-09-12,P005,R001,C005,19,855.0,488.32
2025-09-12,P005,R002,C006,19,855.0,499.37
2025-09-12,P005,R002,C012,54,2430.0,1487.47
2025-09-12,P005,R002,C008,26,1170.0,673.57
2025-09-12,P005,R002,C002,61,2745.0,1489.8
2025-09-12,P005,R003,C009,52,2340.0,1445.41
2025-09-12,P005,R003,C003,49,2205.0,1335.06
2025-09-12,P005,R004,C010,17,765.0,460.29
2025-09-12,P005,R004,C004,29,1305.0,805.83
2025-09-12,P006,R001,C011,50,6000.0,3979.54
2025-09-12,P006,R001,C001,51,6120.0,3979.64
2025-09-12,P006,R001,C007,31,3720.0,2400.33
2025-09-12,P006,R001,C005,20,2400.0,1514.68
2025-09-12,P006,R002,C002,41,4920.0,3018.82
2025-09-12,P006,R002,C012,49,5880.0,3924.86
2025-09-12,P006,R003,C003,27,3240.0,1986.61
2025-09-12,P006,R003,C009,30,3600.0,2262.49
2025-09-12,P006,R004,C010,14,1680.0,1053.44
2025-09-12,P006,R004,C004,11,1320.0,879.92
2025-09-13,P001,R001,C007,6,2280.0,1489.04
2025-09-13,P001,R001,C001,15,5700.0,3880.39
2025-09-13,P001,R001,C011,11,4180.0,2911.44
2025-09-13,P001,R001,C005,4,1520.0,1083.02
2025-09-13,P001,R002,C008,12,4560.0,3262.53
2025-09-13,P001,R002,C006,6,2280.0,1499.36
2025-09-13,P001,R003,C003,7,2660.0,1736.96
2025-09-13,P001,R003,C009,9,3420.0,2264.42
2025-09-13,P001,R004,C004,4,1520.0,1047.61
2025-09-13,P001,R004,C010,4,1520.0,1084.12
2025-09-13,P002,R001,C007,102,8670.0,5719.06
2025-09-13,P002,R001,C005,67,5695.0,3522.62
2025-09-13,P002,R002,C002,106,9010.0,5809.55
2025-09-13,P002,R002,C012,67,5695.0,3498.27
2025-09-13,P002,R003,C003,34,2890.0,1700.72
2025-09-13,P002,R003,C009,65,5525.0,3477.26
2025-09-13,P002,R004,C010,23,1955.0,1246.36
2025-09-13,P002,R004,C004,33,2805.0,1689.6
2025-09-13,P003,R001,C005,3,1860.0,1286.13
2025-09-13,P003,R001,C001,9,5580.0,3815.0
2025-09-13,P003,R002,C012,3,1860.0,1253.88
2025-09-13,P003,R002,C002,4,2480.0,1784.92
2025-09-13,P003,R002,C008,2,1240.0,876.65
2025-09-13,P003,R003,C003,3,1860.0,1323.95
2025-09-13,P003,R003,C009,6,3720.0,2585.66
2025-09-13,P003,R004,C004,2,1240.0,866.49
2025-09-13,P003,R004,C010,2,1240.0,914.22
2025-09-13,P004,R001,C005,9,2160.0,1421.08
2025-09-13,P004,R001,C011,24,5760.0,3922.71
2025-09-13,P004,R001,C007,13,3120.0,1930.28
2025-09-13,P004,R002,C006,5,1200.0,778.92
2025-09-13,P004,R002,C012,16,3840.0,2534.09
2025-09-13,P004,R002,C008,11,2640.0,1738.7
2025-09-13,P004,R003,C009,16,3840.0,2371.07
2025-09-13,P004,R003,C003,8,1920.0,1292.16
2025-09-13,P004,R004,C004,6,1440.0,950.56
2025-09-13,P004,R004,C010,7,1680.0,1137.53
2025-09-13,P005,R001,C011,65,2925.0,1738.86
2025-09-13,P005,R001,C005,18,810.0,486.88
2025-09-13,P005,R001,C007,31,1395.0,800.32
2025-09-13,P005,R001,C001,43,1935.0,1087.0
2025-09-13,P005,R002,C008,13,585.0,346.4
2025-09-13,P005,R002,C002,30,1350.0,732.47
2025-09-13,P005,R002,C006,10,450.0,277.91
2025-09-13,P005,R002,C012,23,1035.0,600.36
2025-09-13,P005,R003,C003,21,945.0,562.63
2025-09-13,P005,R003,C009,40,1800.0,1025.76
2025-09-13,P005,R004,C004,18,810.0,494.41
2025-09-13,P005,R004,C010,17,765.0,453.12
2025-09-13,P006,R001,C001,25,3000.0,1877.5
2025-09-13,P006,R001,C007,20,2400.0,1594.24
2025-09-13,P006,R001,C011,27,3240.0,2069.49
2025-09-13,P006,R002,C012,20,2400.0,1444.64
2025-09-13,P006,R002,C008,11,1320.0,851.26
2025-09-13,P006,R002,C002,28,3360.0,2036.91
2025-09-13,P006,R003,C009,28,3360.0,2183.28
2025-09-13,P006,R003,C003,19,2280.0,1405.15
2025-09-13,P006,R004,C010,6,720.0,445.88
2025-09-13,P006,R004,C004,8,960.0,627.47
2025-09-14,P001,R001,C005,12,4560.0,3271.59
2025-09-14,P001,R001,C007,21,7980.0,5328.52
2025-09-14,P001,R002,C006,3,1140.0,795.0
2025-09-14,P001,R002,C012,7,2660.0,1895.8
2025-09-14,P001,R002,C002,5,1900.0,1231.05
2025-09-14,P001,R002,C008,3,1140.0,745.16
2025-09-14,P001,R003,C009,6,2280.0,1464.45
2025-09-14,P001,R003,C003,6,2280.0,1587.32
2025-09-14,P001,R004,C010,3,1140.0,745.13
2025-09-14,P001,R004,C004,4,1520.0,978.43
2025-09-14,P002,R001,C005,71,6035.0,3940.22
2025-09-14,P002,R001,C001,148,12580.0,7395.46
2025-09-14,P002,R002,C006,22,1870.0,1100.72
2025-09-14,P002,R002,C012,44,3740.0,2183.92
2025-09-14,P002,R002,C002,57,4845.0,2850.46
2025-09-14,P002,R003,C009,67,5695.0,3433.05
2025-09-14,P002,R003,C003,50,4250.0,2536.96
2025-09-14,P002,R004,C004,30,2550.0,1503.36
2025-09-14,P002,R004,C010,16,1360.0,790.44
2025-09-14,P003,R001,C001,7,4340.0,3173.01
2025-09-14,P003,R001,C011,7,4340.0,2954.07
2025-09-14,P003,R001,C005,2,1240.0,894.34
2025-09-14,P003,R001,C007,3,1860.0,1360.45
2025-09-14,P003,R002,C002,6,3720.0,2661.45
2025-09-14,P003,R002,C008,3,1860.0,1236.43
2025-09-14,P003,R002,C006,2,1240.0,916.51
2025-09-14,P003,R003,C003,4,2480.0,1669.34
2025-09-14,P003,R003,C009,4,2480.0,1704.62
2025-09-14,P003,R004,C004,1,620.0,449.61
2025-09-14,P003,R004,C010,2,1240.0,872.99
2025-09-14,P004,R001,C001,21,5040.0,3254.89
2025-09-14,P004,R001,C011,24,5760.0,3860.69
2025-09-14,P004,R001,C007,15,3600.0,2366.17
2025-09-14,P004,R002,C008,20,4800.0,3287.92
2025-09-14,P004,R002,C006,9,2160.0,1438.87
2025-09-14,P004,R003,C009,13,3120.0,2146.45
2025-09-14,P004,R003,C003,13,3120.0,1955.69
2025-09-14,P004,R004,C004,6,1440.0,912.41
2025-09-14,P004,R004,C010,3,720.0,493.65
2025-09-14,P005,R001,C005,27,1215.0,751.8
2025-09-14,P005,R001,C011,107,4815.0,2687.87
2025-09-14,P005,R001,C007,45,2025.0,1105.5
2025-09-14,P005,R002,C012,46,2070.0,1168.9
2025-09-14,P005,R002,C002,48,2160.0,1320.58
2025-09-14,P005,R002,C008,21,945.0,549.92
2025-09-14,P005,R003,C003,26,1170.0,686.84
2025-09-14,P005,R003,C009,30,1350.0,770.86
2025-09-14,P005,R004,C010,11,495.0,300.61
2025-09-14,P005,R004,C004,22,990.0,599.15
2025-09-14,P006,R001,C007,18,2160.0,1317.31
2025-09-14,P006,R001,C005,14,1680.0,1014.26
2025-09-14,P006,R001,C011,38,4560.0,2845.34
2025-09-14,P006,R002,C012,14,1680.0,1097.79
2025-09-14,P006,R002,C002,13,1560.0,980.7
2025-09-14,P006,R002,C008,10,1200.0,791.26
2025-09-14,P006,R003,C009,24,2880.0,1759.98
2025-09-14,P006,R003,C003,21,2520.0,1702.93
2025-09-14,P006,R004,C004,9,1080.0,672.74
2025-09-14,P006,R004,C010,11,1320.0,827.67
2025-09-15,P001,R001,C007,12,4560.0,2922.39
2025-09-15,P001,R001,C005,7,2660.0,1891.41
2025-09-15,P001,R001,C001,25,9500.0,6297.02
2025-09-15,P001,R002,C002,23,8740.0,6220.53
2025-09-15,P001,R002,C006,11,4180.0,2994.83
2025-09-15,P001,R003,C003,9,3420.0,2342.16
2025-09-15,P001,R003,C009,18,6840.0,4911.63
2025-09-15,P001,R004,C004,10,3800.0,2524.64
2025-09-15,P001,R004,C010,6,2280.0,1555.0
2025-09-15,P002,R001,C011,236,20060.0,13121.19
2025-09-15,P002,R001,C007,83,7055.0,4388.85
2025-09-15,P002,R001,C005,70,5950.0,3722.62
2025-09-15,P002,R002,C002,133,11305.0,6823.12
2025-09-15,P002,R002,C008,67,5695.0,3347.34
2025-09-15,P002,R003,C003,47,3995.0,2511.69
2025-09-15,P002,R003,C009,101,8585.0,5032.4
2025-09-15,P002,R004,C004,59,5015.0,3106.11
2025-09-15,P002,R004,C010,28,2380.0,1567.46
2025-09-15,P003,R001,C011,15,9300.0,6324.34
2025-09-15,P003,R001,C007,8,4960.0,3554.79
2025-09-15,P003,R002,C012,7,4340.0,3107.64
2025-09-15,P003,R002,C006,3,1860.0,1278.19
2025-09-15,P003,R002,C008,6,3720.0,2604.7
2025-09-15,P003,R003,C003,3,1860.0,1339.93
2025-09-15,P003,R003,C009,7,4340.0,3139.48
2025-09-15,P003,R004,C004,4,2480.0,1685.12
2025-09-15,P003,R004,C010,2,1240.0,880.84
2025-09-15,P004,R001,C005,15,3600.0,2458.84
2025-09-15,P004,R001,C001,42,10080.0,6428.57
2025-09-15,P004,R001,C011,32,7680.0,4994.82
2025-09-15,P004,R002,C008,6,1440.0,954.92
2025-09-15,P004,R002,C006,5,1200.0,811.0
2025-09-15,P004,R002,C002,12,2880.0,1906.95
2025-09-15,P004,R002,C012,18,4320.0,2962.66
2025-09-15,P004,R003,C003,11,2640.0,1662.29
2025-09-15,P004,R003,C009,18,4320.0,2721.11
2025-09-15,P004,R004,C004,8,1920.0,1199.32
2025-09-15,P004,R004,C010,6,1440.0,917.93
2025-09-15,P005,R001,C005,25,1125.0,665.03
2025-09-15,P005,R001,C001,50,2250.0,1258.01
2025-09-15,P005,R001,C007,41,1845.0,1102.77
2025-09-15,P005,R001,C011,89,4005.0,2291.57
2025-09-15,P005,R002,C006,30,1350.0,737.77
2025-09-15,P005,R002,C012,108,4860.0,2716.65
2025-09-15,P005,R003,C003,41,1845.0,1037.97
2025-09-15,P005,R003,C009,62,2790.0,1554.72
2025-09-15,P005,R004,C004,25,1125.0,679.63
2025-09-15,P005,R004,C010,34,1530.0,901.57
2025-09-15,P006,R001,C001,124,14880.0,9411.43
2025-09-15,P006,R001,C005,41,4920.0,3317.73
2025-09-15,P006,R002,C006,16,1920.0,1222.59
2025-09-15,P006,R002,C002,51,6120.0,3989.55
2025-09-15,P006,R002,C008,27,3240.0,2127.53
2025-09-15,P006,R003,C003,35,4200.0,2811.65
2025-09-15,P006,R003,C009,34,4080.0,2735.49
2025-09-15,P006,R004,C010,12,1440.0,956.84
2025-09-15,P006,R004,C004,17,2040.0,1304.51
2025-09-16,P001,R001,C005,5,1900.0,1217.29
2025-09-16,P001,R001,C007,11,4180.0,2960.36
2025-09-16,P001,R001,C011,18,6840.0,4576.41
2025-09-16,P001,R001,C001,21,7980.0,5629.26
2025-09-16,P001,R002,C012,17,6460.0,4515.67
2025-09-16,P001,R002,C006,8,3040.0,2117.65
2025-09-16,P001,R003,C009,12,4560.0,3086.95
2025-09-16,P001,R003,C003,8,3040.0,1970.63
2025-09-16,P001,R004,C010,5,1900.0,1358.41
2025-09-16,P001,R004,C004,8,3040.0,1994.7
2025-09-16,P002,R001,C001,158,13430.0,8702.36
2025-09-16,P002,R001,C011,112,9520.0,6185.18
2025-09-16,P002,R001,C005,51,4335.0,2748.46
2025-09-16,P002,R002,C006,36,3060.0,1966.28
2025-09-16,P002,R002,C012,154,13090.0,8215.01
2025-09-16,P002,R002,C008,49,4165.0,2493.25
2025-09-16,P002,R003,C009,139,11815.0,7164.11
2025-09-16,P002,R003,C003,59,5015.0,3296.15
2025-09-16,P002,R004,C010,47,3995.0,2538.71
2025-09-16,P002,R004,C004,43,3655.0,2281.33
2025-09-16,P003,R001,C005,4,2480.0,1639.17
2025-09-16,P003,R001,C001,10,6200.0,4198.97
2025-09-16,P003,R001,C011,13,8060.0,5420.1
2025-09-16,P003,R002,C008,2,1240.0,838.47
2025-09-16,P003,R002,C012,6,3720.0,2632.32
2025-09-16,P003,R002,C002,6,3720.0,2632.12
2025-09-16,P003,R002,C006,2,1240.0,820.51
2025-09-16,P003,R003,C009,8,4960.0,3562.13
2025-09-16,P003,R003,C003,5,3100.0,2060.43
2025-09-16,P003,R004,C010,2,1240.0,850.67
2025-09-16,P003,R004,C004,3,1860.0,1268.63
2025-09-16,P004,R001,C011,35,8400.0,5479.17
2025-09-16,P004,R001,C001,41,9840.0,6739.2
2025-09-16,P004,R002,C008,14,3360.0,2138.41
2025-09-16,P004,R002,C006,8,1920.0,1288.74
2025-09-16,P004,R002,C002,23,5520.0,3395.58
2025-09-16,P004,R003,C009,29,6960.0,4462.35
2025-09-16,P004,R003,C003,18,4320.0,2652.49
2025-09-16,P004,R004,C010,6,1440.0,922.09
2025-09-16,P004,R004,C004,8,1920.0,1237.17
2025-09-16,P005,R001,C011,91,4095.0,2242.61
2025-09-16,P005,R001,C001,78,3510.0,2174.74
2025-09-16,P005,R001,C007,33,1485.0,807.51
2025-09-16,P005,R002,C006,51,2295.0,1302.08
2025-09-16,P005,R002,C008,75,3375.0,2022.4
2025-09-16,P005,R003,C003,50,2250.0,1386.09
2025-09-16,P005,R003,C009,80,3600.0,2138.58
2025-09-16,P005,R004,C004,28,1260.0,728.02
2025-09-16,P005,R004,C010,30,1350.0,836.82
2025-09-16,P006,R001,C011,32,3840.0,2365.68
2025-09-16,P006,R001,C007,21,2520.0,1557.97
2025-09-16,P006,R001,C005,16,1920.0,1168.2
2025-09-16,P006,R001,C001,33,3960.0,2684.75
2025-09-16,P006,R002,C006,24,2880.0,1747.91
2025-09-16,P006,R002,C002,57,6840.0,4452.88
2025-09-16,P006,R003,C003,22,2640.0,1718.47
2025-09-16,P006,R003,C009,35,4200.0,2548.73
2025-09-16,P006,R004,C004,15,1800.0,1187.23
2025-09-16,P006,R004,C010,10,1200.0,747.81
2025-09-17,P001,R001,C001,24,9120.0,5980.19
2025-09-17,P001,R001,C005,8,3040.0,1961.35
2025-09-17,P001,R001,C007,14,5320.0,3710.2
2025-09-17,P001,R002,C012,17,6460.0,4322.4
2025-09-17,P001,R002,C008,8,3040.0,2069.09
2025-09-17,P001,R002,C006,6,2280.0,1638.91
2025-09-17,P001,R003,C009,13,4940.0,3291.6
2025-09-17,P001,R003,C003,12,4560.0,3254.93
2025-09-17,P001,R004,C004,6,2280.0,1640.7
2025-09-17,P001,R004,C010,5,1900.0,1276.91
2025-09-17,P002,R001,C001,92,7820.0,4795.83
2025-09-17,P002,R001,C011,136,11560.0,7505.33
2025-09-17,P002,R001,C005,44,3740.0,2255.91
2025-09-17,P002,R002,C008,31,2635.0,1730.14
2025-09-17,P002,R002,C012,62,5270.0,3442.5
2025-09-17,P002,R002,C002,69,5865.0,3458.58
2025-09-17,P002,R002,C006,30,2550.0,1596.01
2025-09-17,P002,R003,C003,76,6460.0,3957.94
2025-09-17,P002,R003,C009,86,7310.0,4364.63
2025-09-17,P002,R004,C010,31,2635.0,1607.11
2025-09-17,P002,R004,C004,42,3570.0,2153.33
2025-09-17,P003,R001,C001,28,17360.0,11967.63
2025-09-17,P003,R001,C005,6,3720.0,2748.53
2025-09-17,P003,R002,C008,6,3720.0,2664.63
2025-09-17,P003,R002,C006,3,1860.0,1247.7
2025-09-17,P003,R002,C002,9,5580.0,3873.85
2025-09-17,P003,R003,C003,5,3100.0,2212.14
2025-09-17,P003,R003,C009,5,3100.0,2273.02
2025-09-17,P003,R004,C004,4,2480.0,1667.41
2025-09-17,P003,R004,C010,3,1860.0,1302.44
2025-09-17,P004,R001,C011,35,8400.0,5756.43
2025-09-17,P004,R001,C001,22,5280.0,3488.96
2025-09-17,P004,R001,C005,11,2640.0,1814.9
2025-09-17,P004,R002,C012,45,10800.0,7173.26
2025-09-17,P004,R002,C008,19,4560.0,3041.04
2025-09-17,P004,R003,C003,19,4560.0,3011.9
2025-09-17,P004,R003,C009,25,6000.0,3850.34
2025-09-17,P004,R004,C004,8,1920.0,1299.93
2025-09-17,P004,R004,C010,7,1680.0,1099.12
2025-09-17,P005,R001,C005,51,2295.0,1415.0
2025-09-17,P005,R001,C007,66,2970.0,1840.06
2025-09-17,P005,R001,C001,151,6795.0,3821.04
2025-09-17,P005,R002,C012,38,1710.0,989.09
2025-09-17,P005,R002,C008,33,1485.0,820.87
2025-09-17,P005,R002,C002,55,2475.0,1438.0
2025-09-17,P005,R002,C006,21,945.0,548.68
2025-09-17,P005,R003,C003,53,2385.0,1400.73
2025-09-17,P005,R003,C009,67,3015.0,1759.63
2025-09-17,P005,R004,C004,33,1485.0,904.76
2025-09-17,P005,R004,C010,22,990.0,589.27
2025-09-17,P006,R001,C001,54,6480.0,4021.14
2025-09-17,P006,R001,C005,21,2520.0,1663.87
2025-09-17,P006,R001,C011,66,7920.0,5296.17
2025-09-17,P006,R001,C007,35,4200.0,2693.7
2025-09-17,P006,R002,C012,36,4320.0,2706.17
2025-09-17,P006,R002,C008,21,2520.0,1625.29
2025-09-17,P006,R002,C002,45,5400.0,3481.18
2025-09-17,P006,R003,C009,28,3360.0,2112.47
2025-09-17,P006,R003,C003,33,3960.0,2612.09
2025-09-17,P006,R004,C010,17,2040.0,1361.32
2025-09-17,P006,R004,C004,16,1920.0,1238.3
2025-09-18,P001,R001,C011,25,9500.0,6384.92
2025-09-18,P001,R001,C007,15,5700.0,3968.47
2025-09-18,P001,R001,C005,10,3800.0,2448.62
2025-09-18,P001,R002,C012,24,9120.0,6019.37
2025-09-18,P001,R002,C008,12,4560.0,3163.12
2025-09-18,P001,R003,C009,13,4940.0,3383.51
2025-09-18,P001,R003,C003,6,2280.0,1533.27
2025-09-18,P001,R004,C010,6,2280.0,1633.27
2025-09-18,P001,R004,C004,10,3800.0,2471.41
2025-09-18,P002,R001,C011,129,10965.0,6734.7
2025-09-18,P002,R001,C001,183,15555.0,9237.94
2025-09-18,P002,R002,C012,61,5185.0,3164.88
2025-09-18,P002,R002,C006,36,3060.0,1851.24
2025-09-18,P002,R002,C008,57,4845.0,2955.85
2025-09-18,P002,R002,C002,99,8415.0,5400.07
2025-09-18,P002,R003,C009,88,7480.0,4559.82
2025-09-18,P002,R003,C003,81,6885.0,4535.49
2025-09-18,P002,R004,C004,30,2550.0,1572.47
2025-09-18,P002,R004,C010,31,2635.0,1732.63
2025-09-18,P003,R001,C005,3,1860.0,1282.68
2025-09-18,P003,R001,C007,4,2480.0,1744.29
2025-09-18,P003,R001,C001,7,4340.0,3087.81
2025-09-18,P003,R001,C011,7,4340.0,2912.45
2025-09-18,P003,R002,C006,3,1860.0,1340.51
2025-09-18,P003,R002,C012,15,9300.0,6862.71
2025-09-18,P003,R003,C003,5,3100.0,2095.99
2025-09-18,P003,R003,C009,6,3720.0,2509.72
2025-09-18,P003,R004,C010,2,1240.0,830.65
2025-09-18,P003,R004,C004,3,1860.0,1328.98
2025-09-18,P004,R001,C007,14,3360.0,2288.11
2025-09-18,P004,R001,C005,10,2400.0,1603.85
2025-09-18,P004,R001,C011,39,9360.0,5898.21
2025-09-18,P004,R002,C012,23,5520.0,3606.91
2025-09-18,P004,R002,C006,11,2640.0,1762.15
2025-09-18,P004,R003,C009,22,5280.0,3461.99
2025-09-18,P004,R003,C003,20,4800.0,3136.49
2025-09-18,P004,R004,C010,8,1920.0,1243.01
2025-09-18,P004,R004,C004,12,2880.0,1784.57
2025-09-18,P005,R001,C005,51,2295.0,1245.07
2025-09-18,P005,R001,C007,55,2475.0,1496.98
2025-09-18,P005,R001,C011,104,4680.0,2541.07
2025-09-18,P005,R002,C008,66,2970.0,1733.39
2025-09-18,P005,R002,C006,55,2475.0,1534.07
2025-09-18,P005,R003,C003,48,2160.0,1238.5
2025-09-18,P005,R003,C009,61,2745.0,1682.14
2025-09-18,P005,R004,C004,16,720.0,406.97
2025-09-18,P005,R004,C010,15,675.0,390.45
2025-09-18,P006,R001,C005,13,1560.0,1012.27
2025-09-18,P006,R001,C001,38,4560.0,2860.44
2025-09-18,P006,R001,C011,41,4920.0,3159.22
2025-09-18,P006,R001,C007,19,2280.0,1397.96
2025-09-18,P006,R002,C012,31,3720.0,2330.85
2025-09-18,P006,R002,C008,24,2880.0,1836.29
2025-09-18,P006,R002,C002,28,3360.0,2191.21
2025-09-18,P006,R003,C003,18,2160.0,1412.52
2025-09-18,P006,R003,C009,35,4200.0,2607.2
2025-09-18,P006,R004,C004,17,2040.0,1318.67
2025-09-18,P006,R004,C010,16,1920.0,1270.87
2025-09-19,P001,R001,C007,9,3420.0,2194.13
2025-09-19,P001,R001,C011,15,5700.0,4078.45
2025-09-19,P001,R001,C001,16,6080.0,4031.22
2025-09-19,P001,R002,C012,36,13680.0,9720.51
2025-09-19,P001,R002,C006,8,3040.0,1946.88
2025-09-19,P001,R003,C003,9,3420.0,2278.34
2025-09-19,P001,R003,C009,12,4560.0,3022.93
2025-09-19,P001,R004,C010,7,2660.0,1899.85
2025-09-19,P001,R004,C004,8,3040.0,1953.39
2025-09-19,P002,R001,C001,136,11560.0,6916.58
2025-09-19,P002,R001,C007,51,4335.0,2519.86
2025-09-19,P002,R001,C011,119,10115.0,6429.21
2025-09-19,P002,R001,C005,31,2635.0,1696.54
2025-09-19,P002,R002,C012,99,8415.0,5094.51
2025-09-19,P002,R002,C008,45,3825.0,2470.07
2025-09-19,P002,R002,C002,92,7820.0,4901.81
2025-09-19,P002,R002,C006,34,2890.0,1751.17
2025-09-19,P002,R003,C009,117,9945.0,6154.25
2025-09-19,P002,R003,C003,66,5610.0,3370.87
2025-09-19,P002,R004,C010,22,1870.0,1167.15
2025-09-19,P002,R004,C004,34,2890.0,1710.16
2025-09-19,P003,R001,C007,4,2480.0,1763.59
2025-09-19,P003,R001,C005,4,2480.0,1771.72
2025-09-19,P003,R001,C011,9,5580.0,4000.93
2025-09-19,P003,R001,C001,9,5580.0,3980.27
2025-09-19,P003,R002,C008,6,3720.0,2707.7
2025-09-19,P003,R002,C012,10,6200.0,4323.08
2025-09-19,P003,R003,C009,7,4340.0,2873.99
2025-09-19,P003,R003,C003,6,3720.0,2618.59
2025-09-19,P003,R004,C010,4,2480.0,1825.4
2025-09-19,P003,R004,C004,4,2480.0,1813.34
2025-09-19,P004,R001,C005,25,6000.0,3693.5
2025-09-19,P004,R001,C011,67,16080.0,11002.64
2025-09-19,P004,R002,C006,14,3360.0,2309.91
2025-09-19,P004,R002,C002,40,9600.0,6291.12
2025-09-19,P004,R003,C009,25,6000.0,3708.87
2025-09-19,P004,R003,C003,12,2880.0,1872.6
2025-09-19,P004,R004,C004,9,2160.0,1343.29
2025-09-19,P004,R004,C010,6,1440.0,955.3
2025-09-19,P005,R001,C005,19,855.0,493.51
2025-09-19,P005,R001,C007,34,1530.0,901.93
2025-09-19,P005,R001,C011,55,2475.0,1422.14
2025-09-19,P005,R001,C001,71,3195.0,1761.52
2025-09-19,P005,R002,C006,48,2160.0,1222.61
2025-09-19,P005,R002,C008,67,3015.0,1765.91
2025-09-19,P005,R003,C003,29,1305.0,766.85
2025-09-19,P005,R003,C009,49,2205.0,1275.85
2025-09-19,P005,R004,C010,27,1215.0,739.31
2025-09-19,P005,R004,C004,30,1350.0,808.48
2025-09-19,P006,R001,C005,17,2040.0,1363.59
2025-09-19,P006,R001,C001,61,7320.0,4876.29
2025-09-19,P006,R001,C011,41,4920.0,3285.1
2025-09-19,P006,R002,C012,38,4560.0,2759.81
2025-09-19,P006,R002,C008,22,2640.0,1650.26
2025-09-19,P006,R002,C002,38,4560.0,2743.15
2025-09-19,P006,R003,C003,14,1680.0,1125.76
2025-09-19,P006,R003,C009,34,4080.0,2458.87
2025-09-19,P006,R004,C010,13,1560.0,1050.88
2025-09-19,P006,R004,C004,15,1800.0,1141.1
2025-09-20,P001,R001,C007,24,9120.0,5864.64
2025-09-20,P001,R001,C005,16,6080.0,4084.99
2025-09-20,P001,R002,C006,2,760.0,537.75
2025-09-20,P001,R002,C008,4,1520.0,1064.29
2025-09-20,P001,R002,C002,10,3800.0,2623.45
2025-09-20,P001,R002,C012,5,1900.0,1270.34
2025-09-20,P001,R003,C009,10,3800.0,2625.76
2025-09-20,P001,R003,C003,6,2280.0,1582.64
2025-09-20,P001,R004,C004,5,1900.0,1267.77
2025-09-20,P001,R004,C010,3,1140.0,811.69
2025-09-20,P002,R001,C005,65,5525.0,3349.32
2025-09-20,P002,R001,C011,134,11390.0,6783.14
2025-09-20,P002,R002,C008,37,3145.0,1978.63
2025-09-20,P002,R002,C006,23,1955.0,1235.37
2025-09-20,P002,R002,C002,74,6290.0,4078.66
2025-09-20,P002,R003,C009,54,4590.0,2976.07
2025-09-20,P002,R003,C003,44,3740.0,2399.72
2025-09-20,P002,R004,C010,27,2295.0,1464.3
2025-09-20,P002,R004,C004,31,2635.0,1551.71
2025-09-20,P003,R001,C001,7,4340.0,3208.67
2025-09-20,P003,R001,C011,8,4960.0,3412.37
2025-09-20,P003,R002,C012,5,3100.0,2166.15
2025-09-20,P003,R002,C006,1,620.0,430.08
2025-09-20,P003,R002,C008,2,1240.0,845.8
2025-09-20,P003,R003,C003,3,1860.0,1346.75
2025-09-20,P003,R003,C009,4,2480.0,1819.96
2025-09-20,P003,R004,C004,2,1240.0,908.23
2025-09-20,P003,R004,C010,2,1240.0,833.01
2025-09-20,P004,R001,C001,17,4080.0,2502.56
2025-09-20,P004,R001,C011,23,5520.0,3679.29
2025-09-20,P004,R002,C012,20,4800.0,3163.03
2025-09-20,P004,R002,C006,7,1680.0,1128.1
2025-09-20,P004,R002,C002,20,4800.0,2985.02
2025-09-20,P004,R003,C009,12,2880.0,1913.65
2025-09-20,P004,R003,C003,11,2640.0,1795.56
2025-09-20,P004,R004,C004,7,1680.0,1038.21
2025-09-20,P004,R004,C010,5,1200.0,818.59
2025-09-20,P005,R001,C011,54,2430.0,1358.8
2025-09-20,P005,R001,C001,55,2475.0,1437.4
2025-09-20,P005,R001,C005,25,1125.0,684.2
2025-09-20,P005,R002,C012,68,3060.0,1784.15
2025-09-20,P005,R002,C006,16,720.0,410.85
2025-09-20,P005,R003,C009,40,1800.0,1081.69
2025-09-20,P005,R003,C003,26,1170.0,658.36
2025-09-20,P005,R004,C004,17,765.0,428.67
2025-09-20,P005,R004,C010,11,495.0,304.17
2025-09-20,P006,R001,C001,28,3360.0,2025.28
2025-09-20,P006,R001,C011,43,5160.0,3403.34
2025-09-20,P006,R002,C008,10,1200.0,733.6
2025-09-20,P006,R002,C002,19,2280.0,1381.88
2025-09-20,P006,R002,C012,24,2880.0,1943.92
2025-09-20,P006,R003,C009,14,1680.0,1124.51
2025-09-20,P006,R003,C003,11,1320.0,895.79
2025-09-20,P006,R004,C004,12,1440.0,871.12
2025-09-20,P006,R004,C010,6,720.0,470.82
2025-09-21,P001,R001,C005,5,1900.0,1355.41
2025-09-21,P001,R001,C011,14,5320.0,3494.23
2025-09-21,P001,R001,C001,12,4560.0,2973.81
2025-09-21,P001,R002,C012,8,3040.0,1975.76
2025-09-21,P001,R002,C008,5,1900.0,1359.66
2025-09-21,P001,R002,C002,7,2660.0,1913.91
2025-09-21,P001,R003,C009,8,3040.0,1960.54
2025-09-21,P001,R003,C003,6,2280.0,1521.06
2025-09-21,P001,R004,C010,4,1520.0,1044.85
2025-09-21,P001,R004,C004,4,1520.0,991.19
2025-09-21,P002,R001,C005,79,6715.0,4220.62
2025-09-21,P002,R001,C001,197,16745.0,10106.86
2025-09-21,P002,R002,C002,113,9605.0,6313.38
2025-09-21,P002,R002,C006,40,3400.0,2236.44
2025-09-21,P002,R003,C003,48,4080.0,2404.27
2025-09-21,P002,R003,C009,52,4420.0,2790.09
2025-09-21,P002,R004,C010,27,2295.0,1457.5
2025-09-21,P002,R004,C004,22,1870.0,1107.39
2025-09-21,P003,R001,C011,6,3720.0,2610.64
2025-09-21,P003,R001,C001,5,3100.0,2292.41
2025-09-21,P003,R001,C007,2,1240.0,892.06
2025-09-21,P003,R001,C005,2,1240.0,822.62
2025-09-21,P003,R002,C008,3,1860.0,1316.14
2025-09-21,P003,R002,C002,6,3720.0,2711.51
2025-09-21,P003,R002,C006,2,1240.0,830.37
2025-09-21,P003,R003,C003,3,1860.0,1267.76
2025-09-21,P003,R003,C009,6,3720.0,2528.78
2025-09-21,P003,R004,C010,2,1240.0,844.12
2025-09-21,P003,R004,C004,2,1240.0,850.03
2025-09-21,P004,R001,C005,8,1920.0,1187.68
2025-09-21,P004,R001,C011,26,6240.0,4026.18
2025-09-21,P004,R001,C007,19,4560.0,2837.58
2025-09-21,P004,R002,C012,11,2640.0,1778.04
2025-09-21,P004,R002,C006,5,1200.0,754.64
2025-09-21,P004,R002,C002,17,4080.0,2502.46
2025-09-21,P004,R003,C003,10,2400.0,1558.72
2025-09-21,P004,R003,C009,15,3600.0,2437.39
2025-09-21,P004,R004,C004,7,1680.0,1091.51
2025-09-21,P004,R004,C010,4,960.0,643.95
2025-09-21,P005,R001,C001,91,4095.0,2252.49
2025-09-21,P005,R001,C005,33,1485.0,861.82
2025-09-21,P005,R002,C006,46,2070.0,1147.12
2025-09-21,P005,R002,C008,47,2115.0,1235.27
2025-09-21,P005,R003,C003,23,1035.0,599.08
2025-09-21,P005,R003,C009,41,1845.0,1116.09
2025-09-21,P005,R004,C004,18,810.0,442.19
2025-09-21,P005,R004,C010,21,945.0,539.57
2025-09-21,P006,R001,C001,50,6000.0,3682.95
2025-09-21,P006,R001,C011,38,4560.0,3050.02
2025-09-21,P006,R002,C008,7,840.0,541.25
2025-09-21,P006,R002,C012,20,2400.0,1556.41
2025-09-21,P006,R002,C006,5,600.0,386.56
2025-09-21,P006,R002,C002,12,1440.0,970.85
2025-09-21,P006,R003,C009,18,2160.0,1312.0
2025-09-21,P006,R003,C003,14,1680.0,1010.47
2025-09-21,P006,R004,C010,7,840.0,556.48
2025-09-21,P006,R004,C004,7,840.0,566.58
2025-09-22,P001,R001,C007,10,3800.0,2536.11
2025-09-22,P001,R001,C001,14,5320.0,3718.94
2025-09-22,P001,R001,C011,16,6080.0,4013.66
2025-09-22,P001,R001,C005,6,2280.0,1499.0
2025-09-22,P001,R002,C008,27,10260.0,7048.26
2025-09-22,P001,R002,C006,17,6460.0,4556.56
2025-09-22,P001,R003,C009,19,7220.0,4745.07
2025-09-22,P001,R003,C003,12,4560.0,3012.92
2025-09-22,P001,R004,C004,7,2660.0,1772.34
2025-09-22,P001,R004,C010,5,1900.0,1336.65
2025-09-22,P002,R001,C005,199,16915.0,10160.14
2025-09-22,P002,R001,C007,264,22440.0,13892.12
2025-09-22,P002,R002,C002,85,7225.0,4617.35
2025-09-22,P002,R002,C006,33,2805.0,1704.9
2025-09-22,P002,R002,C012,61,5185.0,3312.18
2025-09-22,P002,R002,C008,40,3400.0,2053.57
2025-09-22,P002,R003,C003,75,6375.0,3995.73
2025-09-22,P002,R003,C009,89,7565.0,4820.22
2025-09-22,P002,R004,C004,32,2720.0,1747.51
2025-09-22,P002,R004,C010,34,2890.0,1775.84
2025-09-22,P003,R001,C011,14,8680.0,6235.18
2025-09-22,P003,R001,C007,5,3100.0,2054.47
2025-09-22,P003,R001,C005,5,3100.0,2244.94
2025-09-22,P003,R002,C012,6,3720.0,2621.51
2025-09-22,P003,R002,C008,4,2480.0,1745.6
2025-09-22,P003,R002,C002,9,5580.0,3741.21
2025-09-22,P003,R003,C003,6,3720.0,2689.11
2025-09-22,P003,R003,C009,9,5580.0,4116.38
2025-09-22,P003,R004,C010,3,1860.0,1371.71
2025-09-22,P003,R004,C004,4,2480.0,1644.18
2025-09-22,P004,R001,C005,21,5040.0,3121.4
2025-09-22,P004,R001,C007,51,12240.0,8399.86
2025-09-22,P004,R002,C002,31,7440.0,4681.58
2025-09-22,P004,R002,C006,7,1680.0,1059.79
2025-09-22,P004,R002,C008,11,2640.0,1813.77
2025-09-22,P004,R003,C009,25,6000.0,3896.29
2025-09-22,P004,R003,C003,9,2160.0,1407.9
2025-09-22,P004,R004,C010,6,1440.0,903.54
2025-09-22,P004,R004,C004,10,2400.0,1553.48
2025-09-22,P005,R001,C007,36,1620.0,888.52
2025-09-22,P005,R001,C005,31,1395.0,854.68
2025-09-22,P005,R001,C001,82,3690.0,2285.88
2025-09-22,P005,R001,C011,84,3780.0,2128.79
2025-09-22,P005,R002,C012,97,4365.0,2412.95
2025-09-22,P005,R002,C008,55,2475.0,1485.43
2025-09-22,P005,R003,C003,36,1620.0,911.56
2025-09-22,P005,R003,C009,82,3690.0,1998.74
2025-09-22,P005,R004,C010,19,855.0,497.36
2025-09-22,P005,R004,C004,21,945.0,529.51
2025-09-22,P006,R001,C001,66,7920.0,5259.96
2025-09-22,P006,R001,C007,33,3960.0,2566.55
2025-09-22,P006,R001,C005,20,2400.0,1558.85
2025-09-22,P006,R001,C011,50,6000.0,3776.59
2025-09-22,P006,R002,C012,39,4680.0,2992.91
2025-09-22,P006,R002,C002,52,6240.0,3843.79
2025-09-22,P006,R003,C003,27,3240.0,1992.45
2025-09-22,P006,R003,C009,41,4920.0,3068.3
2025-09-22,P006,R004,C010,15,1800.0,1195.4
2025-09-22,P006,R004,C004,15,1800.0,1099.18
2025-09-23,P001,R001,C001,16,6080.0,4270.54
2025-09-23,P001,R001,C007,9,3420.0,2303.11
2025-09-23,P001,R001,C005,4,1520.0,998.69
2025-09-23,P001,R001,C011,17,6460.0,4606.66
2025-09-23,P001,R002,C002,23,8740.0,5636.74
2025-09-23,P001,R002,C006,8,3040.0,2107.98
2025-09-23,P001,R003,C003,9,3420.0,2445.87
2025-09-23,P001,R003,C009,11,4180.0,2807.61
2025-09-23,P001,R004,C004,5,1900.0,1312.12
2025-09-23,P001,R004,C010,6,2280.0,1615.31
2025-09-23,P002,R001,C001,219,18615.0,11985.14
2025-09-23,P002,R001,C011,213,18105.0,11849.55
2025-09-23,P002,R002,C002,79,6715.0,3945.18
2025-09-23,P002,R002,C006,32,2720.0,1770.96
2025-09-23,P002,R002,C012,103,8755.0,5359.23
2025-09-23,P002,R002,C008,32,2720.0,1702.27
2025-09-23,P002,R003,C003,57,4845.0,3072.67
2025-09-23,P002,R003,C009,122,10370.0,6292.61
2025-09-23,P002,R004,C004,56,4760.0,2808.9
2025-09-23,P002,R004,C010,45,3825.0,2339.15
2025-09-23,P003,R001,C005,6,3720.0,2623.68
2025-09-23,P003,R001,C007,5,3100.0,2203.62
2025-09-23,P003,R001,C001,14,8680.0,6283.86
2025-09-23,P003,R002,C008,8,4960.0,3326.14
2025-09-23,P003,R002,C006,4,2480.0,1822.25
2025-09-23,P003,R003,C009,6,3720.0,2699.08
2025-09-23,P003,R003,C003,5,3100.0,2209.33
2025-09-23,P003,R004,C004,4,2480.0,1809.11
2025-09-23,P003,R004,C010,3,1860.0,1293.06
2025-09-23,P004,R001,C011,27,6480.0,4442.14
2025-09-23,P004,R001,C005,9,2160.0,1476.42
2025-09-23,P004,R001,C001,27,6480.0,4147.28
2025-09-23,P004,R002,C002,17,4080.0,2701.63
2025-09-23,P004,R002,C006,5,1200.0,821.9
2025-09-23,P004,R002,C012,20,4800.0,3011.02
2025-09-23,P004,R003,C009,32,7680.0,5127.9
2025-09-23,P004,R003,C003,13,3120.0,2089.88
2025-09-23,P004,R004,C010,9,2160.0,1396.42
2025-09-23,P004,R004,C004,14,3360.0,2069.78
2025-09-23,P005,R001,C005,58,2610.0,1463.94
2025-09-23,P005,R001,C011,111,4995.0,2816.32
2025-09-23,P005,R001,C007,65,2925.0,1625.09
2025-09-23,P005,R002,C012,65,2925.0,1717.59
2025-09-23,P005,R002,C008,38,1710.0,965.07
2025-09-23,P005,R002,C006,27,1215.0,728.07
2025-09-23,P005,R003,C003,51,2295.0,1375.38
2025-09-23,P005,R003,C009,49,2205.0,1323.4
2025-09-23,P005,R004,C004,34,1530.0,922.7
2025-09-23,P005,R004,C010,30,1350.0,805.46
2025-09-23,P006,R001,C011,61,7320.0,4428.26
2025-09-23,P006,R001,C007,23,2760.0,1722.76
2025-09-23,P006,R001,C001,35,4200.0,2743.47
2025-09-23,P006,R002,C008,28,3360.0,2187.32
2025-09-23,P006,R002,C006,15,1800.0,1111.51
2025-09-23,P006,R002,C002,43,5160.0,3320.68
2025-09-23,P006,R003,C009,37,4440.0,2914.27
2025-09-23,P006,R003,C003,15,1800.0,1152.88
2025-09-23,P006,R004,C004,24,2880.0,1810.79
2025-09-23,P006,R004,C010,16,1920.0,1176.4
2025-09-24,P001,R001,C005,9,3420.0,2375.91
2025-09-24,P001,R001,C011,24,9120.0,5973.83
2025-09-24,P001,R001,C001,28,10640.0,7203.9
2025-09-24,P001,R002,C008,13,4940.0,3246.01
2025-09-24,P001,R002,C012,17,6460.0,4134.99
2025-09-24,P001,R003,C009,13,4940.0,3447.27
2025-09-24,P001,R003,C003,7,2660.0,1817.79
2025-09-24,P001,R004,C004,10,3800.0,2715.56
2025-09-24,P001,R004,C010,5,1900.0,1267.37
2025-09-24,P002,R001,C001,94,7990.0,5238.95
2025-09-24,P002,R001,C007,65,5525.0,3587.05
2025-09-24,P002,R001,C011,82,6970.0,4315.3
2025-09-24,P002,R001,C005,42,3570.0,2213.13
2025-09-24,P002,R002,C012,83,7055.0,4266.14
2025-09-24,P002,R002,C008,40,3400.0,2148.89
2025-09-24,P002,R002,C006,31,2635.0,1622.83
2025-09-24,P002,R002,C002,92,7820.0,5059.31
2025-09-24,P002,R003,C003,89,7565.0,4976.05
2025-09-24,P002,R003,C009,118,10030.0,5821.3
2025-09-24,P002,R004,C004,50,4250.0,2548.59
2025-09-24,P002,R004,C010,24,2040.0,1218.43
2025-09-24,P003,R001,C011,6,3720.0,2580.7
2025-09-24,P003,R001,C007,4,2480.0,1677.39
2025-09-24,P003,R001,C005,3,1860.0,1241.54
2025-09-24,P003,R001,C001,9,5580.0,3725.28
2025-09-24,P003,R002,C006,3,1860.0,1364.82
2025-09-24,P003,R002,C002,5,3100.0,2167.18
2025-09-24,P003,R002,C012,8,4960.0,3539.55
2025-09-24,P003,R002,C008,3,1860.0,1371.53
2025-09-24,P003,R003,C009,9,5580.0,3769.82
2025-09-24,P003,R003,C003,4,2480.0,1645.89
2025-09-24,P003,R004,C004,3,1860.0,1328.4
2025-09-24,P003,R004,C010,2,1240.0,865.03
2025-09-24,P004,R001,C001,26,6240.0,4166.48
2025-09-24,P004,R001,C005,10,2400.0,1468.97
2025-09-24,P004,R001,C007,13,3120.0,2119.92
2025-09-24,P004,R001,C011,27,6480.0,3975.06
2025-09-24,P004,R002,C002,22,5280.0,3634.91
2025-09-24,P004,R002,C012,17,4080.0,2654.46
2025-09-24,P004,R002,C008,13,3120.0,2038.66
2025-09-24,P004,R003,C009,27,6480.0,4230.88
2025-09-24,P004,R003,C003,17,4080.0,2641.66
2025-09-24,P004,R004,C004,12,2880.0,1897.3
2025-09-24,P004,R004,C010,8,1920.0,1209.42
2025-09-24,P005,R001,C007,109,4905.0,2704.14
2025-09-24,P005,R001,C005,122,5490.0,3353.16
2025-09-24,P005,R002,C008,97,4365.0,2522.6
2025-09-24,P005,R002,C006,66,2970.0,1686.05
2025-09-24,P005,R003,C003,35,1575.0,865.43
2025-09-24,P005,R003,C009,46,2070.0,1162.69
2025-09-24,P005,R004,C004,34,1530.0,843.96
2025-09-24,P005,R004,C010,18,810.0,445.98
2025-09-24,P006,R001,C011,88,10560.0,7014.5
2025-09-24,P006,R001,C005,24,2880.0,1867.32
2025-09-24,P006,R002,C008,12,1440.0,915.4
2025-09-24,P006,R002,C002,30,3600.0,2368.05
2025-09-24,P006,R002,C012,38,4560.0,3048.13
2025-09-24,P006,R002,C006,13,1560.0,995.82
2025-09-24,P006,R003,C003,29,3480.0,2110.54
2025-09-24,P006,R003,C009,34,4080.0,2745.03
2025-09-24,P006,R004,C010,13,1560.0,1023.77
2025-09-24,P006,R004,C004,18,2160.0,1363.92
2025-09-25,P001,R001,C011,20,7600.0,5263.52
2025-09-25,P001,R001,C005,7,2660.0,1861.55
2025-09-25,P001,R001,C001,27,10260.0,7107.42
2025-09-25,P001,R002,C006,8,3040.0,2059.84
2025-09-25,P001,R002,C002,22,8360.0,5820.05
2025-09-25,P001,R003,C003,9,3420.0,2434.42
2025-09-25,P001,R003,C009,16,6080.0,4086.98
2025-09-25,P001,R004,C004,9,3420.0,2382.31
2025-09-25,P001,R004,C010,6,2280.0,1563.8
2025-09-25,P002,R001,C011,172,14620.0,9351.85
2025-09-25,P002,R001,C007,82,6970.0,4531.38
2025-09-25,P002,R002,C002,52,4420.0,2567.27
2025-09-25,P002,R002,C008,29,2465.0,1480.0
2025-09-25,P002,R002,C006,30,2550.0,1659.16
2025-09-25,P002,R002,C012,66,5610.0,3514.93
2025-09-25,P002,R003,C009,100,8500.0,5561.2
2025-09-25,P002,R003,C003,49,4165.0,2460.98
2025-09-25,P002,R004,C010,24,2040.0,1219.71
2025-09-25,P002,R004,C004,29,2465.0,1476.88
2025-09-25,P003,R001,C007,5,3100.0,2197.5
2025-09-25,P003,R001,C005,3,1860.0,1244.27
2025-09-25,P003,R001,C001,12,7440.0,5438.39
2025-09-25,P003,R001,C011,9,5580.0,3901.96
2025-09-25,P003,R002,C008,3,1860.0,1254.42
2025-09-25,P003,R002,C002,7,4340.0,3068.49
2025-09-25,P003,R002,C012,9,5580.0,3743.38
2025-09-25,P003,R003,C003,4,2480.0,1663.32
2025-09-25,P003,R003,C009,5,3100.0,2049.58
2025-09-25,P003,R004,C004,3,1860.0,1270.39
2025-09-25,P003,R004,C010,3,1860.0,1338.51
2025-09-25,P004,R001,C011,25,6000.0,3841.03
2025-09-25,P004,R001,C001,19,4560.0,3090.68
2025-09-25,P004,R001,C007,17,4080.0,2773.3
2025-09-25,P004,R002,C012,41,9840.0,6314.45
2025-09-25,P004,R002,C006,10,2400.0,1622.4
2025-09-25,P004,R003,C009,28,6720.0,4146.05
2025-09-25,P004,R003,C003,11,2640.0,1799.01
2025-09-25,P004,R004,C010,8,1920.0,1208.1
2025-09-25,P004,R004,C004,9,2160.0,1326.64
2025-09-25,P005,R001,C005,87,3915.0,2128.62
2025-09-25,P005,R001,C007,102,4590.0,2542.43
2025-09-25,P005,R002,C012,82,3690.0,2263.82
2025-09-25,P005,R002,C008,56,2520.0,1557.52
2025-09-25,P005,R003,C009,59,2655.0,1631.2
2025-09-25,P005,R003,C003,44,1980.0,1209.13
2025-09-25,P005,R004,C004,24,1080.0,648.07
2025-09-25,P005,R004,C010,29,1305.0,740.49
2025-09-25,P006,R001,C005,29,3480.0,2092.98
2025-09-25,P006,R001,C011,76,9120.0,5936.48
2025-09-25,P006,R001,C007,38,4560.0,2819.12
2025-09-25,P006,R002,C002,48,5760.0,3710.59
2025-09-25,P006,R002,C012,39,4680.0,2825.7
2025-09-25,P006,R003,C003,31,3720.0,2286.5
2025-09-25,P006,R003,C009,32,3840.0,2337.98
2025-09-25,P006,R004,C010,11,1320.0,794.88
2025-09-25,P006,R004,C004,12,1440.0,948.19
2025-09-26,P001,R001,C011,24,9120.0,5839.22
2025-09-26,P001,R001,C001,25,9500.0,6728.82
2025-09-26,P001,R001,C005,8,3040.0,2181.91
2025-09-26,P001,R002,C002,10,3800.0,2529.74
2025-09-26,P001,R002,C008,9,3420.0,2312.54
2025-09-26,P001,R002,C012,17,6460.0,4264.28
2025-09-26,P001,R002,C006,4,1520.0,1092.83
2025-09-26,P001,R003,C003,11,4180.0,2838.01
2025-09-26,P001,R003,C009,13,4940.0,3192.1
2025-09-26,P001,R004,C004,4,1520.0,980.82
2025-09-26,P001,R004,C010,5,1900.0,1360.0
2025-09-26,P002,R001,C001,153,13005.0,8019.34
2025-09-26,P002,R001,C005,44,3740.0,2311.76
2025-09-26,P002,R001,C011,105,8925.0,5549.65
2025-09-26,P002,R002,C006,38,3230.0,1918.69
2025-09-26,P002,R002,C012,85,7225.0,4626.01
2025-09-26,P002,R002,C008,36,3060.0,1982.72
2025-09-26,P002,R002,C002,108,9180.0,5700.06
2025-09-26,P002,R003,C009,89,7565.0,4966.19
2025-09-26,P002,R003,C003,77,6545.0,4167.51
2025-09-26,P002,R004,C004,50,4250.0,2754.31
2025-09-26,P002,R004,C010,30,2550.0,1591.54
2025-09-26,P003,R001,C011,6,3720.0,2640.85
2025-09-26,P003,R001,C001,9,5580.0,3840.44
2025-09-26,P003,R001,C005,2,1240.0,903.28
2025-09-26,P003,R001,C007,5,3100.0,2086.92
2025-09-26,P003,R002,C006,2,1240.0,909.76
2025-09-26,P003,R002,C008,4,2480.0,1701.99
2025-09-26,P003,R002,C012,8,4960.0,3457.18
2025-09-26,P003,R002,C002,7,4340.0,2888.35
2025-09-26,P003,R003,C003,4,2480.0,1695.62
2025-09-26,P003,R003,C009,4,2480.0,1657.37
2025-09-26,P003,R004,C004,3,1860.0,1284.44
2025-09-26,P003,R004,C010,2,1240.0,856.89
2025-09-26,P004,R001,C001,36,8640.0,5886.36
2025-09-26,P004,R001,C011,20,4800.0,3027.5
2025-09-26,P004,R001,C005,12,2880.0,1823.9
2025-09-26,P004,R001,C007,10,2400.0,1524.95
2025-09-26,P004,R002,C006,7,1680.0,1092.29
2025-09-26,P004,R002,C002,22,5280.0,3589.69
2025-09-26,P004,R002,C012,15,3600.0,2451.94
2025-09-26,P004,R002,C008,8,1920.0,1254.39
2025-09-26,P004,R003,C009,23,5520.0,3562.7
2025-09-26,P004,R003,C003,15,3600.0,2462.25
2025-09-26,P004,R004,C004,12,2880.0,1776.58
2025-09-26,P004,R004,C010,8,1920.0,1259.9
2025-09-26,P005,R001,C007,60,2700.0,1662.66
2025-09-26,P005,R001,C011,75,3375.0,2008.72
2025-09-26,P005,R001,C001,119,5355.0,3043.45
2025-09-26,P005,R002,C012,59,2655.0,1504.14
2025-09-26,P005,R002,C002,48,2160.0,1246.35
2025-09-26,P005,R002,C008,25,1125.0,669.27
2025-09-26,P005,R002,C006,13,585.0,324.81
2025-09-26,P005,R003,C009,66,2970.0,1687.42
2025-09-26,P005,R003,C003,35,1575.0,900.1
2025-09-26,P005,R004,C004,20,900.0,530.3
2025-09-26,P005,R004,C010,19,855.0,496.19
2025-09-26,P006,R001,C005,17,2040.0,1254.84
2025-09-26,P006,R001,C011,54,6480.0,4153.34
2025-09-26,P006,R001,C001,55,6600.0,4466.85
2025-09-26,P006,R002,C008,29,3480.0,2146.82
2025-09-26,P006,R002,C012,55,6600.0,4411.38
2025-09-26,P006,R002,C006,13,1560.0,1035.97
2025-09-26,P006,R003,C003,19,2280.0,1467.21
2025-09-26,P006,R003,C009,34,4080.0,2451.2
2025-09-26,P006,R004,C004,18,2160.0,1395.01
2025-09-26,P006,R004,C010,14,1680.0,1121.48
2025-09-27,P001,R001,C001,18,6840.0,4386.65
2025-09-27,P001,R001,C011,14,5320.0,3595.84
2025-09-27,P001,R002,C006,6,2280.0,1481.75
2025-09-27,P001,R002,C012,13,4940.0,3507.37
2025-09-27,P001,R003,C009,6,2280.0,1466.04
2025-09-27,P001,R003,C003,6,2280.0,1582.85
2025-09-27,P001,R004,C010,3,1140.0,739.33
2025-09-27,P001,R004,C004,4,1520.0,1071.21
2025-09-27,P002,R001,C005,35,2975.0,1897.12
2025-09-27,P002,R001,C007,44,3740.0,2400.35
2025-09-27,P002,R001,C011,64,5440.0,3398.32
2025-09-27,P002,R001,C001,83,7055.0,4453.06
2025-09-27,P002,R002,C012,87,7395.0,4792.57
2025-09-27,P002,R002,C006,46,3910.0,2301.82
2025-09-27,P002,R003,C003,39,3315.0,1960.99
2025-09-27,P002,R003,C009,52,4420.0,2603.52
2025-09-27,P002,R004,C010,26,2210.0,1285.72
2025-09-27,P002,R004,C004,21,1785.0,1057.6
2025-09-27,P003,R001,C005,2,1240.0,888.71
2025-09-27,P003,R001,C001,7,4340.0,3048.94
2025-09-27,P003,R001,C011,5,3100.0,2188.49
2025-09-27,P003,R001,C007,3,1860.0,1233.06
2025-09-27,P003,R002,C008,4,2480.0,1780.25
2025-09-27,P003,R002,C002,6,3720.0,2666.26
2025-09-27,P003,R003,C003,4,2480.0,1649.16
2025-09-27,P003,R003,C009,5,3100.0,2137.16
2025-09-27,P003,R004,C004,2,1240.0,901.67
2025-09-27,P003,R004,C010,2,1240.0,859.79
2025-09-27,P004,R001,C005,7,1680.0,1156.28
2025-09-27,P004,R001,C011,18,4320.0,2925.52
2025-09-27,P004,R001,C001,20,4800.0,3213.03
2025-09-27,P004,R002,C002,13,3120.0,1908.31
2025-09-27,P004,R002,C008,5,1200.0,739.01
2025-09-27,P004,R002,C006,5,1200.0,732.68
2025-09-27,P004,R002,C012,14,3360.0,2095.17
2025-09-27,P004,R003,C009,16,3840.0,2579.68
2025-09-27,P004,R003,C003,12,2880.0,1965.68
2025-09-27,P004,R004,C004,4,960.0,591.34
2025-09-27,P004,R004,C010,5,1200.0,795.2
2025-09-27,P005,R001,C007,105,4725.0,2872.31
2025-09-27,P005,R001,C005,66,2970.0,1825.88
2025-09-27,P005,R002,C012,30,1350.0,810.1
2025-09-27,P005,R002,C002,37,1665.0,911.99
2025-09-27,P005,R002,C008,24,1080.0,648.43
2025-09-27,P005,R002,C006,11,495.0,293.08
2025-09-27,P005,R003,C009,37,1665.0,919.99
2025-09-27,P005,R003,C003,22,990.0,562.9
2025-09-27,P005,R004,C010,17,765.0,446.02
2025-09-27,P005,R004,C004,23,1035.0,569.29
2025-09-27,P006,R001,C007,16,1920.0,1272.95
2025-09-27,P006,R001,C001,44,5280.0,3565.38
2025-09-27,P006,R001,C005,8,960.0,639.02
2025-09-27,P006,R001,C011,34,4080.0,2503.82
2025-09-27,P006,R002,C012,14,1680.0,1118.19
2025-09-27,P006,R002,C002,23,2760.0,1744.53
2025-09-27,P006,R002,C006,6,720.0,454.63
2025-09-27,P006,R002,C008,7,840.0,548.67
2025-09-27,P006,R003,C009,23,2760.0,1757.0
2025-09-27,P006,R003,C003,14,1680.0,1034.71
2025-09-27,P006,R004,C004,11,1320.0,811.03
2025-09-27,P006,R004,C010,8,960.0,651.31
2025-09-28,P001,R001,C005,3,1140.0,749.45
2025-09-28,P001,R001,C007,4,1520.0,987.08
2025-09-28,P001,R001,C011,8,3040.0,2080.5
2025-09-28,P001,R001,C001,10,3800.0,2714.5
2025-09-28,P001,R002,C012,9,3420.0,2402.74
2025-09-28,P001,R002,C002,8,3040.0,2176.42
2025-09-28,P001,R003,C009,10,3800.0,2637.83
2025-09-28,P001,R003,C003,8,3040.0,2172.81
2025-09-28,P001,R004,C010,4,1520.0,986.63
2025-09-28,P001,R004,C004,5,1900.0,1356.86
2025-09-28,P002,R001,C011,96,8160.0,5371.66
2025-09-28,P002,R001,C007,51,4335.0,2778.96
2025-09-28,P002,R001,C001,91,7735.0,4824.84
2025-09-28,P002,R002,C012,104,8840.0,5751.5
2025-09-28,P002,R002,C008,38,3230.0,1886.28
2025-09-28,P002,R003,C003,37,3145.0,2063.81
2025-09-28,P002,R003,C009,73,6205.0,3769.68
2025-09-28,P002,R004,C010,23,1955.0,1176.36
2025-09-28,P002,R004,C004,20,1700.0,1030.18
2025-09-28,P003,R001,C011,5,3100.0,2203.84
2025-09-28,P003,R001,C007,3,1860.0,1325.96
2025-09-28,P003,R001,C001,6,3720.0,2586.46
2025-09-28,P003,R002,C008,2,1240.0,905.98
2025-09-28,P003,R002,C012,4,2480.0,1767.98
2025-09-28,P003,R002,C006,1,620.0,427.85
2025-09-28,P003,R002,C002,5,3100.0,2150.72
2025-09-28,P003,R003,C009,4,2480.0,1737.4
2025-09-28,P003,R003,C003,3,1860.0,1366.75
2025-09-28,P003,R004,C004,2,1240.0,873.58
2025-09-28,P003,R004,C010,2,1240.0,824.2
2025-09-28,P004,R001,C001,23,5520.0,3652.02
2025-09-28,P004,R001,C011,31,7440.0,5017.25
2025-09-28,P004,R002,C006,6,1440.0,983.66
2025-09-28,P004,R002,C012,21,5040.0,3399.05
2025-09-28,P004,R002,C008,10,2400.0,1566.94
2025-09-28,P004,R003,C009,13,3120.0,2094.39
2025-09-28,P004,R003,C003,9,2160.0,1421.73
2025-09-28,P004,R004,C004,7,1680.0,1089.21
2025-09-28,P004,R004,C010,6,1440.0,958.61
2025-09-28,P005,R001,C001,48,2160.0,1209.92
2025-09-28,P005,R001,C007,17,765.0,463.64
2025-09-28,P005,R001,C011,41,1845.0,1075.85
2025-09-28,P005,R001,C005,17,765.0,473.54
2025-09-28,P005,R002,C008,16,720.0,439.58
2025-09-28,P005,R002,C012,24,1080.0,634.47
2025-09-28,P005,R002,C006,9,405.0,243.68
2025-09-28,P005,R002,C002,27,1215.0,708.54
2025-09-28,P005,R003,C009,44,1980.0,1164.13
2025-09-28,P005,R003,C003,32,1440.0,853.95
2025-09-28,P005,R004,C010,11,495.0,290.74
2025-09-28,P005,R004,C004,15,675.0,386.76
2025-09-28,P006,R001,C011,29,3480.0,2220.13
2025-09-28,P006,R001,C007,15,1800.0,1220.99
2025-09-28,P006,R001,C001,41,4920.0,3039.2
2025-09-28,P006,R002,C008,16,1920.0,1303.89
2025-09-28,P006,R002,C012,36,4320.0,2763.58
2025-09-28,P006,R003,C009,30,3600.0,2211.3
2025-09-28,P006,R003,C003,13,1560.0,987.76
2025-09-28,P006,R004,C004,10,1200.0,811.56
2025-09-28,P006,R004,C010,9,1080.0,651.12
2025-09-29,P001,R001,C007,9,3420.0,2444.39
2025-09-29,P001,R001,C001,16,6080.0,4337.45
2025-09-29,P001,R001,C005,6,2280.0,1633.99
2025-09-29,P001,R001,C011,14,5320.0,3565.18
2025-09-29,P001,R002,C006,6,2280.0,1561.87
2025-09-29,P001,R002,C012,29,11020.0,7799.89
2025-09-29,P001,R003,C009,14,5320.0,3743.42
2025-09-29,P001,R003,C003,11,4180.0,2848.74
2025-09-29,P001,R004,C010,3,1140.0,758.25
2025-09-29,P001,R004,C004,7,2660.0,1878.5
2025-09-29,P002,R001,C001,159,13515.0,8069.26
2025-09-29,P002,R001,C011,143,12155.0,7904.16
2025-09-29,P002,R001,C007,63,5355.0,3283.73
2025-09-29,P002,R002,C012,65,5525.0,3617.25
2025-09-29,P002,R002,C008,45,3825.0,2459.39
2025-09-29,P002,R002,C006,30,2550.0,1526.74
2025-09-29,P002,R002,C002,86,7310.0,4823.23
2025-09-29,P002,R003,C009,77,6545.0,4116.6
2025-09-29,P002,R003,C003,53,4505.0,2715.05
2025-09-29,P002,R004,C010,30,2550.0,1520.83
2025-09-29,P002,R004,C004,59,5015.0,3104.63
2025-09-29,P003,R001,C007,15,9300.0,6173.27
2025-09-29,P003,R001,C005,9,5580.0,3836.54
2025-09-29,P003,R002,C002,8,4960.0,3600.57
2025-09-29,P003,R002,C008,4,2480.0,1680.3
2025-09-29,P003,R002,C012,8,4960.0,3304.61
2025-09-29,P003,R002,C006,3,1860.0,1302.58
2025-09-29,P003,R003,C009,10,6200.0,4359.55
2025-09-29,P003,R003,C003,7,4340.0,3104.69
2025-09-29,P003,R004,C010,3,1860.0,1322.03
2025-09-29,P003,R004,C004,4,2480.0,1748.43
2025-09-29,P004,R001,C011,16,3840.0,2602.42
2025-09-29,P004,R001,C005,10,2400.0,1608.71
2025-09-29,P004,R001,C001,28,6720.0,4434.27
2025-09-29,P004,R001,C007,10,2400.0,1622.49
2025-09-29,P004,R002,C006,8,1920.0,1267.58
2025-09-29,P004,R002,C008,11,2640.0,1641.99
2025-09-29,P004,R002,C012,39,9360.0,5851.3
2025-09-29,P004,R003,C009,19,4560.0,2797.58
2025-09-29,P004,R003,C003,9,2160.0,1455.94
2025-09-29,P004,R004,C004,10,2400.0,1568.31
2025-09-29,P004,R004,C010,7,1680.0,1107.58
2025-09-29,P005,R001,C007,49,2205.0,1277.3
2025-09-29,P005,R001,C005,27,1215.0,719.32
2025-09-29,P005,R001,C001,60,2700.0,1513.83
2025-09-29,P005,R001,C011,63,2835.0,1620.72
2025-09-29,P005,R002,C008,21,945.0,582.42
2025-09-29,P005,R002,C012,56,2520.0,1414.73
2025-09-29,P005,R002,C006,13,585.0,355.19
2025-09-29,P005,R002,C002,52,2340.0,1362.66
2025-09-29,P005,R003,C009,52,2340.0,1333.62
2025-09-29,P005,R003,C003,47,2115.0,1164.74
2025-09-29,P005,R004,C004,24,1080.0,604.44
2025-09-29,P005,R004,C010,22,990.0,579.55
2025-09-29,P006,R001,C005,38,4560.0,2908.67
2025-09-29,P006,R001,C001,85,10200.0,6190.45
2025-09-29,P006,R002,C006,15,1800.0,1129.09
2025-09-29,P006,R002,C002,45,5400.0,3493.05
2025-09-29,P006,R003,C003,15,1800.0,1166.84
2025-09-29,P006,R003,C009,36,4320.0,2642.26
2025-09-29,P006,R004,C004,17,2040.0,1253.99
2025-09-29,P006,R004,C010,17,2040.0,1278.52
2025-09-30,P001,R001,C011,37,14060.0,9343.45
2025-09-30,P001,R001,C005,9,3420.0,2305.91
2025-09-30,P001,R002,C012,20,7600.0,5084.08
2025-09-30,P001,R002,C002,19,7220.0,4703.6
2025-09-30,P001,R003,C003,7,2660.0,1772.72
2025-09-30,P001,R003,C009,11,4180.0,2959.3
2025-09-30,P001,R004,C004,7,2660.0,1838.93
2025-09-30,P001,R004,C010,5,1900.0,1355.12
2025-09-30,P002,R001,C005,57,4845.0,3017.05
2025-09-30,P002,R001,C011,133,11305.0,6580.38
2025-09-30,P002,R001,C001,137,11645.0,7515.03
2025-09-30,P002,R001,C007,82,6970.0,4181.78
2025-09-30,P002,R002,C006,32,2720.0,1623.08
2025-09-30,P002,R002,C012,90,7650.0,4631.53
2025-09-30,P002,R002,C002,81,6885.0,4051.28
2025-09-30,P002,R002,C008,35,2975.0,1893.91
2025-09-30,P002,R003,C003,78,6630.0,4225.58
2025-09-30,P002,R003,C009,97,8245.0,5276.87
2025-09-30,P002,R004,C010,27,2295.0,1446.46
2025-09-30,P002,R004,C004,52,4420.0,2589.3
2025-09-30,P003,R001,C001,10,6200.0,4343.42
2025-09-30,P003,R001,C005,4,2480.0,1719.64
2025-09-30,P003,R001,C011,13,8060.0,5918.79
2025-09-30,P003,R001,C007,6,3720.0,2626.15
2025-09-30,P003,R002,C002,7,4340.0,2984.6
2025-09-30,P003,R002,C008,2,1240.0,857.05
2025-09-30,P003,R002,C012,7,4340.0,2917.7
2025-09-30,P003,R003,C009,5,3100.0,2202.48
2025-09-30,P003,R003,C003,4,2480.0,1686.81
2025-09-30,P003,R004,C010,3,1860.0,1271.84
2025-09-30,P003,R004,C004,3,1860.0,1305.16
2025-09-30,P004,R001,C011,28,6720.0,4593.74
2025-09-30,P004,R001,C005,15,3600.0,2218.95
2025-09-30,P004,R001,C007,16,3840.0,2407.85
2025-09-30,P004,R002,C002,16,3840.0,2537.14
2025-09-30,P004,R002,C006,7,1680.0,1120.71
2025-09-30,P004,R002,C008,8,1920.0,1219.88
2025-09-30,P004,R002,C012,16,3840.0,2343.47
2025-09-30,P004,R003,C009,14,3360.0,2108.65
2025-09-30,P004,R003,C003,14,3360.0,2100.64
2025-09-30,P004,R004,C010,8,1920.0,1200.37
2025-09-30,P004,R004,C004,7,1680.0,1061.29
2025-09-30,P005,R001,C007,32,1440.0,790.35
2025-09-30,P005,R001,C011,86,3870.0,2309.9
2025-09-30,P005,R001,C005,26,1170.0,660.46
2025-09-30,P005,R001,C001,64,2880.0,1675.34
2025-09-30,P005,R002,C006,46,2070.0,1186.89
2025-09-30,P005,R002,C002,83,3735.0,2114.75
2025-09-30,P005,R003,C003,39,1755.0,1014.81
2025-09-30,P005,R003,C009,56,2520.0,1495.32
2025-09-30,P005,R004,C004,29,1305.0,789.09
2025-09-30,P005,R004,C010,18,810.0,446.86
2025-09-30,P006,R001,C007,30,3600.0,2430.28
2025-09-30,P006,R001,C011,42,5040.0,3243.81
2025-09-30,P006,R001,C005,23,2760.0,1690.03
2025-09-30,P006,R002,C008,32,3840.0,2609.18
2025-09-30,P006,R002,C012,76,9120.0,5899.29
2025-09-30,P006,R003,C003,25,3000.0,1897.14
2025-09-30,P006,R003,C009,28,3360.0,2274.38
2025-09-30,P006,R004,C004,18,2160.0,1463.93
2025-09-30,P006,R004,C010,18,2160.0,1415.56
2025-10-01,P001,R001,C007,9,3420.0,2416.76
2025-10-01,P001,R001,C011,18,6840.0,4850.41
2025-10-01,P001,R001,C001,18,6840.0,4532.41
2025-10-01,P001,R002,C012,12,4560.0,3022.96
2025-10-01,P001,R002,C006,3,1140.0,732.84
2025-10-01,P001,R002,C002,11,4180.0,2711.14
2025-10-01,P001,R002,C008,7,2660.0,1824.26
2025-10-01,P001,R003,C003,9,3420.0,2354.61
2025-10-01,P001,R003,C009,10,3800.0,2735.65
2025-10-01,P001,R004,C010,5,1900.0,1234.73
2025-10-01,P001,R004,C004,5,1900.0,1315.55
2025-10-01,P002,R001,C007,71,6035.0,3788.27
2025-10-01,P002,R001,C005,36,3060.0,1999.13
2025-10-01,P002,R001,C011,122,10370.0,6231.59
2025-10-01,P002,R001,C001,113,9605.0,5684.44
2025-10-01,P002,R002,C006,18,1530.0,1008.9
2025-10-01,P002,R002,C012,76,6460.0,4071.76
2025-10-01,P002,R002,C008,38,3230.0,2067.84
2025-10-01,P002,R002,C002,79,6715.0,4284.47
2025-10-01,P002,R003,C003,96,8160.0,4852.64
2025-10-01,P002,R003,C009,80,6800.0,4205.81
2025-10-01,P002,R004,C004,47,3995.0,2465.12
2025-10-01,P002,R004,C010,27,2295.0,1377.08
2025-10-01,P003,R001,C005,5,3100.0,2174.32
2025-10-01,P003,R001,C007,7,4340.0,3142.91
2025-10-01,P003,R001,C011,15,9300.0,6354.22
2025-10-01,P003,R002,C006,3,1860.0,1302.96
2025-10-01,P003,R002,C008,5,3100.0,2157.03
2025-10-01,P003,R002,C002,8,4960.0,3511.87
2025-10-01,P003,R002,C012,7,4340.0,3167.66
2025-10-01,P003,R003,C003,6,3720.0,2731.59
2025-10-01,P003,R003,C009,6,3720.0,2496.67
2025-10-01,P003,R004,C010,2,1240.0,904.51
2025-10-01,P003,R004,C004,3,1860.0,1295.88
2025-10-01,P004,R001,C007,15,3600.0,2442.97
2025-10-01,P004,R001,C001,28,6720.0,4239.78
2025-10-01,P004,R001,C005,6,1440.0,946.7
2025-10-01,P004,R001,C011,23,5520.0,3482.99
2025-10-01,P004,R002,C008,37,8880.0,6100.39
2025-10-01,P004,R002,C006,30,7200.0,4941.64
2025-10-01,P004,R003,C003,14,3360.0,2127.67
2025-10-01,P004,R003,C009,19,4560.0,2781.69
2025-10-01,P004,R004,C004,13,3120.0,2013.64
2025-10-01,P004,R004,C010,10,2400.0,1551.36
2025-10-01,P005,R001,C007,73,3285.0,1891.53
2025-10-01,P005,R001,C005,56,2520.0,1523.93
2025-10-01,P005,R001,C011,145,6525.0,3787.33
2025-10-01,P005,R002,C008,34,1530.0,834.17
2025-10-01,P005,R002,C012,63,2835.0,1590.53
2025-10-01,P005,R002,C002,65,2925.0,1759.63
2025-10-01,P005,R003,C003,34,1530.0,941.92
2025-10-01,P005,R003,C009,66,2970.0,1720.77
2025-10-01,P005,R004,C010,23,1035.0,626.32
2025-10-01,P005,R004,C004,23,1035.0,565.99
2025-10-01,P006,R001,C011,76,9120.0,5679.97
2025-10-01,P006,R001,C001,66,7920.0,5103.43
2025-10-01,P006,R001,C005,15,1800.0,1170.73
2025-10-01,P006,R002,C006,9,1080.0,713.67
2025-10-01,P006,R002,C008,15,1800.0,1201.93
2025-10-01,P006,R002,C012,46,5520.0,3398.05
2025-10-01,P006,R003,C003,30,3600.0,2281.24
2025-10-01,P006,R003,C009,39,4680.0,3111.55
2025-10-01,P006,R004,C004,16,1920.0,1291.82
2025-10-01,P006,R004,C010,11,1320.0,796.63
2025-10-02,P001,R001,C005,8,3040.0,1980.03
2025-10-02,P001,R001,C007,11,4180.0,2842.53
2025-10-02,P001,R001,C001,22,8360.0,5816.2
2025-10-02,P001,R002,C012,11,4180.0,2945.85
2025-10-02,P001,R002,C008,5,1900.0,1249.32
2025-10-02,P001,R002,C002,10,3800.0,2453.57
2025-10-02,P001,R002,C006,5,1900.0,1315.62
2025-10-02,P001,R003,C003,10,3800.0,2441.77
2025-10-02,P001,R003,C009,17,6460.0,4473.22
2025-10-02,P001,R004,C010,6,2280.0,1506.21
2025-10-02,P001,R004,C004,7,2660.0,1851.8
2025-10-02,P002,R001,C005,105,8925.0,5827.64
2025-10-02,P002,R001,C007,256,21760.0,13459.39
2025-10-02,P002,R002,C006,32,2720.0,1591.17
2025-10-02,P002,R002,C002,100,8500.0,5077.01
2025-10-02,P002,R002,C012,136,11560.0,7502.0
2025-10-02,P002,R003,C009,136,11560.0,6983.2
2025-10-02,P002,R003,C003,85,7225.0,4568.43
2025-10-02,P002,R004,C004,43,3655.0,2145.27
2025-10-02,P002,R004,C010,50,4250.0,2795.24
2025-10-02,P003,R001,C011,9,5580.0,3689.71
2025-10-02,P003,R001,C001,11,6820.0,5002.81
2025-10-02,P003,R001,C007,5,3100.0,2101.7
2025-10-02,P003,R002,C008,6,3720.0,2542.7
2025-10-02,P003,R002,C012,15,9300.0,6861.19
2025-10-02,P003,R003,C009,7,4340.0,2895.76
2025-10-02,P003,R003,C003,5,3100.0,2084.94
2025-10-02,P003,R004,C004,4,2480.0,1744.21
2025-10-02,P003,R004,C010,3,1860.0,1279.78
2025-10-02,P004,R001,C001,36,8640.0,5940.84
2025-10-02,P004,R001,C011,54,12960.0,8011.42
2025-10-02,P004,R002,C002,17,4080.0,2657.64
2025-10-02,P004,R002,C012,16,3840.0,2588.36
2025-10-02,P004,R002,C008,11,2640.0,1640.72
2025-10-02,P004,R003,C003,13,3120.0,2056.17
2025-10-02,P004,R003,C009,19,4560.0,3079.06
2025-10-02,P004,R004,C004,12,2880.0,1961.07
2025-10-02,P004,R004,C010,10,2400.0,1605.8
2025-10-02,P005,R001,C007,70,3150.0,1938.92
2025-10-02,P005,R001,C001,126,5670.0,3296.43
2025-10-02,P005,R002,C006,32,1440.0,844.75
2025-10-02,P005,R002,C012,99,4455.0,2666.82
2025-10-02,P005,R003,C003,53,2385.0,1323.77
2025-10-02,P005,R003,C009,54,2430.0,1327.82
2025-10-02,P005,R004,C004,24,1080.0,613.19
2025-10-02,P005,R004,C010,17,765.0,444.77
2025-10-02,P006,R001,C011,57,6840.0,4573.54
2025-10-02,P006,R001,C005,20,2400.0,1590.65
2025-10-02,P006,R001,C007,31,3720.0,2390.12
2025-10-02,P006,R002,C012,79,9480.0,6366.52
2025-10-02,P006,R002,C006,17,2040.0,1233.69
2025-10-02,P006,R003,C009,31,3720.0,2478.18
2025-10-02,P006,R003,C003,26,3120.0,2052.56
2025-10-02,P006,R004,C004,13,1560.0,1007.21
2025-10-02,P006,R004,C010,16,1920.0,1161.8
2025-10-03,P001,R001,C011,22,8360.0,5631.14
2025-10-03,P001,R001,C005,9,3420.0,2347.02
2025-10-03,P001,R001,C001,16,6080.0,3907.48
2025-10-03,P001,R002,C012,12,4560.0,3043.14
2025-10-03,P001,R002,C002,18,6840.0,4427.58
2025-10-03,P001,R003,C003,8,3040.0,1968.8
2025-10-03,P001,R003,C009,19,7220.0,4648.25
2025-10-03,P001,R004,C004,6,2280.0,1620.95
2025-10-03,P001,R004,C010,4,1520.0,1007.27
2025-10-03,P002,R001,C005,150,12750.0,7775.31
2025-10-03,P002,R001,C007,263,22355.0,14716.0
2025-10-03,P002,R002,C008,68,5780.0,3500.97
2025-10-03,P002,R002,C002,107,9095.0,5501.17
2025-10-03,P002,R002,C012,106,9010.0,5929.39
2025-10-03,P002,R003,C003,59,5015.0,3032.22
2025-10-03,P002,R003,C009,104,8840.0,5816.45
2025-10-03,P002,R004,C010,34,2890.0,1786.2
2025-10-03,P002,R004,C004,37,3145.0,2029.45
2025-10-03,P003,R001,C001,9,5580.0,4053.67
2025-10-03,P003,R001,C007,4,2480.0,1727.75
2025-10-03,P003,R001,C005,3,1860.0,1316.39
2025-10-03,P003,R001,C011,8,4960.0,3505.47
2025-10-03,P003,R002,C002,7,4340.0,2995.33
2025-10-03,P003,R002,C008,5,3100.0,2271.04
2025-10-03,P003,R003,C009,6,3720.0,2587.46
2025-10-03,P003,R003,C003,5,3100.0,2235.67
2025-10-03,P003,R004,C004,3,1860.0,1272.74
2025-10-03,P003,R004,C010,2,1240.0,826.34
2025-10-03,P004,R001,C007,13,3120.0,1998.48
2025-10-03,P004,R001,C005,11,2640.0,1645.29
2025-10-03,P004,R001,C001,18,4320.0,2950.26
2025-10-03,P004,R001,C011,25,6000.0,3673.77
2025-10-03,P004,R002,C008,9,2160.0,1466.89
2025-10-03,P004,R002,C006,5,1200.0,732.57
2025-10-03,P004,R002,C012,14,3360.0,2263.4
2025-10-03,P004,R002,C002,17,4080.0,2525.1
2025-10-03,P004,R003,C003,16,3840.0,2492.01
2025-10-03,P004,R003,C009,29,6960.0,4763.04
2025-10-03,P004,R004,C010,5,1200.0,799.37
2025-10-03,P004,R004,C004,7,1680.0,1060.75
2025-10-03,P005,R001,C011,171,7695.0,4239.54
2025-10-03,P005,R001,C007,84,3780.0,2337.76
2025-10-03,P005,R002,C002,42,1890.0,1151.96
2025-10-03,P005,R002,C012,52,2340.0,1286.68
2025-10-03,P005,R002,C008,17,765.0,459.32
2025-10-03,P005,R002,C006,16,720.0,389.55
2025-10-03,P005,R003,C003,43,1935.0,1095.98
2025-10-03,P005,R003,C009,68,3060.0,1777.89
2025-10-03,P005,R004,C010,17,765.0,434.59
2025-10-03,P005,R004,C004,30,1350.0,762.55
2025-10-03,P006,R001,C005,27,3240.0,2161.18
2025-10-03,P006,R001,C011,90,10800.0,6659.74
2025-10-03,P006,R002,C012,62,7440.0,4607.08
2025-10-03,P006,R002,C006,15,1800.0,1143.22
2025-10-03,P006,R003,C009,38,4560.0,2779.77
2025-10-03,P006,R003,C003,21,2520.0,1578.75
2025-10-03,P006,R004,C010,13,1560.0,1006.67
2025-10-03,P006,R004,C004,21,2520.0,1665.5
2025-10-04,P001,R001,C001,9,3420.0,2328.33
2025-10-04,P001,R001,C005,4,1520.0,1010.88
2025-10-04,P001,R001,C011,15,5700.0,3932.63
2025-10-04,P001,R001,C007,6,2280.0,1597.05
2025-10-04,P001,R002,C012,8,3040.0,1980.89
2025-10-04,P001,R002,C008,3,1140.0,760.92
2025-10-04,P001,R002,C006,3,1140.0,764.98
2025-10-04,P001,R002,C002,6,2280.0,1566.61
2025-10-04,P001,R003,C003,5,1900.0,1324.82
2025-10-04,P001,R003,C009,9,3420.0,2367.05
2025-10-04,P001,R004,C004,3,1140.0,760.94
2025-10-04,P001,R004,C010,4,1520.0,1038.02
2025-10-04,P002,R001,C007,168,14280.0,8359.94
2025-10-04,P002,R001,C005,116,9860.0,5985.58
2025-10-04,P002,R002,C008,55,4675.0,2737.24
2025-10-04,P002,R002,C002,77,6545.0,4110.08
2025-10-04,P002,R002,C006,22,1870.0,1132.75
2025-10-04,P002,R003,C003,39,3315.0,2134.2
2025-10-04,P002,R003,C009,67,5695.0,3506.17
2025-10-04,P002,R004,C004,22,1870.0,1181.62
2025-10-04,P002,R004,C010,25,2125.0,1265.63
2025-10-04,P003,R001,C001,7,4340.0,2923.66
2025-10-04,P003,R001,C011,6,3720.0,2542.28
2025-10-04,P003,R001,C005,2,1240.0,830.18
2025-10-04,P003,R002,C006,2,1240.0,874.18
2025-10-04,P003,R002,C012,5,3100.0,2185.14
2025-10-04,P003,R003,C009,5,3100.0,2057.22
2025-10-04,P003,R003,C003,3,1860.0,1376.1
2025-10-04,P003,R004,C010,1,620.0,445.76
2025-10-04,P003,R004,C004,2,1240.0,898.55
2025-10-04,P004,R001,C001,42,10080.0,6703.6
2025-10-04,P004,R001,C007,20,4800.0,3189.88
2025-10-04,P004,R002,C008,11,2640.0,1802.35
2025-10-04,P004,R002,C006,6,1440.0,885.38
2025-10-04,P004,R002,C012,18,4320.0,2868.78
2025-10-04,P004,R003,C003,13,3120.0,2124.95
2025-10-04,P004,R003,C009,13,3120.0,1970.69
2025-10-04,P004,R004,C004,6,1440.0,991.4
2025-10-04,P004,R004,C010,4,960.0,640.7
2025-10-04,P005,R001,C001,111,4995.0,2912.25
2025-10-04,P005,R001,C007,50,2250.0,1338.77
2025-10-04,P005,R001,C005,33,1485.0,805.83
2025-10-04,P005,R002,C012,85,3825.0,2253.32
2025-10-04,P005,R002,C008,41,1845.0,1097.62
2025-10-04,P005,R003,C009,26,1170.0,635.14
2025-10-04,P005,R003,C003,17,765.0,471.2
2025-10-04,P005,R004,C010,15,675.0,414.52
2025-10-04,P005,R004,C004,25,1125.0,649.5
2025-10-04,P006,R001,C005,16,1920.0,1217.02
2025-10-04,P006,R001,C007,29,3480.0,2287.32
2025-10-04,P006,R001,C001,34,4080.0,2493.44
2025-10-04,P006,R002,C012,30,3600.0,2243.73
2025-10-04,P006,R002,C002,28,3360.0,2108.36
2025-10-04,P006,R003,C003,17,2040.0,1320.58
2025-10-04,P006,R003,C009,22,2640.0,1651.19
2025-10-04,P006,R004,C010,7,840.0,555.6
2025-10-04,P006,R004,C004,14,1680.0,1117.27
2025-10-05,P001,R001,C001,15,5700.0,3760.47
2025-10-05,P001,R001,C007,7,2660.0,1793.39
2025-10-05,P001,R001,C005,6,2280.0,1606.73
2025-10-05,P001,R001,C011,17,6460.0,4280.95
2025-10-05,P001,R002,C012,11,4180.0,2850.85
2025-10-05,P001,R002,C002,12,4560.0,3150.79
2025-10-05,P001,R002,C006,2,760.0,505.89
2025-10-05,P001,R002,C008,3,1140.0,796.88
2025-10-05,P001,R003,C003,5,1900.0,1228.44
2025-10-05,P001,R003,C009,12,4560.0,3234.11
2025-10-05,P001,R004,C010,5,1900.0,1361.94
2025-10-05,P001,R004,C004,6,2280.0,1596.29
2025-10-05,P002,R001,C007,56,4760.0,2938.05
2025-10-05,P002,R001,C001,182,15470.0,9957.63
2025-10-05,P002,R002,C006,23,1955.0,1198.64
2025-10-05,P002,R002,C012,43,3655.0,2241.29
2025-10-05,P002,R002,C002,61,5185.0,3310.07
2025-10-05,P002,R003,C009,47,3995.0,2375.28
2025-10-05,P002,R003,C003,45,3825.0,2359.16
2025-10-05,P002,R004,C010,32,2720.0,1658.45
2025-10-05,P002,R004,C004,22,1870.0,1182.0
2025-10-05,P003,R001,C011,8,4960.0,3637.3
2025-10-05,P003,R001,C001,5,3100.0,2100.35
2025-10-05,P003,R001,C005,2,1240.0,845.01
2025-10-05,P003,R001,C007,3,1860.0,1298.41
2025-10-05,P003,R002,C002,3,1860.0,1261.76
2025-10-05,P003,R002,C008,2,1240.0,869.68
2025-10-05,P003,R002,C012,3,1860.0,1274.79
2025-10-05,P003,R002,C006,1,620.0,430.25
2025-10-05,P003,R003,C009,5,3100.0,2151.15
2025-10-05,P003,R003,C003,3,1860.0,1259.26
2025-10-05,P003,R004,C004,2,1240.0,859.23
2025-10-05,P003,R004,C010,2,1240.0,881.43
2025-10-05,P004,R001,C001,28,6720.0,4175.01
2025-10-05,P004,R001,C007,16,3840.0,2423.03
2025-10-05,P004,R001,C005,9,2160.0,1387.06
2025-10-05,P004,R002,C012,17,4080.0,2784.04
2025-10-05,P004,R002,C008,10,2400.0,1528.85
2025-10-05,P004,R002,C006,5,1200.0,825.72
2025-10-05,P004,R003,C009,20,4800.0,3199.67
2025-10-05,P004,R003,C003,10,2400.0,1654.85
2025-10-05,P004,R004,C010,6,1440.0,889.36
2025-10-05,P004,R004,C004,9,2160.0,1391.54
2025-10-05,P005,R001,C005,22,990.0,611.56
2025-10-05,P005,R001,C011,53,2385.0,1469.25
2025-10-05,P005,R001,C007,37,1665.0,977.87
2025-10-05,P005,R002,C002,37,1665.0,966.94
2025-10-05,P005,R002,C012,37,1665.0,1027.41
2025-10-05,P005,R002,C008,15,675.0,392.31
2025-10-05,P005,R003,C009,36,1620.0,913.62
2025-10-05,P005,R003,C003,28,1260.0,771.75
2025-10-05,P005,R004,C004,19,855.0,485.99
2025-10-05,P005,R004,C010,21,945.0,574.89
2025-10-05,P006,R001,C005,12,1440.0,957.14
2025-10-05,P006,R001,C007,26,3120.0,1887.85
2025-10-05,P006,R001,C011,39,4680.0,3070.62
2025-10-05,P006,R002,C006,6,720.0,451.13
2025-10-05,P006,R002,C008,11,1320.0,853.01
2025-10-05,P006,R002,C012,16,1920.0,1240.01
2025-10-05,P006,R002,C002,12,1440.0,881.31
2025-10-05,P006,R003,C003,18,2160.0,1441.16
2025-10-05,P006,R003,C009,16,1920.0,1241.71
2025-10-05,P006,R004,C010,8,960.0,579.11
2025-10-05,P006,R004,C004,15,1800.0,1170.02
2025-10-06,P001,R001,C011,24,9120.0,6443.88
2025-10-06,P001,R001,C005,8,3040.0,2018.3
2025-10-06,P001,R001,C001,20,7600.0,5309.04
2025-10-06,P001,R002,C012,26,9880.0,6932.79
2025-10-06,P001,R002,C008,15,5700.0,4072.19
2025-10-06,P001,R003,C003,8,3040.0,2026.97
2025-10-06,P001,R003,C009,16,6080.0,4340.1
2025-10-06,P001,R004,C010,8,3040.0,2071.16
2025-10-06,P001,R004,C004,6,2280.0,1460.22
2025-10-06,P002,R001,C005,34,2890.0,1879.55
2025-10-06,P002,R001,C001,148,12580.0,7855.58
2025-10-06,P002,R001,C011,104,8840.0,5589.94
2025-10-06,P002,R001,C007,71,6035.0,3688.81
2025-10-06,P002,R002,C006,38,3230.0,1927.67
2025-10-06,P002,R002,C012,109,9265.0,5558.48
2025-10-06,P002,R002,C008,64,5440.0,3223.14
2025-10-06,P002,R003,C009,106,9010.0,5331.91
2025-10-06,P002,R003,C003,47,3995.0,2429.14
2025-10-06,P002,R004,C010,27,2295.0,1390.79
2025-10-06,P002,R004,C004,39,3315.0,1965.46
2025-10-06,P003,R001,C005,3,1860.0,1289.14
2025-10-06,P003,R001,C001,7,4340.0,3169.82
2025-10-06,P003,R001,C011,7,4340.0,3119.28
2025-10-06,P003,R001,C007,6,3720.0,2634.44
2025-10-06,P003,R002,C002,8,4960.0,3281.85
2025-10-06,P003,R002,C008,6,3720.0,2724.98
2025-10-06,P003,R002,C006,3,1860.0,1326.15
2025-10-06,P003,R003,C003,6,3720.0,2692.63
2025-10-06,P003,R003,C009,9,5580.0,3949.79
2025-10-06,P003,R004,C010,2,1240.0,863.29
2025-10-06,P003,R004,C004,3,1860.0,1312.77
2025-10-06,P004,R001,C011,41,9840.0,6636.43
2025-10-06,P004,R001,C007,12,2880.0,1901.73
2025-10-06,P004,R001,C001,35,8400.0,5228.8
2025-10-06,P004,R002,C006,10,2400.0,1465.39
2025-10-06,P004,R002,C008,12,2880.0,1843.88
2025-10-06,P004,R002,C002,41,9840.0,6405.03
2025-10-06,P004,R003,C003,11,2640.0,1818.3
2025-10-06,P004,R003,C009,23,5520.0,3384.86
2025-10-06,P004,R004,C010,8,1920.0,1283.31
2025-10-06,P004,R004,C004,11,2640.0,1710.86
2025-10-06,P005,R001,C011,84,3780.0,2192.38
2025-10-06,P005,R001,C007,31,1395.0,799.75
2025-10-06,P005,R001,C001,88,3960.0,2174.12
2025-10-06,P005,R001,C005,23,1035.0,588.71
2025-10-06,P005,R002,C008,32,1440.0,810.32
2025-10-06,P005,R002,C006,24,1080.0,663.67
2025-10-06,P005,R002,C002,80,3600.0,2192.84
2025-10-06,P005,R003,C003,33,1485.0,857.09
2025-10-06,P005,R003,C009,56,2520.0,1405.76
2025-10-06,P005,R004,C004,36,1620.0,911.66
2025-10-06,P005,R004,C010,19,855.0,463.66
2025-10-06,P006,R001,C005,11,1320.0,846.57
2025-10-06,P006,R001,C007,23,2760.0,1839.21
2025-10-06,P006,R001,C011,48,5760.0,3892.65
2025-10-06,P006,R001,C001,43,5160.0,3473.02
2025-10-06,P006,R002,C012,28,3360.0,2104.11
2025-10-06,P006,R002,C006,12,1440.0,967.66
2025-10-06,P006,R002,C002,43,5160.0,3170.22
2025-10-06,P006,R003,C003,18,2160.0,1417.62
2025-10-06,P006,R003,C009,40,4800.0,3194.36
2025-10-06,P006,R004,C004,13,1560.0,953.0
2025-10-06,P006,R004,C010,14,1680.0,1034.98
2025-10-07,P001,R001,C011,33,12540.0,8754.11
2025-10-07,P001,R001,C001,28,10640.0,7473.09
2025-10-07,P001,R002,C008,8,3040.0,2046.97
2025-10-07,P001,R002,C002,12,4560.0,3268.97
2025-10-07,P001,R002,C006,5,1900.0,1324.54
2025-10-07,P001,R003,C009,16,6080.0,4147.56
2025-10-07,P001,R003,C003,7,2660.0,1803.5
2025-10-07,P001,R004,C004,5,1900.0,1309.36
2025-10-07,P001,R004,C010,6,2280.0,1516.91
2025-10-07,P002,R001,C011,178,15130.0,9767.28
2025-10-07,P002,R001,C001,169,14365.0,8985.85
2025-10-07,P002,R001,C007,92,7820.0,4615.05
2025-10-07,P002,R001,C005,51,4335.0,2574.14
2025-10-07,P002,R002,C008,51,4335.0,2630.32
2025-10-07,P002,R002,C006,26,2210.0,1324.45
2025-10-07,P002,R002,C012,69,5865.0,3616.68
2025-10-07,P002,R002,C002,107,9095.0,5779.76
2025-10-07,P002,R003,C009,111,9435.0,6224.38
2025-10-07,P002,R003,C003,98,8330.0,5157.4
2025-10-07,P002,R004,C004,54,4590.0,2844.91
2025-10-07,P002,R004,C010,31,2635.0,1705.37
2025-10-07,P003,R001,C011,9,5580.0,4009.77
2025-10-07,P003,R001,C001,11,6820.0,4921.57
2025-10-07,P003,R001,C005,3,1860.0,1251.46
2025-10-07,P003,R001,C007,6,3720.0,2505.32
2025-10-07,P003,R002,C012,6,3720.0,2605.02
2025-10-07,P003,R002,C002,6,3720.0,2693.59
2025-10-07,P003,R002,C006,3,1860.0,1360.7
2025-10-07,P003,R003,C009,8,4960.0,3612.22
2025-10-07,P003,R003,C003,6,3720.0,2634.59
2025-10-07,P003,R004,C010,3,1860.0,1300.0
2025-10-07,P003,R004,C004,3,1860.0,1253.58
2025-10-07,P004,R001,C007,11,2640.0,1742.32
2025-10-07,P004,R001,C005,8,1920.0,1323.09
2025-10-07,P004,R001,C001,25,6000.0,3860.83
2025-10-07,P004,R001,C011,23,5520.0,3776.77
2025-10-07,P004,R002,C002,31,7440.0,5048.94
2025-10-07,P004,R002,C008,17,4080.0,2650.95
2025-10-07,P004,R003,C003,13,3120.0,1986.02
2025-10-07,P004,R003,C009,26,6240.0,4171.28
2025-10-07,P004,R004,C010,6,1440.0,890.17
2025-10-07,P004,R004,C004,11,2640.0,1631.13
2025-10-07,P005,R001,C011,76,3420.0,1961.38
2025-10-07,P005,R001,C007,54,2430.0,1401.93
2025-10-07,P005,R001,C005,34,1530.0,926.2
2025-10-07,P005,R001,C001,91,4095.0,2461.95
2025-10-07,P005,R002,C012,58,2610.0,1528.24
2025-10-07,P005,R002,C002,76,3420.0,2038.13
2025-10-07,P005,R002,C006,22,990.0,594.54
2025-10-07,P005,R003,C009,50,2250.0,1253.23
2025-10-07,P005,R003,C003,35,1575.0,856.25
2025-10-07,P005,R004,C004,30,1350.0,762.54
2025-10-07,P005,R004,C010,15,675.0,374.5
2025-10-07,P006,R001,C011,63,7560.0,4826.99
2025-10-07,P006,R001,C005,19,2280.0,1450.33
2025-10-07,P006,R001,C007,42,5040.0,3374.65
2025-10-07,P006,R002,C006,16,1920.0,1214.01
2025-10-07,P006,R002,C012,37,4440.0,2882.8
2025-10-07,P006,R002,C002,31,3720.0,2323.43
2025-10-07,P006,R002,C008,17,2040.0,1255.96
2025-10-07,P006,R003,C003,21,2520.0,1521.56
2025-10-07,P006,R003,C009,39,4680.0,3122.11
2025-10-07,P006,R004,C004,22,2640.0,1639.27
2025-10-07,P006,R004,C010,18,2160.0,1329.82
2025-10-08,P001,R001,C005,5,1900.0,1288.45
2025-10-08,P001,R001,C001,18,6840.0,4757.3
2025-10-08,P001,R001,C007,10,3800.0,2563.45
2025-10-08,P001,R001,C011,15,5700.0,4098.34
2025-10-08,P001,R002,C006,6,2280.0,1477.87
2025-10-08,P001,R002,C008,9,3420.0,2399.59
2025-10-08,P001,R002,C012,22,8360.0,5554.72
2025-10-08,P001,R003,C009,13,4940.0,3413.28
2025-10-08,P001,R003,C003,9,3420.0,2366.53
2025-10-08,P001,R004,C010,5,1900.0,1264.33
2025-10-08,P001,R004,C004,6,2280.0,1626.13
2025-10-08,P002,R001,C007,179,15215.0,9603.33
2025-10-08,P002,R001,C005,107,9095.0,5532.17
2025-10-08,P002,R002,C002,96,8160.0,5197.45
2025-10-08,P002,R002,C006,57,4845.0,3045.1
2025-10-08,P002,R002,C008,54,4590.0,2791.63
2025-10-08,P002,R003,C003,56,4760.0,3087.68
2025-10-08,P002,R003,C009,81,6885.0,4273.51
2025-10-08,P002,R004,C004,66,5610.0,3383.19
2025-10-08,P002,R004,C010,34,2890.0,1737.65
2025-10-08,P003,R001,C011,13,8060.0,5405.57
2025-10-08,P003,R001,C005,3,1860.0,1305.04
2025-10-08,P003,R001,C001,13,8060.0,5888.19
2025-10-08,P003,R001,C007,7,4340.0,3208.82
2025-10-08,P003,R002,C008,10,6200.0,4153.38
2025-10-08,P003,R002,C006,10,6200.0,4517.84
2025-10-08,P003,R003,C003,3,1860.0,1337.99
2025-10-08,P003,R003,C009,7,4340.0,2933.93
2025-10-08,P003,R004,C010,2,1240.0,823.17
2025-10-08,P003,R004,C004,4,2480.0,1750.75
2025-10-08,P004,R001,C007,24,5760.0,3884.44
2025-10-08,P004,R001,C001,47,11280.0,7700.18
2025-10-08,P004,R002,C012,12,2880.0,1985.68
2025-10-08,P004,R002,C006,5,1200.0,821.23
2025-10-08,P004,R002,C008,7,1680.0,1085.37
2025-10-08,P004,R002,C002,14,3360.0,2070.29
2025-10-08,P004,R003,C003,14,3360.0,2082.15
2025-10-08,P004,R003,C009,20,4800.0,3105.96
2025-10-08,P004,R004,C004,10,2400.0,1599.86
2025-10-08,P004,R004,C010,9,2160.0,1350.32
2025-10-08,P005,R001,C001,88,3960.0,2198.38
2025-10-08,P005,R001,C007,50,2250.0,1376.19
2025-10-08,P005,R001,C005,33,1485.0,907.7
2025-10-08,P005,R001,C011,108,4860.0,2716.61
2025-10-08,P005,R002,C006,58,2610.0,1531.86
2025-10-08,P005,R002,C008,106,4770.0,2777.38
2025-10-08,P005,R003,C003,35,1575.0,959.65
2025-10-08,P005,R003,C009,35,1575.0,937.26
2025-10-08,P005,R004,C004,38,1710.0,982.74
2025-10-08,P005,R004,C010,27,1215.0,659.68
2025-10-08,P006,R001,C001,49,5880.0,3691.92
2025-10-08,P006,R001,C007,29,3480.0,2176.93
2025-10-08,P006,R001,C005,20,2400.0,1580.69
2025-10-08,P006,R002,C002,39,4680.0,3000.41
2025-10-08,P006,R002,C008,15,1800.0,1091.58
2025-10-08,P006,R002,C012,31,3720.0,2323.25
2025-10-08,P006,R002,C006,11,1320.0,861.41
2025-10-08,P006,R003,C003,33,3960.0,2385.97
2025-10-08,P006,R003,C009,49,5880.0,3990.81
2025-10-08,P006,R004,C004,18,2160.0,1322.33
2025-10-08,P006,R004,C010,11,1320.0,871.64
2025-10-09,P001,R001,C001,26,9880.0,6717.41
2025-10-09,P001,R001,C011,31,11780.0,8340.4
2025-10-09,P001,R002,C002,13,4940.0,3526.89
2025-10-09,P001,R002,C006,5,1900.0,1315.98
2025-10-09,P001,R002,C012,14,5320.0,3796.48
2025-10-09,P001,R003,C009,18,6840.0,4399.52
2025-10-09,P001,R003,C003,10,3800.0,2684.02
2025-10-09,P001,R004,C010,5,1900.0,1277.9
2025-10-09,P001,R004,C004,7,2660.0,1784.58
2025-10-09,P002,R001,C001,280,23800.0,14958.52
2025-10-09,P002,R001,C005,126,10710.0,6281.72
2025-10-09,P002,R002,C012,142,12070.0,7363.18
2025-10-09,P002,R002,C008,63,5355.0,3137.48
2025-10-09,P002,R002,C006,31,2635.0,1670.69
2025-10-09,P002,R003,C009,83,7055.0,4530.54
2025-10-09,P002,R003,C003,69,5865.0,3720.51
2025-10-09,P002,R004,C004,35,2975.0,1934.35
2025-10-09,P002,R004,C010,29,2465.0,1485.71
2025-10-09,P003,R001,C005,3,1860.0,1331.86
2025-10-09,P003,R001,C001,12,7440.0,5493.54
2025-10-09,P003,R001,C007,7,4340.0,2989.28
2025-10-09,P003,R002,C006,3,1860.0,1272.96
2025-10-09,P003,R002,C008,4,2480.0,1665.43
2025-10-09,P003,R002,C002,9,5580.0,3754.73
2025-10-09,P003,R002,C012,6,3720.0,2670.43
2025-10-09,P003,R003,C003,5,3100.0,2271.27
2025-10-09,P003,R003,C009,5,3100.0,2174.61
2025-10-09,P003,R004,C004,4,2480.0,1653.29
2025-10-09,P003,R004,C010,3,1860.0,1296.18
2025-10-09,P004,R001,C011,26,6240.0,4233.12
2025-10-09,P004,R001,C005,10,2400.0,1578.23
2025-10-09,P004,R001,C007,16,3840.0,2584.77
2025-10-09,P004,R001,C001,38,9120.0,5614.79
2025-10-09,P004,R002,C006,9,2160.0,1358.88
2025-10-09,P004,R002,C012,23,5520.0,3404.63
2025-10-09,P004,R002,C002,25,6000.0,3801.43
2025-10-09,P004,R003,C009,29,6960.0,4354.46
2025-10-09,P004,R003,C003,21,5040.0,3296.43
2025-10-09,P004,R004,C010,10,2400.0,1575.11
2025-10-09,P004,R004,C004,12,2880.0,1942.89
2025-10-09,P005,R001,C005,34,1530.0,940.64
2025-10-09,P005,R001,C011,76,3420.0,2065.14
2025-10-09,P005,R001,C001,68,3060.0,1749.8
2025-10-09,P005,R001,C007,36,1620.0,926.59
2025-10-09,P005,R002,C012,54,2430.0,1324.97
2025-10-09,P005,R002,C008,25,1125.0,608.32
2025-10-09,P005,R002,C002,42,1890.0,1133.13
2025-10-09,P005,R002,C006,12,540.0,294.71
2025-10-09,P005,R003,C009,66,2970.0,1746.77
2025-10-09,P005,R003,C003,38,1710.0,978.5
2025-10-09,P005,R004,C004,32,1440.0,882.61
2025-10-09,P005,R004,C010,21,945.0,581.76
2025-10-09,P006,R001,C011,31,3720.0,2408.17
2025-10-09,P006,R001,C007,15,1800.0,1159.86
2025-10-09,P006,R001,C001,30,3600.0,2287.62
2025-10-09,P006,R001,C005,14,1680.0,1049.9
2025-10-09,P006,R002,C002,32,3840.0,2590.37
2025-10-09,P006,R002,C006,13,1560.0,1045.27
2025-10-09,P006,R002,C012,43,5160.0,3384.66
2025-10-09,P006,R003,C003,18,2160.0,1372.03
2025-10-09,P006,R003,C009,35,4200.0,2612.05
2025-10-09,P006,R004,C010,12,1440.0,943.65
2025-10-09,P006,R004,C004,23,2760.0,1800.36
2025-10-10,P001,R001,C011,37,14060.0,9849.3
2025-10-10,P001,R001,C001,37,14060.0,9526.48
2025-10-10,P001,R002,C008,20,7600.0,5468.24
2025-10-10,P001,R002,C006,12,4560.0,3080.44
2025-10-10,P001,R003,C003,12,4560.0,2920.6
2025-10-10,P001,R003,C009,19,7220.0,5178.82
2025-10-10,P001,R004,C010,7,2660.0,1863.88
2025-10-10,P001,R004,C004,9,3420.0,2325.87
2025-10-10,P002,R001,C007,81,6885.0,4035.72
2025-10-10,P002,R001,C005,37,3145.0,2038.77
2025-10-10,P002,R001,C011,102,8670.0,5171.38
2025-10-10,P002,R001,C001,100,8500.0,5096.46
2025-10-10,P002,R002,C002,84,7140.0,4646.16
2025-10-10,P002,R002,C012,61,5185.0,3105.43
2025-10-10,P002,R002,C008,40,3400.0,2064.75
2025-10-10,P002,R003,C009,107,9095.0,5407.01
2025-10-10,P002,R003,C003,50,4250.0,2637.94
2025-10-10,P002,R004,C004,63,5355.0,3188.1
2025-10-10,P002,R004,C010,47,3995.0,2367.53
2025-10-10,P003,R001,C001,12,7440.0,4998.41
2025-10-10,P003,R001,C011,9,5580.0,3747.63
2025-10-10,P003,R001,C005,4,2480.0,1826.33
2025-10-10,P003,R001,C007,6,3720.0,2486.22
2025-10-10,P003,R002,C006,2,1240.0,848.43
2025-10-10,P003,R002,C002,8,4960.0,3396.63
2025-10-10,P003,R002,C012,9,5580.0,4033.73
2025-10-10,P003,R002,C008,3,1860.0,1307.09
2025-10-10,P003,R003,C003,4,2480.0,1762.74
2025-10-10,P003,R003,C009,7,4340.0,2929.02
2025-10-10,P003,R004,C010,4,2480.0,1798.01
2025-10-10,P003,R004,C004,4,2480.0,1788.04
2025-10-10,P004,R001,C001,31,7440.0,4576.38
2025-10-10,P004,R001,C007,13,3120.0,2107.44
2025-10-10,P004,R001,C011,28,6720.0,4244.56
2025-10-10,P004,R001,C005,9,2160.0,1424.24
2025-10-10,P004,R002,C002,27,6480.0,4454.65
2025-10-10,P004,R002,C006,15,3600.0,2450.34
2025-10-10,P004,R003,C009,30,7200.0,4453.48
2025-10-10,P004,R003,C003,15,3600.0,2327.34
2025-10-10,P004,R004,C004,8,1920.0,1232.67
2025-10-10,P004,R004,C010,8,1920.0,1208.78
2025-10-10,P005,R001,C007,61,2745.0,1538.86
2025-10-10,P005,R001,C011,119,5355.0,3302.51
2025-10-10,P005,R001,C001,83,3735.0,2097.76
2025-10-10,P005,R002,C002,34,1530.0,916.81
2025-10-10,P005,R002,C008,20,900.0,515.34
2025-10-10,P005,R002,C006,12,540.0,296.9
2025-10-10,P005,R002,C012,51,2295.0,1324.48
2025-10-10,P005,R003,C009,82,3690.0,2217.88
2025-10-10,P005,R003,C003,34,1530.0,847.25
2025-10-10,P005,R004,C010,26,1170.0,678.14
2025-10-10,P005,R004,C004,27,1215.0,704.36
2025-10-10,P006,R001,C007,26,3120.0,1995.67
2025-10-10,P006,R001,C005,27,3240.0,2067.65
2025-10-10,P006,R001,C011,79,9480.0,6073.7
2025-10-10,P006,R002,C006,16,1920.0,1259.71
2025-10-10,P006,R002,C012,32,3840.0,2512.64
2025-10-10,P006,R002,C008,26,3120.0,1913.47
2025-10-10,P006,R003,C003,27,3240.0,2114.85
2025-10-10,P006,R003,C009,29,3480.0,2344.03
2025-10-10,P006,R004,C010,17,2040.0,1290.24
2025-10-10,P006,R004,C004,17,2040.0,1376.15
2025-10-11,P001,R001,C011,16,6080.0,4112.31
2025-10-11,P001,R001,C005,4,1520.0,1028.73
2025-10-11,P001,R001,C001,12,4560.0,3030.23
2025-10-11,P001,R002,C006,5,1900.0,1246.09
2025-10-11,P001,R002,C012,12,4560.0,3226.65
2025-10-11,P001,R003,C003,5,1900.0,1345.98
2025-10-11,P001,R003,C009,10,3800.0,2702.66
2025-10-11,P001,R004,C004,4,1520.0,1037.45
2025-10-11,P001,R004,C010,5,1900.0,1253.96
2025-10-11,P002,R001,C001,103,8755.0,5755.81
2025-10-11,P002,R001,C007,53,4505.0,2670.24
2025-10-11,P002,R001,C011,97,8245.0,5349.04
2025-10-11,P002,R002,C002,65,5525.0,3398.64
2025-10-11,P002,R002,C012,53,4505.0,2921.43
2025-10-11,P002,R002,C008,39,3315.0,1985.99
2025-10-11,P002,R003,C009,66,5610.0,3272.67
2025-10-11,P002,R003,C003,43,3655.0,2244.99
2025-10-11,P002,R004,C010,26,2210.0,1395.59
2025-10-11,P002,R004,C004,35,2975.0,1889.46
2025-10-11,P003,R001,C005,2,1240.0,872.78
2025-10-11,P003,R001,C007,3,1860.0,1255.76
2025-10-11,P003,R001,C011,5,3100.0,2279.38
2025-10-11,P003,R001,C001,3,1860.0,1359.49
2025-10-11,P003,R002,C012,4,2480.0,1667.54
2025-10-11,P003,R002,C008,2,1240.0,899.41
2025-10-11,P003,R002,C006,1,620.0,411.82
2025-10-11,P003,R002,C002,3,1860.0,1375.01
2025-10-11,P003,R003,C009,4,2480.0,1789.58
2025-10-11,P003,R003,C003,3,1860.0,1304.22
2025-10-11,P003,R004,C010,1,620.0,421.25
2025-10-11,P003,R004,C004,2,1240.0,869.81
2025-10-11,P004,R001,C005,12,2880.0,1777.04
2025-10-11,P004,R001,C011,34,8160.0,5177.45
2025-10-11,P004,R001,C007,17,4080.0,2806.22
2025-10-11,P004,R002,C012,18,4320.0,2858.95
2025-10-11,P004,R002,C006,10,2400.0,1607.33
2025-10-11,P004,R003,C009,18,4320.0,2778.98
2025-10-11,P004,R003,C003,7,1680.0,1105.06
2025-10-11,P004,R004,C004,9,2160.0,1464.07
2025-10-11,P004,R004,C010,7,1680.0,1083.62
2025-10-11,P005,R001,C001,44,1980.0,1142.43
2025-10-11,P005,R001,C005,20,900.0,495.08
2025-10-11,P005,R001,C011,50,2250.0,1363.3
2025-10-11,P005,R001,C007,27,1215.0,683.57
2025-10-11,P005,R002,C008,77,3465.0,2063.37
2025-10-11,P005,R002,C006,47,2115.0,1240.48
2025-10-11,P005,R003,C003,26,1170.0,683.55
2025-10-11,P005,R003,C009,30,1350.0,823.32
2025-10-11,P005,R004,C004,20,900.0,520.35
2025-10-11,P005,R004,C010,14,630.0,377.74
2025-10-11,P006,R001,C007,18,2160.0,1451.92
2025-10-11,P006,R001,C011,51,6120.0,3800.61
2025-10-11,P006,R001,C005,11,1320.0,857.25
2025-10-11,P006,R002,C012,29,3480.0,2127.03
2025-10-11,P006,R002,C002,24,2880.0,1929.85
2025-10-11,P006,R002,C006,7,840.0,536.31
2025-10-11,P006,R003,C009,17,2040.0,1256.75
2025-10-11,P006,R003,C003,13,1560.0,1002.12
2025-10-11,P006,R004,C010,9,1080.0,684.82
2025-10-11,P006,R004,C004,14,1680.0,1112.07
2025-10-12,P001,R001,C007,9,3420.0,2404.51
2025-10-12,P001,R001,C001,25,9500.0,6239.71
2025-10-12,P001,R001,C005,6,2280.0,1529.66
2025-10-12,P001,R002,C006,4,1520.0,1010.03
2025-10-12,P001,R002,C008,7,2660.0,1880.69
2025-10-12,P001,R002,C012,12,4560.0,3145.96
2025-10-12,P001,R003,C009,9,3420.0,2204.41
2025-10-12,P001,R003,C003,6,2280.0,1492.51
2025-10-12,P001,R004,C010,4,1520.0,1045.51
2025-10-12,P001,R004,C004,5,1900.0,1365.05
2025-10-12,P002,R001,C011,107,9095.0,5684.81
2025-10-12,P002,R001,C005,22,1870.0,1170.53
2025-10-12,P002,R001,C001,89,7565.0,4429.02
2025-10-12,P002,R002,C012,69,5865.0,3657.04
2025-10-12,P002,R002,C006,20,1700.0,1114.78
2025-10-12,P002,R002,C008,24,2040.0,1205.67
2025-10-12,P002,R002,C002,71,6035.0,3682.23
2025-10-12,P002,R003,C003,35,2975.0,1859.63
2025-10-12,P002,R003,C009,46,3910.0,2449.5
2025-10-12,P002,R004,C010,27,2295.0,1485.86
2025-10-12,P002,R004,C004,35,2975.0,1900.41
2025-10-12,P003,R001,C007,2,1240.0,859.22
2025-10-12,P003,R001,C001,5,3100.0,2105.04
2025-10-12,P003,R001,C011,6,3720.0,2503.07
2025-10-12,P003,R002,C006,2,1240.0,892.01
2025-10-12,P003,R002,C008,3,1860.0,1227.7
2025-10-12,P003,R002,C012,5,3100.0,2240.26
2025-10-12,P003,R003,C009,3,1860.0,1293.07
2025-10-12,P003,R003,C003,3,1860.0,1311.8
2025-10-12,P003,R004,C010,1,620.0,436.35
2025-10-12,P003,R004,C004,3,1860.0,1368.23
2025-10-12,P004,R001,C005,11,2640.0,1711.24
2025-10-12,P004,R001,C011,36,8640.0,5362.23
2025-10-12,P004,R001,C007,18,4320.0,2695.42
2025-10-12,P004,R002,C002,11,2640.0,1649.42
2025-10-12,P004,R002,C012,13,3120.0,2124.5
2025-10-12,P004,R002,C008,8,1920.0,1196.66
2025-10-12,P004,R002,C006,5,1200.0,779.11
2025-10-12,P004,R003,C009,12,2880.0,1807.28
2025-10-12,P004,R003,C003,10,2400.0,1582.83
2025-10-12,P004,R004,C004,7,1680.0,1027.59
2025-10-12,P004,R004,C010,3,720.0,473.52
2025-10-12,P005,R001,C005,45,2025.0,1191.18
2025-10-12,P005,R001,C001,108,4860.0,2798.15
2025-10-12,P005,R002,C012,35,1575.0,931.19
2025-10-12,P005,R002,C008,18,810.0,485.55
2025-10-12,P005,R002,C002,24,1080.0,605.74
2025-10-12,P005,R002,C006,7,315.0,189.69
2025-10-12,P005,R003,C009,56,2520.0,1527.52
2025-10-12,P005,R003,C003,27,1215.0,706.32
2025-10-12,P005,R004,C010,17,765.0,444.35
2025-10-12,P005,R004,C004,19,855.0,481.17
2025-10-12,P006,R001,C007,13,1560.0,1033.92
2025-10-12,P006,R001,C001,31,3720.0,2458.17
2025-10-12,P006,R001,C011,34,4080.0,2681.13
2025-10-12,P006,R001,C005,9,1080.0,732.74
2025-10-12,P006,R002,C008,8,960.0,610.58
2025-10-12,P006,R002,C002,21,2520.0,1673.11
2025-10-12,P006,R002,C012,18,2160.0,1391.86
2025-10-12,P006,R002,C006,7,840.0,516.22
2025-10-12,P006,R003,C009,31,3720.0,2328.94
2025-10-12,P006,R003,C003,12,1440.0,911.9
2025-10-12,P006,R004,C010,8,960.0,634.57
2025-10-12,P006,R004,C004,10,1200.0,788.44
2025-10-13,P001,R001,C007,10,3800.0,2651.97
2025-10-13,P001,R001,C011,12,4560.0,3247.62
2025-10-13,P001,R001,C005,6,2280.0,1563.56
2025-10-13,P001,R001,C001,16,6080.0,4218.69
2025-10-13,P001,R002,C012,10,3800.0,2557.27
2025-10-13,P001,R002,C006,3,1140.0,782.86
2025-10-13,P001,R002,C008,6,2280.0,1476.49
2025-10-13,P001,R002,C002,7,2660.0,1904.14
2025-10-13,P001,R003,C003,13,4940.0,3318.23
2025-10-13,P001,R003,C009,21,7980.0,5281.42
2025-10-13,P001,R004,C004,6,2280.0,1636.35
2025-10-13,P001,R004,C010,5,1900.0,1305.73
2025-10-13,P002,R001,C005,193,16405.0,9796.52
2025-10-13,P002,R001,C007,298,25330.0,15326.49
2025-10-13,P002,R002,C002,99,8415.0,5453.76
2025-10-13,P002,R002,C008,61,5185.0,3162.18
2025-10-13,P002,R002,C012,101,8585.0,5378.21
2025-10-13,P002,R003,C003,46,3910.0,2311.51
2025-10-13,P002,R003,C009,100,8500.0,5296.69
2025-10-13,P002,R004,C004,59,5015.0,3037.35
2025-10-13,P002,R004,C010,48,4080.0,2577.33
2025-10-13,P003,R001,C007,4,2480.0,1720.45
2025-10-13,P003,R001,C001,10,6200.0,4469.6
2025-10-13,P003,R001,C011,6,3720.0,2501.23
2025-10-13,P003,R002,C002,7,4340.0,3114.27
2025-10-13,P003,R002,C008,5,3100.0,2111.61
2025-10-13,P003,R002,C012,6,3720.0,2545.42
2025-10-13,P003,R003,C009,7,4340.0,3067.24
2025-10-13,P003,R003,C003,5,3100.0,2213.59
2025-10-13,P003,R004,C004,3,1860.0,1272.29
2025-10-13,P003,R004,C010,2,1240.0,911.11
2025-10-13,P004,R001,C005,6,1440.0,889.02
2025-10-13,P004,R001,C001,31,7440.0,4815.61
2025-10-13,P004,R001,C011,30,7200.0,4677.3
2025-10-13,P004,R001,C007,11,2640.0,1612.66
2025-10-13,P004,R002,C006,8,1920.0,1314.23
2025-10-13,P004,R002,C012,30,7200.0,4951.66
2025-10-13,P004,R002,C008,15,3600.0,2234.73
2025-10-13,P004,R003,C003,9,2160.0,1348.86
2025-10-13,P004,R003,C009,20,4800.0,3271.48
2025-10-13,P004,R004,C010,7,1680.0,1150.75
2025-10-13,P004,R004,C004,12,2880.0,1978.65
2025-10-13,P005,R001,C007,64,2880.0,1770.95
2025-10-13,P005,R001,C001,79,3555.0,1988.86
2025-10-13,P005,R001,C005,28,1260.0,770.99
2025-10-13,P005,R002,C012,101,4545.0,2523.97
2025-10-13,P005,R002,C006,33,1485.0,822.36
2025-10-13,P005,R003,C009,85,3825.0,2203.2
2025-10-13,P005,R003,C003,49,2205.0,1355.59
2025-10-13,P005,R004,C010,34,1530.0,879.94
2025-10-13,P005,R004,C004,33,1485.0,896.3
2025-10-13,P006,R001,C001,59,7080.0,4728.91
2025-10-13,P006,R001,C005,21,2520.0,1638.26
2025-10-13,P006,R001,C011,45,5400.0,3496.66
2025-10-13,P006,R002,C008,21,2520.0,1564.35
2025-10-13,P006,R002,C006,10,1200.0,749.2
2025-10-13,P006,R002,C002,41,4920.0,3105.81
2025-10-13,P006,R003,C003,30,3600.0,2244.6
2025-10-13,P006,R003,C009,41,4920.0,3097.82
2025-10-13,P006,R004,C004,20,2400.0,1600.77
2025-10-13,P006,R004,C010,9,1080.0,684.39
2025-10-14,P001,R001,C011,18,6840.0,4847.16
2025-10-14,P001,R001,C007,8,3040.0,2188.51
2025-10-14,P001,R001,C005,6,2280.0,1596.54
2025-10-14,P001,R002,C002,13,4940.0,3194.29
2025-10-14,P001,R002,C012,14,5320.0,3650.09
2025-10-14,P001,R002,C006,3,1140.0,820.03
2025-10-14,P001,R002,C008,5,1900.0,1332.51
2025-10-14,P001,R003,C009,11,4180.0,2711.25
2025-10-14,P001,R003,C003,6,2280.0,1640.42
2025-10-14,P001,R004,C010,4,1520.0,982.91
2025-10-14,P001,R004,C004,7,2660.0,1777.49
2025-10-14,P002,R001,C005,142,12070.0,7542.85
2025-10-14,P002,R001,C007,207,17595.0,10902.46
2025-10-14,P002,R002,C008,46,3910.0,2349.19
2025-10-14,P002,R002,C006,26,2210.0,1339.5
2025-10-14,P002,R002,C012,59,5015.0,3011.94
2025-10-14,P002,R002,C002,76,6460.0,4121.05
2025-10-14,P002,R003,C009,75,6375.0,3704.98
2025-10-14,P002,R003,C003,63,5355.0,3415.37
2025-10-14,P002,R004,C004,29,2465.0,1506.55
2025-10-14,P002,R004,C010,43,3655.0,2132.49
2025-10-14,P003,R001,C001,17,10540.0,7080.61
2025-10-14,P003,R001,C005,7,4340.0,2916.84
2025-10-14,P003,R002,C006,2,1240.0,853.3
2025-10-14,P003,R002,C008,3,1860.0,1283.73
2025-10-14,P003,R002,C012,5,3100.0,2070.5
2025-10-14,P003,R002,C002,7,4340.0,3089.55
2025-10-14,P003,R003,C009,9,5580.0,4069.47
2025-10-14,P003,R003,C003,6,3720.0,2506.28
2025-10-14,P003,R004,C010,3,1860.0,1358.27
2025-10-14,P003,R004,C004,2,1240.0,833.74
2025-10-14,P004,R001,C011,26,6240.0,4148.22
2025-10-14,P004,R001,C001,29,6960.0,4610.33
2025-10-14,P004,R001,C007,11,2640.0,1636.58
2025-10-14,P004,R002,C012,26,6240.0,4111.15
2025-10-14,P004,R002,C006,13,3120.0,1997.9
2025-10-14,P004,R003,C003,22,5280.0,3226.1
2025-10-14,P004,R003,C009,29,6960.0,4446.98
2025-10-14,P004,R004,C010,6,1440.0,989.3
2025-10-14,P004,R004,C004,9,2160.0,1419.55
2025-10-14,P005,R001,C001,109,4905.0,2980.83
2025-10-14,P005,R001,C007,40,1800.0,1093.06
2025-10-14,P005,R001,C011,96,4320.0,2467.35
2025-10-14,P005,R002,C002,50,2250.0,1265.26
2025-10-14,P005,R002,C012,51,2295.0,1241.32
2025-10-14,P005,R002,C008,24,1080.0,610.99
2025-10-14,P005,R002,C006,13,585.0,317.66
2025-10-14,P005,R003,C009,43,1935.0,1173.7
2025-10-14,P005,R003,C003,34,1530.0,925.19
2025-10-14,P005,R004,C010,24,1080.0,633.89
2025-10-14,P005,R004,C004,22,990.0,561.66
2025-10-14,P006,R001,C001,95,11400.0,7420.63
2025-10-14,P006,R001,C005,35,4200.0,2784.6
2025-10-14,P006,R002,C008,19,2280.0,1488.12
2025-10-14,P006,R002,C002,24,2880.0,1804.98
2025-10-14,P006,R002,C012,32,3840.0,2464.2
2025-10-14,P006,R003,C003,23,2760.0,1851.32
2025-10-14,P006,R003,C009,44,5280.0,3312.07
2025-10-14,P006,R004,C010,15,1800.0,1135.73
2025-10-14,P006,R004,C004,14,1680.0,1055.44
2025-10-15,P001,R001,C005,12,4560.0,2960.11
2025-10-15,P001,R001,C001,39,14820.0,10174.36
2025-10-15,P001,R001,C007,14,5320.0,3406.42
2025-10-15,P001,R002,C002,13,4940.0,3186.91
2025-10-15,P001,R002,C006,3,1140.0,797.74
2025-10-15,P001,R002,C012,16,6080.0,4081.76
2025-10-15,P001,R003,C003,9,3420.0,2430.75
2025-10-15,P001,R003,C009,11,4180.0,2858.3
2025-10-15,P001,R004,C004,5,1900.0,1319.23
2025-10-15,P001,R004,C010,6,2280.0,1522.81
2025-10-15,P002,R001,C011,156,13260.0,8181.42
2025-10-15,P002,R001,C001,214,18190.0,11966.7
2025-10-15,P002,R002,C008,71,6035.0,3839.58
2025-10-15,P002,R002,C002,113,9605.0,6290.1
2025-10-15,P002,R003,C009,123,10455.0,6759.83
2025-10-15,P002,R003,C003,69,5865.0,3816.75
2025-10-15,P002,R004,C010,45,3825.0,2351.13
2025-10-15,P002,R004,C004,49,4165.0,2616.82
2025-10-15,P003,R001,C007,7,4340.0,2949.2
2025-10-15,P003,R001,C005,6,3720.0,2483.87
2025-10-15,P003,R001,C001,15,9300.0,6230.32
2025-10-15,P003,R002,C008,5,3100.0,2289.25
2025-10-15,P003,R002,C002,12,7440.0,5365.7
2025-10-15,P003,R002,C006,4,2480.0,1713.45
2025-10-15,P003,R003,C003,4,2480.0,1785.55
2025-10-15,P003,R003,C009,7,4340.0,3093.87
2025-10-15,P003,R004,C004,4,2480.0,1653.22
2025-10-15,P003,R004,C010,3,1860.0,1228.32
2025-10-15,P004,R001,C001,28,6720.0,4390.83
2025-10-15,P004,R001,C005,6,1440.0,931.59
2025-10-15,P004,R001,C007,10,2400.0,1556.01
2025-10-15,P004,R001,C011,26,6240.0,4241.62
2025-10-15,P004,R002,C008,15,3600.0,2204.42
2025-10-15,P004,R002,C012,32,7680.0,5291.2
2025-10-15,P004,R002,C006,11,2640.0,1799.27
2025-10-15,P004,R003,C003,17,4080.0,2515.38
2025-10-15,P004,R003,C009,17,4080.0,2526.37
2025-10-15,P004,R004,C010,10,2400.0,1572.76
2025-10-15,P004,R004,C004,13,3120.0,1948.44
2025-10-15,P005,R001,C011,103,4635.0,2625.12
2025-10-15,P005,R001,C007,55,2475.0,1370.03
2025-10-15,P005,R001,C001,86,3870.0,2283.47
2025-10-15,P005,R002,C012,68,3060.0,1706.88
2025-10-15,P005,R002,C006,25,1125.0,642.2
2025-10-15,P005,R002,C002,50,2250.0,1349.36
2025-10-15,P005,R002,C008,38,1710.0,1010.8
2025-10-15,P005,R003,C009,52,2340.0,1448.48
2025-10-15,P005,R003,C003,52,2340.0,1297.33
2025-10-15,P005,R004,C010,27,1215.0,676.63
2025-10-15,P005,R004,C004,29,1305.0,713.49
2025-10-15,P006,R001,C011,59,7080.0,4289.36
2025-10-15,P006,R001,C001,71,8520.0,5651.04
2025-10-15,P006,R001,C005,20,2400.0,1570.2
2025-10-15,P006,R002,C002,37,4440.0,2957.78
2025-10-15,P006,R002,C006,12,1440.0,927.66
2025-10-15,P006,R002,C012,28,3360.0,2118.92
2025-10-15,P006,R002,C008,19,2280.0,1521.39
2025-10-15,P006,R003,C003,15,1800.0,1207.06
2025-10-15,P006,R003,C009,28,3360.0,2273.08
2025-10-15,P006,R004,C004,21,2520.0,1692.39
2025-10-15,P006,R004,C010,14,1680.0,1025.88
2025-10-16,P001,R001,C011,33,12540.0,8673.06
2025-10-16,P001,R001,C007,19,7220.0,5113.32
2025-10-16,P001,R002,C002,13,4940.0,3298.38
2025-10-16,P001,R002,C008,6,2280.0,1491.18
2025-10-16,P001,R002,C012,10,3800.0,2494.63
2025-10-16,P001,R003,C009,11,4180.0,2931.04
2025-10-16,P001,R003,C003,8,3040.0,2188.44
2025-10-16,P001,R004,C004,6,2280.0,1497.78
2025-10-16,P001,R004,C010,7,2660.0,1785.61
2025-10-16,P002,R001,C005,55,4675.0,3044.63
2025-10-16,P002,R001,C011,134,11390.0,6841.55
2025-10-16,P002,R001,C001,190,16150.0,9476.71
2025-10-16,P002,R002,C012,79,6715.0,4347.42
2025-10-16,P002,R002,C006,24,2040.0,1300.8
2025-10-16,P002,R002,C002,93,7905.0,4962.56
2025-10-16,P002,R002,C008,42,3570.0,2252.4
2025-10-16,P002,R003,C003,66,5610.0,3479.1
2025-10-16,P002,R003,C009,98,8330.0,5086.46
2025-10-16,P002,R004,C004,44,3740.0,2251.91
2025-10-16,P002,R004,C010,41,3485.0,2081.64
2025-10-16,P003,R001,C011,12,7440.0,4912.99
2025-10-16,P003,R001,C005,3,1860.0,1324.85
2025-10-16,P003,R001,C001,8,4960.0,3295.28
2025-10-16,P003,R001,C007,5,3100.0,2128.79
2025-10-16,P003,R002,C012,7,4340.0,3139.48
2025-10-16,P003,R002,C002,5,3100.0,2248.65
2025-10-16,P003,R002,C008,2,1240.0,819.63
2025-10-16,P003,R002,C006,2,1240.0,917.07
2025-10-16,P003,R003,C009,5,3100.0,2214.77
2025-10-16,P003,R003,C003,6,3720.0,2633.76
2025-10-16,P003,R004,C004,3,1860.0,1332.21
2025-10-16,P003,R004,C010,2,1240.0,843.36
2025-10-16,P004,R001,C007,21,5040.0,3232.48
2025-10-16,P004,R001,C001,36,8640.0,5680.04
2025-10-16,P004,R002,C008,8,1920.0,1321.74
2025-10-16,P004,R002,C012,24,5760.0,3720.02
2025-10-16,P004,R002,C002,23,5520.0,3392.84
2025-10-16,P004,R002,C006,5,1200.0,749.0
2025-10-16,P004,R003,C003,21,5040.0,3456.87
2025-10-16,P004,R003,C009,31,7440.0,4974.86
2025-10-16,P004,R004,C010,8,1920.0,1243.82
2025-10-16,P004,R004,C004,11,2640.0,1681.24
2025-10-16,P005,R001,C005,59,2655.0,1561.38
2025-10-16,P005,R001,C001,178,8010.0,4573.29
2025-10-16,P005,R002,C008,40,1800.0,1078.69
2025-10-16,P005,R002,C006,19,855.0,475.27
2025-10-16,P005,R002,C002,74,3330.0,1926.36
2025-10-16,P005,R003,C003,49,2205.0,1349.83
2025-10-16,P005,R003,C009,74,3330.0,1875.9
2025-10-16,P005,R004,C010,18,810.0,500.22
2025-10-16,P005,R004,C004,23,1035.0,594.99
2025-10-16,P006,R001,C005,15,1800.0,1102.27
2025-10-16,P006,R001,C011,54,6480.0,4393.66
2025-10-16,P006,R001,C007,22,2640.0,1775.95
2025-10-16,P006,R001,C001,43,5160.0,3185.99
2025-10-16,P006,R002,C006,12,1440.0,975.51
2025-10-16,P006,R002,C012,38,4560.0,2921.45
2025-10-16,P006,R002,C002,40,4800.0,3030.0
2025-10-16,P006,R003,C003,29,3480.0,2260.79
2025-10-16,P006,R003,C009,34,4080.0,2565.46
2025-10-16,P006,R004,C004,18,2160.0,1380.27
2025-10-16,P006,R004,C010,16,1920.0,1257.25
2025-10-17,P001,R001,C007,12,4560.0,3130.98
2025-10-17,P001,R001,C005,8,3040.0,1960.49
2025-10-17,P001,R001,C001,20,7600.0,5259.65
2025-10-17,P001,R002,C006,4,1520.0,1060.97
2025-10-17,P001,R002,C012,15,5700.0,3656.77
2025-10-17,P001,R002,C008,9,3420.0,2292.62
2025-10-17,P001,R003,C003,9,3420.0,2377.39
2025-10-17,P001,R003,C009,18,6840.0,4593.24
2025-10-17,P001,R004,C004,6,2280.0,1547.42
2025-10-17,P001,R004,C010,4,1520.0,1033.04
2025-10-17,P002,R001,C005,30,2550.0,1550.72
2025-10-17,P002,R001,C001,138,11730.0,6810.93
2025-10-17,P002,R001,C011,139,11815.0,7661.27
2025-10-17,P002,R001,C007,44,3740.0,2303.89
2025-10-17,P002,R002,C008,45,3825.0,2364.09
2025-10-17,P002,R002,C012,99,8415.0,5198.68
2025-10-17,P002,R002,C006,38,3230.0,1954.73
2025-10-17,P002,R003,C009,87,7395.0,4340.06
2025-10-17,P002,R003,C003,59,5015.0,3226.16
2025-10-17,P002,R004,C004,40,3400.0,2053.98
2025-10-17,P002,R004,C010,25,2125.0,1252.38
2025-10-17,P003,R001,C011,7,4340.0,3128.46
2025-10-17,P003,R001,C005,2,1240.0,875.64
2025-10-17,P003,R001,C001,6,3720.0,2723.22
2025-10-17,P003,R001,C007,3,1860.0,1332.79
2025-10-17,P003,R002,C008,2,1240.0,878.96
2025-10-17,P003,R002,C012,5,3100.0,2122.77
2025-10-17,P003,R002,C002,4,2480.0,1753.26
2025-10-17,P003,R002,C006,1,620.0,409.57
2025-10-17,P003,R003,C003,4,2480.0,1745.64
2025-10-17,P003,R003,C009,5,3100.0,2271.9
2025-10-17,P003,R004,C004,3,1860.0,1349.94
2025-10-17,P003,R004,C010,2,1240.0,854.73
2025-10-17,P004,R001,C001,33,7920.0,4929.29
2025-10-17,P004,R001,C005,10,2400.0,1646.62
2025-10-17,P004,R001,C007,13,3120.0,1916.05
2025-10-17,P004,R001,C011,38,9120.0,6201.82
2025-10-17,P004,R002,C008,19,4560.0,3017.43
2025-10-17,P004,R002,C012,44,10560.0,7102.65
2025-10-17,P004,R003,C009,28,6720.0,4389.01
2025-10-17,P004,R003,C003,19,4560.0,3006.5
2025-10-17,P004,R004,C004,12,2880.0,1818.42
2025-10-17,P004,R004,C010,7,1680.0,1126.0
2025-10-17,P005,R001,C001,106,4770.0,2797.22
2025-10-17,P005,R001,C007,39,1755.0,1015.01
2025-10-17,P005,R001,C011,100,4500.0,2522.99
2025-10-17,P005,R002,C008,24,1080.0,595.72
2025-10-17,P005,R002,C012,51,2295.0,1384.77
2025-10-17,P005,R002,C002,66,2970.0,1750.99
2025-10-17,P005,R002,C006,20,900.0,487.41
2025-10-17,P005,R003,C009,54,2430.0,1474.6
2025-10-17,P005,R003,C003,45,2025.0,1244.24
2025-10-17,P005,R004,C004,27,1215.0,703.77
2025-10-17,P005,R004,C010,26,1170.0,700.38
2025-10-17,P006,R001,C011,110,13200.0,8064.27
2025-10-17,P006,R001,C007,52,6240.0,3777.77
2025-10-17,P006,R002,C002,27,3240.0,2076.22
2025-10-17,P006,R002,C012,31,3720.0,2376.52
2025-10-17,P006,R002,C006,12,1440.0,962.04
2025-10-17,P006,R002,C008,11,1320.0,833.53
2025-10-17,P006,R003,C003,21,2520.0,1560.15
2025-10-17,P006,R003,C009,37,4440.0,2923.04
2025-10-17,P006,R004,C010,18,2160.0,1462.96
2025-10-17,P006,R004,C004,17,2040.0,1347.82
2025-10-18,P001,R001,C005,7,2660.0,1869.75
2025-10-18,P001,R001,C001,18,6840.0,4583.12
2025-10-18,P001,R001,C007,8,3040.0,1982.14
2025-10-18,P001,R002,C006,3,1140.0,786.12
2025-10-18,P001,R002,C012,9,3420.0,2379.27
2025-10-18,P001,R002,C002,8,3040.0,2060.72
2025-10-18,P001,R003,C009,8,3040.0,2027.24
2025-10-18,P001,R003,C003,6,2280.0,1566.54
2025-10-18,P001,R004,C004,5,1900.0,1275.07
2025-10-18,P001,R004,C010,4,1520.0,1029.89
2025-10-18,P002,R001,C011,90,7650.0,4650.74
2025-10-18,P002,R001,C001,71,6035.0,3544.79
2025-10-18,P002,R001,C007,49,4165.0,2687.43
2025-10-18,P002,R001,C005,19,1615.0,957.1
2025-10-18,P002,R002,C012,111,9435.0,6001.41
2025-10-18,P002,R002,C006,23,1955.0,1184.93
2025-10-18,P002,R002,C008,34,2890.0,1835.76
2025-10-18,P002,R003,C009,54,4590.0,2677.0
2025-10-18,P002,R003,C003,32,2720.0,1665.29
2025-10-18,P002,R004,C010,19,1615.0,940.88
2025-10-18,P002,R004,C004,23,1955.0,1282.52
2025-10-18,P003,R001,C005,5,3100.0,2134.75
2025-10-18,P003,R001,C011,16,9920.0,6596.89
2025-10-18,P003,R002,C012,9,5580.0,4123.72
2025-10-18,P003,R002,C006,2,1240.0,869.5
2025-10-18,P003,R003,C009,5,3100.0,2115.61
2025-10-18,P003,R003,C003,4,2480.0,1791.55
2025-10-18,P003,R004,C004,2,1240.0,868.88
2025-10-18,P003,R004,C010,2,1240.0,900.16
2025-10-18,P004,R001,C011,17,4080.0,2537.22
2025-10-18,P004,R001,C001,19,4560.0,2847.35
2025-10-18,P004,R002,C012,11,2640.0,1695.86
2025-10-18,P004,R002,C006,4,960.0,628.37
2025-10-18,P004,R002,C008,7,1680.0,1036.39
2025-10-18,P004,R002,C002,15,3600.0,2447.08
2025-10-18,P004,R003,C003,7,1680.0,1075.3
2025-10-18,P004,R003,C009,14,3360.0,2219.91
2025-10-18,P004,R004,C010,6,1440.0,885.86
2025-10-18,P004,R004,C004,5,1200.0,790.88
2025-10-18,P005,R001,C011,93,4185.0,2296.49
2025-10-18,P005,R001,C005,45,2025.0,1169.17
2025-10-18,P005,R002,C008,13,585.0,341.34
2025-10-18,P005,R002,C006,10,450.0,248.51
2025-10-18,P005,R002,C012,29,1305.0,755.52
2025-10-18,P005,R002,C002,43,1935.0,1095.21
2025-10-18,P005,R003,C003,30,1350.0,794.43
2025-10-18,P005,R003,C009,46,2070.0,1233.16
2025-10-18,P005,R004,C004,17,765.0,440.84
2025-10-18,P005,R004,C010,11,495.0,297.32
2025-10-18,P006,R001,C011,43,5160.0,3117.26
2025-10-18,P006,R001,C001,41,4920.0,3019.89
2025-10-18,P006,R002,C006,15,1800.0,1108.78
2025-10-18,P006,R002,C002,45,5400.0,3555.99
2025-10-18,P006,R003,C003,20,2400.0,1500.44
2025-10-18,P006,R003,C009,18,2160.0,1327.9
2025-10-18,P006,R004,C004,16,1920.0,1173.98
2025-10-18,P006,R004,C010,7,840.0,565.61
2025-10-19,P001,R001,C001,11,4180.0,2916.64
2025-10-19,P001,R001,C011,14,5320.0,3432.31
2025-10-19,P001,R002,C012,13,4940.0,3183.56
2025-10-19,P001,R002,C002,9,3420.0,2294.54
2025-10-19,P001,R003,C009,8,3040.0,2081.91
2025-10-19,P001,R003,C003,6,2280.0,1595.04
2025-10-19,P001,R004,C010,3,1140.0,805.39
2025-10-19,P001,R004,C004,4,1520.0,1008.43
2025-10-19,P002,R001,C005,18,1530.0,890.49
2025-10-19,P002,R001,C001,54,4590.0,2801.05
2025-10-19,P002,R001,C007,26,2210.0,1361.09
2025-10-19,P002,R001,C011,76,6460.0,4152.9
2025-10-19,P002,R002,C008,56,4760.0,3071.36
2025-10-19,P002,R002,C006,31,2635.0,1568.13
2025-10-19,P002,R002,C012,67,5695.0,3749.43
2025-10-19,P002,R003,C003,48,4080.0,2442.92
2025-10-19,P002,R003,C009,41,3485.0,2106.14
2025-10-19,P002,R004,C010,28,2380.0,1399.46
2025-10-19,P002,R004,C004,25,2125.0,1304.08
2025-10-19,P003,R001,C007,5,3100.0,2236.85
2025-10-19,P003,R001,C005,3,1860.0,1337.02
2025-10-19,P003,R001,C011,9,5580.0,3847.32
2025-10-19,P003,R002,C006,1,620.0,438.56
2025-10-19,P003,R002,C002,5,3100.0,2225.46
2025-10-19,P003,R002,C008,3,1860.0,1253.72
2025-10-19,P003,R003,C009,3,1860.0,1326.96
2025-10-19,P003,R003,C003,3,1860.0,1326.82
2025-10-19,P003,R004,C004,3,1860.0,1232.68
2025-10-19,P003,R004,C010,2,1240.0,840.97
2025-10-19,P004,R001,C011,15,3600.0,2255.15
2025-10-19,P004,R001,C007,11,2640.0,1776.62
2025-10-19,P004,R001,C001,17,4080.0,2628.09
2025-10-19,P004,R002,C006,4,960.0,586.69
2025-10-19,P004,R002,C002,8,1920.0,1266.46
2025-10-19,P004,R002,C012,11,2640.0,1629.07
2025-10-19,P004,R002,C008,5,1200.0,779.53
2025-10-19,P004,R003,C003,9,2160.0,1359.03
2025-10-19,P004,R003,C009,12,2880.0,1967.04
2025-10-19,P004,R004,C010,4,960.0,651.4
2025-10-19,P004,R004,C004,6,1440.0,912.94
2025-10-19,P005,R001,C005,15,675.0,408.76
2025-10-19,P005,R001,C001,33,1485.0,853.88
2025-10-19,P005,R001,C011,42,1890.0,1090.37
2025-10-19,P005,R001,C007,26,1170.0,659.28
2025-10-19,P005,R002,C002,80,3600.0,2043.22
2025-10-19,P005,R002,C008,40,1800.0,981.98
2025-10-19,P005,R003,C009,36,1620.0,898.0
2025-10-19,P005,R003,C003,25,1125.0,686.61
2025-10-19,P005,R004,C004,15,675.0,389.84
2025-10-19,P005,R004,C010,11,495.0,278.06
2025-10-19,P006,R001,C011,29,3480.0,2249.65
2025-10-19,P006,R001,C005,14,1680.0,1136.37
2025-10-19,P006,R001,C001,34,4080.0,2689.82
2025-10-19,P006,R002,C012,58,6960.0,4540.9
2025-10-19,P006,R002,C006,12,1440.0,972.0
2025-10-19,P006,R003,C003,19,2280.0,1368.6
2025-10-19,P006,R003,C009,21,2520.0,1595.63
2025-10-19,P006,R004,C004,14,1680.0,1120.36
2025-10-19,P006,R004,C010,9,1080.0,653.94
2025-10-20,P001,R001,C001,14,5320.0,3559.87
2025-10-20,P001,R001,C011,15,5700.0,3669.09
2025-10-20,P001,R001,C005,6,2280.0,1608.92
2025-10-20,P001,R001,C007,10,3800.0,2500.17
2025-10-20,P001,R002,C012,18,6840.0,4740.78
2025-10-20,P001,R002,C002,13,4940.0,3485.47
2025-10-20,P001,R003,C009,9,3420.0,2288.97
2025-10-20,P001,R003,C003,9,3420.0,2254.23
2025-10-20,P001,R004,C010,4,1520.0,1091.21
2025-10-20,P001,R004,C004,7,2660.0,1771.26
2025-10-20,P002,R001,C001,260,22100.0,13906.19
2025-10-20,P002,R001,C005,81,6885.0,4310.09
2025-10-20,P002,R002,C006,22,1870.0,1155.46
2025-10-20,P002,R002,C002,85,7225.0,4618.38
2025-10-20,P002,R002,C008,45,3825.0,2405.17
2025-10-20,P002,R002,C012,87,7395.0,4712.35
2025-10-20,P002,R003,C009,131,11135.0,6646.7
2025-10-20,P002,R003,C003,53,4505.0,2720.55
2025-10-20,P002,R004,C004,51,4335.0,2648.08
2025-10-20,P002,R004,C010,50,4250.0,2616.61
2025-10-20,P003,R001,C005,4,2480.0,1777.9
2025-10-20,P003,R001,C001,7,4340.0,2961.24
2025-10-20,P003,R001,C007,5,3100.0,2177.42
2025-10-20,P003,R001,C011,10,6200.0,4305.69
2025-10-20,P003,R002,C008,7,4340.0,3033.53
2025-10-20,P003,R002,C002,9,5580.0,4087.36
2025-10-20,P003,R003,C009,6,3720.0,2646.41
2025-10-20,P003,R003,C003,3,1860.0,1282.64
2025-10-20,P003,R004,C004,5,3100.0,2211.86
2025-10-20,P003,R004,C010,4,2480.0,1764.08
2025-10-20,P004,R001,C005,15,3600.0,2219.7
2025-10-20,P004,R001,C001,36,8640.0,5666.82
2025-10-20,P004,R001,C007,27,6480.0,4132.0
2025-10-20,P004,R002,C012,13,3120.0,1925.28
2025-10-20,P004,R002,C008,9,2160.0,1338.79
2025-10-20,P004,R002,C002,12,2880.0,1808.35
2025-10-20,P004,R002,C006,5,1200.0,783.05
2025-10-20,P004,R003,C003,14,3360.0,2096.34
2025-10-20,P004,R003,C009,19,4560.0,2785.37
2025-10-20,P004,R004,C004,13,3120.0,2015.86
2025-10-20,P004,R004,C010,11,2640.0,1703.9
2025-10-20,P005,R001,C007,60,2700.0,1505.62
2025-10-20,P005,R001,C011,118,5310.0,3077.82
2025-10-20,P005,R002,C012,57,2565.0,1479.2
2025-10-20,P005,R002,C008,30,1350.0,742.37
2025-10-20,P005,R002,C002,46,2070.0,1238.73
2025-10-20,P005,R002,C006,14,630.0,386.44
2025-10-20,P005,R003,C003,47,2115.0,1186.33
2025-10-20,P005,R003,C009,83,3735.0,2155.78
2025-10-20,P005,R004,C010,21,945.0,560.83
2025-10-20,P005,R004,C004,27,1215.0,679.1
2025-10-20,P006,R001,C011,35,4200.0,2796.75
2025-10-20,P006,R001,C005,13,1560.0,1056.77
2025-10-20,P006,R001,C001,49,5880.0,3729.37
2025-10-20,P006,R001,C007,30,3600.0,2239.11
2025-10-20,P006,R002,C002,29,3480.0,2231.95
2025-10-20,P006,R002,C012,31,3720.0,2328.94
2025-10-20,P006,R003,C009,38,4560.0,2831.37
2025-10-20,P006,R003,C003,19,2280.0,1421.2
2025-10-20,P006,R004,C004,16,1920.0,1271.62
2025-10-20,P006,R004,C010,18,2160.0,1332.95
2025-10-21,P001,R001,C011,12,4560.0,2990.53
2025-10-21,P001,R001,C007,11,4180.0,2958.84
2025-10-21,P001,R001,C005,5,1900.0,1269.95
2025-10-21,P001,R001,C001,16,6080.0,4036.17
2025-10-21,P001,R002,C008,6,2280.0,1531.76
2025-10-21,P001,R002,C006,4,1520.0,982.16
2025-10-21,P001,R002,C002,14,5320.0,3421.55
2025-10-21,P001,R002,C012,14,5320.0,3456.85
2025-10-21,P001,R003,C003,9,3420.0,2261.18
2025-10-21,P001,R003,C009,15,5700.0,4085.52
2025-10-21,P001,R004,C010,8,3040.0,2167.37
2025-10-21,P001,R004,C004,10,3800.0,2531.2
2025-10-21,P002,R001,C005,150,12750.0,8230.61
2025-10-21,P002,R001,C007,248,21080.0,12679.97
2025-10-21,P002,R002,C006,65,5525.0,3262.35
2025-10-21,P002,R002,C012,225,19125.0,12182.76
2025-10-21,P002,R003,C003,64,5440.0,3325.1
2025-10-21,P002,R003,C009,137,11645.0,7417.63
2025-10-21,P002,R004,C010,36,3060.0,1976.78
2025-10-21,P002,R004,C004,48,4080.0,2481.94
2025-10-21,P003,R001,C005,3,1860.0,1274.25
2025-10-21,P003,R001,C007,4,2480.0,1665.25
2025-10-21,P003,R001,C001,9,5580.0,3943.7
2025-10-21,P003,R001,C011,9,5580.0,3917.25
2025-10-21,P003,R002,C006,2,1240.0,861.12
2025-10-21,P003,R002,C012,9,5580.0,3975.41
2025-10-21,P003,R002,C002,8,4960.0,3425.76
2025-10-21,P003,R002,C008,3,1860.0,1259.04
2025-10-21,P003,R003,C003,4,2480.0,1660.04
2025-10-21,P003,R003,C009,8,4960.0,3378.01
2025-10-21,P003,R004,C010,3,1860.0,1322.45
2025-10-21,P003,R004,C004,3,1860.0,1253.82
2025-10-21,P004,R001,C011,44,10560.0,7105.5
2025-10-21,P004,R001,C007,19,4560.0,2790.95
2025-10-21,P004,R001,C005,16,3840.0,2460.68
2025-10-21,P004,R002,C006,8,1920.0,1302.37
2025-10-21,P004,R002,C008,8,1920.0,1245.89
2025-10-21,P004,R002,C012,21,5040.0,3460.41
2025-10-21,P004,R003,C009,19,4560.0,3098.39
2025-10-21,P004,R003,C003,11,2640.0,1703.05
2025-10-21,P004,R004,C004,10,2400.0,1584.4
2025-10-21,P004,R004,C010,6,1440.0,959.38
2025-10-21,P005,R001,C007,98,4410.0,2643.77
2025-10-21,P005,R001,C011,137,6165.0,3454.14
2025-10-21,P005,R002,C008,95,4275.0,2443.56
2025-10-21,P005,R002,C006,47,2115.0,1223.63
2025-10-21,P005,R003,C003,25,1125.0,615.23
2025-10-21,P005,R003,C009,53,2385.0,1385.59
2025-10-21,P005,R004,C010,17,765.0,440.8
2025-10-21,P005,R004,C004,20,900.0,518.69
2025-10-21,P006,R001,C005,19,2280.0,1506.58
2025-10-21,P006,R001,C011,38,4560.0,2747.99
2025-10-21,P006,R001,C007,31,3720.0,2310.19
2025-10-21,P006,R001,C001,53,6360.0,3884.81
2025-10-21,P006,R002,C012,79,9480.0,5959.8
2025-10-21,P006,R002,C006,17,2040.0,1295.36
2025-10-21,P006,R003,C003,25,3000.0,1825.73
2025-10-21,P006,R003,C009,25,3000.0,1839.33
2025-10-21,P006,R004,C004,14,1680.0,1029.8
2025-10-21,P006,R004,C010,14,1680.0,1088.22
2025-10-22,P001,R001,C011,24,9120.0,6453.11
2025-10-22,P001,R001,C005,5,1900.0,1339.13
2025-10-22,P001,R001,C001,15,5700.0,3818.51
2025-10-22,P001,R001,C007,10,3800.0,2586.65
2025-10-22,P001,R002,C008,6,2280.0,1546.59
2025-10-22,P001,R002,C012,15,5700.0,3790.16
2025-10-22,P001,R002,C002,14,5320.0,3527.76
2025-10-22,P001,R002,C006,5,1900.0,1358.07
2025-10-22,P001,R003,C003,11,4180.0,2942.48
2025-10-22,P001,R003,C009,20,7600.0,5371.38
2025-10-22,P001,R004,C010,5,1900.0,1222.88
2025-10-22,P001,R004,C004,5,1900.0,1340.69
2025-10-22,P002,R001,C005,45,3825.0,2237.0
2025-10-22,P002,R001,C001,113,9605.0,6337.89
2025-10-22,P002,R001,C007,93,7905.0,4817.62
2025-10-22,P002,R002,C008,35,2975.0,1824.63
2025-10-22,P002,R002,C006,20,1700.0,1073.21
2025-10-22,P002,R002,C012,50,4250.0,2517.05
2025-10-22,P002,R002,C002,54,4590.0,2973.65
2025-10-22,P002,R003,C003,74,6290.0,3853.64
2025-10-22,P002,R003,C009,88,7480.0,4439.97
2025-10-22,P002,R004,C010,41,3485.0,2261.93
2025-10-22,P002,R004,C004,38,3230.0,1919.43
2025-10-22,P003,R001,C001,10,6200.0,4238.35
2025-10-22,P003,R001,C007,4,2480.0,1786.98
2025-10-22,P003,R001,C005,4,2480.0,1736.25
2025-10-22,P003,R001,C011,8,4960.0,3279.68
2025-10-22,P003,R002,C006,2,1240.0,876.94
2025-10-22,P003,R002,C012,9,5580.0,3777.53
2025-10-22,P003,R002,C002,6,3720.0,2578.32
2025-10-22,P003,R003,C009,11,6820.0,4978.69
2025-10-22,P003,R003,C003,4,2480.0,1674.73
2025-10-22,P003,R004,C010,2,1240.0,821.46
2025-10-22,P003,R004,C004,3,1860.0,1275.2
2025-10-22,P004,R001,C005,12,2880.0,1915.05
2025-10-22,P004,R001,C001,34,8160.0,5313.69
2025-10-22,P004,R001,C011,44,10560.0,6912.95
2025-10-22,P004,R002,C012,16,3840.0,2374.82
2025-10-22,P004,R002,C002,17,4080.0,2500.58
2025-10-22,P004,R002,C006,6,1440.0,897.95
2025-10-22,P004,R002,C008,6,1440.0,973.6
2025-10-22,P004,R003,C003,15,3600.0,2416.95
2025-10-22,P004,R003,C009,29,6960.0,4421.49
2025-10-22,P004,R004,C004,15,3600.0,2457.31
2025-10-22,P004,R004,C010,9,2160.0,1436.46
2025-10-22,P005,R001,C011,109,4905.0,2907.26
2025-10-22,P005,R001,C005,36,1620.0,926.65
2025-10-22,P005,R001,C001,71,3195.0,1777.3
2025-10-22,P005,R002,C012,103,4635.0,2730.11
2025-10-22,P005,R002,C008,57,2565.0,1466.5
2025-10-22,P005,R003,C009,66,2970.0,1649.34
2025-10-22,P005,R003,C003,42,1890.0,1157.79
2025-10-22,P005,R004,C010,18,810.0,472.16
2025-10-22,P005,R004,C004,29,1305.0,757.25
2025-10-22,P006,R001,C001,31,3720.0,2517.56
2025-10-22,P006,R001,C005,14,1680.0,1119.81
2025-10-22,P006,R001,C011,45,5400.0,3461.3
2025-10-22,P006,R001,C007,16,1920.0,1256.33
2025-10-22,P006,R002,C012,31,3720.0,2492.91
2025-10-22,P006,R002,C008,15,1800.0,1203.96
2025-10-22,P006,R002,C006,11,1320.0,867.12
2025-10-22,P006,R002,C002,27,3240.0,1961.97
2025-10-22,P006,R003,C003,30,3600.0,2167.83
2025-10-22,P006,R003,C009,43,5160.0,3337.23
2025-10-22,P006,R004,C010,17,2040.0,1344.64
2025-10-22,P006,R004,C004,19,2280.0,1432.11
2025-10-23,P001,R001,C001,23,8740.0,5817.55
2025-10-23,P001,R001,C007,11,4180.0,2926.27
2025-10-23,P001,R001,C011,24,9120.0,6491.01
2025-10-23,P001,R001,C005,8,3040.0,2005.06
2025-10-23,P001,R002,C006,5,1900.0,1321.81
2025-10-23,P001,R002,C002,11,4180.0,2868.81
2025-10-23,P001,R002,C008,6,2280.0,1617.93
2025-10-23,P001,R002,C012,13,4940.0,3531.93
2025-10-23,P001,R003,C009,9,3420.0,2262.39
2025-10-23,P001,R003,C003,7,2660.0,1741.89
2025-10-23,P001,R004,C010,4,1520.0,989.55
2025-10-23,P001,R004,C004,8,3040.0,2178.86
2025-10-23,P002,R001,C007,61,5185.0,3341.41
2025-10-23,P002,R001,C005,43,3655.0,2410.03
2025-10-23,P002,R001,C001,107,9095.0,5546.38
2025-10-23,P002,R001,C011,87,7395.0,4650.53
2025-10-23,P002,R002,C002,185,15725.0,9838.93
2025-10-23,P002,R002,C008,66,5610.0,3653.97
2025-10-23,P002,R003,C003,71,6035.0,3716.08
2025-10-23,P002,R003,C009,95,8075.0,4775.63
2025-10-23,P002,R004,C004,54,4590.0,2869.32
2025-10-23,P002,R004,C010,37,3145.0,2023.46
2025-10-23,P003,R001,C005,2,1240.0,883.41
2025-10-23,P003,R001,C011,8,4960.0,3605.79
2025-10-23,P003,R001,C007,3,1860.0,1234.08
2025-10-23,P003,R001,C001,8,4960.0,3613.5
2025-10-23,P003,R002,C008,4,2480.0,1787.87
2025-10-23,P003,R002,C012,7,4340.0,3094.59
2025-10-23,P003,R002,C006,2,1240.0,887.25
2025-10-23,P003,R002,C002,7,4340.0,3193.31
2025-10-23,P003,R003,C009,7,4340.0,3177.57
2025-10-23,P003,R003,C003,6,3720.0,2626.92
2025-10-23,P003,R004,C010,2,1240.0,826.74
2025-10-23,P003,R004,C004,4,2480.0,1830.5
2025-10-23,P004,R001,C007,10,2400.0,1647.65
2025-10-23,P004,R001,C005,9,2160.0,1391.42
2025-10-23,P004,R001,C001,16,3840.0,2567.36
2025-10-23,P004,R001,C011,19,4560.0,2912.89
2025-10-23,P004,R002,C006,4,960.0,627.51
2025-10-23,P004,R002,C002,19,4560.0,2943.04
2025-10-23,P004,R002,C012,21,5040.0,3205.88
2025-10-23,P004,R002,C008,9,2160.0,1430.33
2025-10-23,P004,R003,C009,26,6240.0,3957.07
2025-10-23,P004,R003,C003,22,5280.0,3567.55
2025-10-23,P004,R004,C010,7,1680.0,1025.41
2025-10-23,P004,R004,C004,7,1680.0,1091.84
2025-10-23,P005,R001,C007,112,5040.0,2954.04
2025-10-23,P005,R001,C005,76,3420.0,2031.19
2025-10-23,P005,R002,C002,112,5040.0,2877.02
2025-10-23,P005,R002,C008,72,3240.0,1765.13
2025-10-23,P005,R003,C009,47,2115.0,1272.56
2025-10-23,P005,R003,C003,46,2070.0,1154.36
2025-10-23,P005,R004,C010,23,1035.0,583.08
2025-10-23,P005,R004,C004,34,1530.0,925.44
2025-10-23,P006,R001,C007,113,13560.0,8146.96
2025-10-23,P006,R001,C005,74,8880.0,5468.92
2025-10-23,P006,R002,C002,37,4440.0,2790.82
2025-10-23,P006,R002,C012,43,5160.0,3416.42
2025-10-23,P006,R002,C006,9,1080.0,725.46
2025-10-23,P006,R003,C003,34,4080.0,2773.38
2025-10-23,P006,R003,C009,53,6360.0,4044.49
2025-10-23,P006,R004,C004,18,2160.0,1455.32
2025-10-23,P006,R004,C010,13,1560.0,937.09
2025-10-24,P001,R001,C007,24,9120.0,5857.03
2025-10-24,P001,R001,C005,23,8740.0,6225.34
2025-10-24,P001,R002,C002,14,5320.0,3483.65
2025-10-24,P001,R002,C012,14,5320.0,3633.6
2025-10-24,P001,R002,C008,6,2280.0,1513.39
2025-10-24,P001,R002,C006,5,1900.0,1327.73
2025-10-24,P001,R003,C003,13,4940.0,3458.63
2025-10-24,P001,R003,C009,16,6080.0,4340.19
2025-10-24,P001,R004,C010,6,2280.0,1526.04
2025-10-24,P001,R004,C004,6,2280.0,1598.42
2025-10-24,P002,R001,C005,52,4420.0,2869.56
2025-10-24,P002,R001,C001,167,14195.0,8873.69
2025-10-24,P002,R001,C011,176,14960.0,8940.78
2025-10-24,P002,R001,C007,76,6460.0,3938.17
2025-10-24,P002,R002,C008,36,3060.0,1977.24
2025-10-24,P002,R002,C006,26,2210.0,1408.19
2025-10-24,P002,R002,C012,81,6885.0,4229.28
2025-10-24,P002,R002,C002,89,7565.0,4814.18
2025-10-24,P002,R003,C003,43,3655.0,2248.91
2025-10-24,P002,R003,C009,64,5440.0,3410.86
2025-10-24,P002,R004,C004,43,3655.0,2392.59
2025-10-24,P002,R004,C010,25,2125.0,1378.13
2025-10-24,P003,R001,C007,11,6820.0,4840.3
2025-10-24,P003,R001,C011,16,9920.0,7124.03
2025-10-24,P003,R002,C008,5,3100.0,2140.68
2025-10-24,P003,R002,C006,2,1240.0,894.1
2025-10-24,P003,R002,C012,6,3720.0,2698.54
2025-10-24,P003,R003,C003,3,1860.0,1364.99
2025-10-24,P003,R003,C009,8,4960.0,3626.46
2025-10-24,P003,R004,C004,4,2480.0,1718.13
2025-10-24,P003,R004,C010,4,2480.0,1726.92
2025-10-24,P004,R001,C007,17,4080.0,2778.28
2025-10-24,P004,R001,C001,29,6960.0,4649.21
2025-10-24,P004,R001,C011,31,7440.0,4551.2
2025-10-24,P004,R001,C005,9,2160.0,1455.18
2025-10-24,P004,R002,C002,16,3840.0,2475.32
2025-10-24,P004,R002,C008,13,3120.0,1933.87
2025-10-24,P004,R002,C006,7,1680.0,1097.68
2025-10-24,P004,R002,C012,16,3840.0,2566.19
2025-10-24,P004,R003,C003,15,3600.0,2212.98
2025-10-24,P004,R003,C009,24,5760.0,3853.61
2025-10-24,P004,R004,C010,8,1920.0,1199.35
2025-10-24,P004,R004,C004,14,3360.0,2295.21
2025-10-24,P005,R001,C001,95,4275.0,2456.96
2025-10-24,P005,R001,C005,47,2115.0,1243.49
2025-10-24,P005,R001,C011,137,6165.0,3495.86
2025-10-24,P005,R002,C002,49,2205.0,1229.87
2025-10-24,P005,R002,C006,21,945.0,521.95
2025-10-24,P005,R002,C008,30,1350.0,744.46
2025-10-24,P005,R003,C009,58,2610.0,1446.54
2025-10-24,P005,R003,C003,45,2025.0,1100.78
2025-10-24,P005,R004,C010,16,720.0,399.58
2025-10-24,P005,R004,C004,22,990.0,587.05
2025-10-24,P006,R001,C007,41,4920.0,3280.62
2025-10-24,P006,R001,C001,107,12840.0,7839.95
2025-10-24,P006,R002,C006,12,1440.0,874.98
2025-10-24,P006,R002,C008,22,2640.0,1647.61
2025-10-24,P006,R002,C002,35,4200.0,2742.97
2025-10-24,P006,R003,C009,42,5040.0,3291.56
2025-10-24,P006,R003,C003,20,2400.0,1596.6
2025-10-24,P006,R004,C004,10,1200.0,770.16
2025-10-24,P006,R004,C010,15,1800.0,1179.63
2025-10-25,P001,R001,C011,10,3800.0,2447.95
2025-10-25,P001,R001,C007,6,2280.0,1543.43
2025-10-25,P001,R001,C005,3,1140.0,788.72
2025-10-25,P001,R001,C001,8,3040.0,1994.92
2025-10-25,P001,R002,C006,3,1140.0,764.45
2025-10-25,P001,R002,C008,3,1140.0,752.16
2025-10-25,P001,R002,C002,7,2660.0,1826.69
2025-10-25,P001,R002,C012,5,1900.0,1293.15
2025-10-25,P001,R003,C003,7,2660.0,1898.3
2025-10-25,P001,R003,C009,10,3800.0,2500.01
2025-10-25,P001,R004,C010,5,1900.0,1252.9
2025-10-25,P001,R004,C004,6,2280.0,1627.76
2025-10-25,P002,R001,C007,45,3825.0,2516.23
2025-10-25,P002,R001,C005,28,2380.0,1400.62
2025-10-25,P002,R001,C011,85,7225.0,4287.04
2025-10-25,P002,R002,C008,23,1955.0,1171.31
2025-10-25,P002,R002,C006,21,1785.0,1068.79
2025-10-25,P002,R002,C002,60,5100.0,3104.61
2025-10-25,P002,R002,C012,52,4420.0,2632.39
2025-10-25,P002,R003,C003,32,2720.0,1755.62
2025-10-25,P002,R003,C009,60,5100.0,3293.5
2025-10-25,P002,R004,C004,19,1615.0,955.08
2025-10-25,P002,R004,C010,15,1275.0,754.08
2025-10-25,P003,R001,C005,3,1860.0,1257.49
2025-10-25,P003,R001,C001,6,3720.0,2542.03
2025-10-25,P003,R001,C007,3,1860.0,1372.7
2025-10-25,P003,R001,C011,5,3100.0,2228.69
2025-10-25,P003,R002,C002,5,3100.0,2252.45
2025-10-25,P003,R002,C012,5,3100.0,2088.54
2025-10-25,P003,R003,C003,3,1860.0,1298.17
2025-10-25,P003,R003,C009,4,2480.0,1724.83
2025-10-25,P003,R004,C004,2,1240.0,856.89
2025-10-25,P003,R004,C010,2,1240.0,899.29
2025-10-25,P004,R001,C001,21,5040.0,3365.52
2025-10-25,P004,R001,C007,8,1920.0,1200.22
2025-10-25,P004,R001,C005,5,1200.0,749.42
2025-10-25,P004,R001,C011,17,4080.0,2626.48
2025-10-25,P004,R002,C008,5,1200.0,791.09
2025-10-25,P004,R002,C012,11,2640.0,1757.87
2025-10-25,P004,R002,C006,3,720.0,461.31
2025-10-25,P004,R002,C002,10,2400.0,1526.2
2025-10-25,P004,R003,C009,16,3840.0,2523.97
2025-10-25,P004,R003,C003,11,2640.0,1801.26
2025-10-25,P004,R004,C004,8,1920.0,1217.63
2025-10-25,P004,R004,C010,5,1200.0,791.29
2025-10-25,P005,R001,C011,67,3015.0,1844.16
2025-10-25,P005,R001,C005,21,945.0,581.07
2025-10-25,P005,R001,C001,45,2025.0,1232.27
2025-10-25,P005,R002,C002,39,1755.0,1043.77
2025-10-25,P005,R002,C006,21,945.0,529.65
2025-10-25,P005,R002,C008,22,990.0,579.11
2025-10-25,P005,R003,C003,34,1530.0,931.44
2025-10-25,P005,R003,C009,34,1530.0,861.1
2025-10-25,P005,R004,C004,16,720.0,403.85
2025-10-25,P005,R004,C010,15,675.0,408.98
2025-10-25,P006,R001,C001,34,4080.0,2618.48
2025-10-25,P006,R001,C005,13,1560.0,962.67
2025-10-25,P006,R001,C011,42,5040.0,3036.31
2025-10-25,P006,R002,C006,12,1440.0,905.44
2025-10-25,P006,R002,C012,43,5160.0,3438.79
2025-10-25,P006,R003,C003,15,1800.0,1122.52
2025-10-25,P006,R003,C009,27,3240.0,2048.2
2025-10-25,P006,R004,C004,11,1320.0,878.87
2025-10-25,P006,R004,C010,7,840.0,539.77
2025-10-26,P001,R001,C007,6,2280.0,1535.46
2025-10-26,P001,R001,C001,12,4560.0,3220.4
2025-10-26,P001,R001,C011,18,6840.0,4651.41
2025-10-26,P001,R002,C006,3,1140.0,753.61
2025-10-26,P001,R002,C012,11,4180.0,2866.47
2025-10-26,P001,R002,C002,11,4180.0,2758.25
2025-10-26,P001,R003,C003,9,3420.0,2234.13
2025-10-26,P001,R003,C009,11,4180.0,3008.65
2025-10-26,P001,R004,C004,5,1900.0,1295.36
2025-10-26,P001,R004,C010,4,1520.0,1090.53
2025-10-26,P002,R001,C007,53,4505.0,2618.86
2025-10-26,P002,R001,C011,116,9860.0,6030.59
2025-10-26,P002,R001,C005,49,4165.0,2469.24
2025-10-26,P002,R002,C006,41,3485.0,2287.88
2025-10-26,P002,R002,C012,84,7140.0,4196.26
2025-10-26,P002,R003,C009,87,7395.0,4338.4
2025-10-26,P002,R003,C003,41,3485.0,2117.98
2025-10-26,P002,R004,C010,22,1870.0,1188.97
2025-10-26,P002,R004,C004,18,1530.0,928.33
2025-10-26,P003,R001,C001,7,4340.0,2988.05
2025-10-26,P003,R001,C011,6,3720.0,2748.17
2025-10-26,P003,R001,C007,4,2480.0,1695.26
2025-10-26,P003,R001,C005,2,1240.0,822.43
2025-10-26,P003,R002,C008,6,3720.0,2528.3
2025-10-26,P003,R002,C002,7,4340.0,3132.06
2025-10-26,P003,R003,C003,3,1860.0,1296.78
2025-10-26,P003,R003,C009,7,4340.0,3162.72
2025-10-26,P003,R004,C004,2,1240.0,823.37
2025-10-26,P003,R004,C010,2,1240.0,854.85
2025-10-26,P004,R001,C007,12,2880.0,1802.83
2025-10-26,P004,R001,C001,15,3600.0,2414.05
2025-10-26,P004,R001,C011,22,5280.0,3396.22
2025-10-26,P004,R002,C008,6,1440.0,984.87
2025-10-26,P004,R002,C006,4,960.0,592.73
2025-10-26,P004,R002,C002,8,1920.0,1245.65
2025-10-26,P004,R002,C012,11,2640.0,1693.37
2025-10-26,P004,R003,C009,11,2640.0,1756.67
2025-10-26,P004,R003,C003,13,3120.0,2019.1
2025-10-26,P004,R004,C010,5,1200.0,784.47
2025-10-26,P004,R004,C004,8,1920.0,1244.98
2025-10-26,P005,R001,C007,52,2340.0,1438.86
2025-10-26,P005,R001,C001,69,3105.0,1830.09
2025-10-26,P005,R002,C006,12,540.0,314.89
2025-10-26,P005,R002,C008,15,675.0,394.85
2025-10-26,P005,R002,C002,23,1035.0,606.93
2025-10-26,P005,R002,C012,26,1170.0,660.96
2025-10-26,P005,R003,C009,36,1620.0,951.79
2025-10-26,P005,R003,C003,35,1575.0,957.34
2025-10-26,P005,R004,C010,16,720.0,423.01
2025-10-26,P005,R004,C004,17,765.0,432.36
2025-10-26,P006,R001,C007,16,1920.0,1231.87
2025-10-26,P006,R001,C001,24,2880.0,1738.54
2025-10-26,P006,R001,C005,7,840.0,524.11
2025-10-26,P006,R001,C011,27,3240.0,2031.3
2025-10-26,P006,R002,C008,14,1680.0,1131.2
2025-10-26,P006,R002,C012,23,2760.0,1856.44
2025-10-26,P006,R002,C002,25,3000.0,2010.03
2025-10-26,P006,R003,C003,24,2880.0,1835.59
2025-10-26,P006,R003,C009,36,4320.0,2787.15
2025-10-26,P006,R004,C010,9,1080.0,694.59
2025-10-26,P006,R004,C004,8,960.0,581.49
2025-10-27,P001,R001,C005,10,3800.0,2702.36
2025-10-27,P001,R001,C001,31,11780.0,7699.12
2025-10-27,P001,R001,C011,22,8360.0,5422.08
2025-10-27,P001,R002,C006,6,2280.0,1554.16
2025-10-27,P001,R002,C002,22,8360.0,6006.11
2025-10-27,P001,R002,C008,13,4940.0,3518.77
2025-10-27,P001,R003,C003,10,3800.0,2708.26
2025-10-27,P001,R003,C009,13,4940.0,3453.08
2025-10-27,P001,R004,C004,7,2660.0,1887.5
2025-10-27,P001,R004,C010,6,2280.0,1598.88
2025-10-27,P002,R001,C011,121,10285.0,6180.24
2025-10-27,P002,R001,C001,152,12920.0,8032.89
2025-10-27,P002,R002,C006,25,2125.0,1318.47
2025-10-27,P002,R002,C012,88,7480.0,4903.3
2025-10-27,P002,R002,C002,96,8160.0,5282.59
2025-10-27,P002,R002,C008,46,3910.0,2367.61
2025-10-27,P002,R003,C009,125,10625.0,6369.46
2025-10-27,P002,R003,C003,97,8245.0,4950.76
2025-10-27,P002,R004,C010,33,2805.0,1734.72
2025-10-27,P002,R004,C004,50,4250.0,2742.52
2025-10-27,P003,R001,C011,12,7440.0,5253.01
2025-10-27,P003,R001,C005,4,2480.0,1638.29
2025-10-27,P003,R002,C008,4,2480.0,1707.33
2025-10-27,P003,R002,C006,2,1240.0,867.56
2025-10-27,P003,R002,C012,7,4340.0,3162.16
2025-10-27,P003,R003,C003,6,3720.0,2566.86
2025-10-27,P003,R003,C009,7,4340.0,3087.95
2025-10-27,P003,R004,C004,4,2480.0,1824.9
2025-10-27,P003,R004,C010,3,1860.0,1268.11
2025-10-27,P004,R001,C011,69,16560.0,10168.4
2025-10-27,P004,R001,C005,16,3840.0,2480.08
2025-10-27,P004,R002,C012,44,10560.0,7047.63
2025-10-27,P004,R002,C008,20,4800.0,3142.95
2025-10-27,P004,R003,C003,22,5280.0,3281.14
2025-10-27,P004,R003,C009,22,5280.0,3567.91
2025-10-27,P004,R004,C010,8,1920.0,1194.72
2025-10-27,P004,R004,C004,8,1920.0,1223.9
2025-10-27,P005,R001,C007,37,1665.0,1021.87
2025-10-27,P005,R001,C011,78,3510.0,2107.92
2025-10-27,P005,R001,C001,106,4770.0,2803.68
2025-10-27,P005,R001,C005,27,1215.0,737.39
2025-10-27,P005,R002,C008,113,5085.0,3146.52
2025-10-27,P005,R002,C006,76,3420.0,1986.72
2025-10-27,P005,R003,C003,40,1800.0,1104.76
2025-10-27,P005,R003,C009,47,2115.0,1241.9
2025-10-27,P005,R004,C004,25,1125.0,679.34
2025-10-27,P005,R004,C010,18,810.0,457.57
2025-10-27,P006,R001,C011,37,4440.0,2855.92
2025-10-27,P006,R001,C005,12,1440.0,864.13
2025-10-27,P006,R001,C001,35,4200.0,2657.35
2025-10-27,P006,R001,C007,28,3360.0,2092.22
2025-10-27,P006,R002,C002,30,3600.0,2413.59
2025-10-27,P006,R002,C012,22,2640.0,1665.2
2025-10-27,P006,R002,C008,18,2160.0,1416.13
2025-10-27,P006,R003,C009,49,5880.0,3917.56
2025-10-27,P006,R003,C003,31,3720.0,2437.94
2025-10-27,P006,R004,C010,17,2040.0,1324.81
2025-10-27,P006,R004,C004,22,2640.0,1766.64
2025-10-28,P001,R001,C011,15,5700.0,3671.6
2025-10-28,P001,R001,C007,13,4940.0,3361.27
2025-10-28,P001,R001,C001,21,7980.0,5549.28
2025-10-28,P001,R001,C005,7,2660.0,1883.54
2025-10-28,P001,R002,C002,20,7600.0,5074.65
2025-10-28,P001,R002,C008,15,5700.0,4100.11
2025-10-28,P001,R003,C003,11,4180.0,2901.37
2025-10-28,P001,R003,C009,14,5320.0,3516.55
2025-10-28,P001,R004,C010,5,1900.0,1344.73
2025-10-28,P001,R004,C004,7,2660.0,1744.0
2025-10-28,P002,R001,C005,179,15215.0,9011.79
2025-10-28,P002,R001,C007,299,25415.0,15585.51
2025-10-28,P002,R002,C002,113,9605.0,5770.68
2025-10-28,P002,R002,C012,106,9010.0,5886.16
2025-10-28,P002,R002,C006,43,3655.0,2314.44
2025-10-28,P002,R003,C009,131,11135.0,6514.02
2025-10-28,P002,R003,C003,82,6970.0,4477.74
2025-10-28,P002,R004,C010,31,2635.0,1722.91
2025-10-28,P002,R004,C004,39,3315.0,1938.05
2025-10-28,P003,R001,C005,5,3100.0,2183.08
2025-10-28,P003,R001,C007,8,4960.0,3510.43
2025-10-28,P003,R001,C001,11,6820.0,4860.66
2025-10-28,P003,R002,C002,13,8060.0,5612.63
2025-10-28,P003,R002,C008,5,3100.0,2180.74
2025-10-28,P003,R003,C009,6,3720.0,2523.42
2025-10-28,P003,R003,C003,5,3100.0,2094.13
2025-10-28,P003,R004,C010,2,1240.0,871.58
2025-10-28,P003,R004,C004,4,2480.0,1682.03
2025-10-28,P004,R001,C005,12,2880.0,1808.59
2025-10-28,P004,R001,C007,20,4800.0,3248.7
2025-10-28,P004,R001,C001,40,9600.0,6039.53
2025-10-28,P004,R002,C012,18,4320.0,2901.73
2025-10-28,P004,R002,C002,23,5520.0,3687.15
2025-10-28,P004,R002,C006,7,1680.0,1131.87
2025-10-28,P004,R003,C003,12,2880.0,1821.46
2025-10-28,P004,R003,C009,29,6960.0,4521.76
2025-10-28,P004,R004,C010,7,1680.0,1061.71
2025-10-28,P004,R004,C004,9,2160.0,1323.57
2025-10-28,P005,R001,C005,37,1665.0,905.86
2025-10-28,P005,R001,C007,46,2070.0,1120.67
2025-10-28,P005,R001,C011,90,4050.0,2246.59
2025-10-28,P005,R001,C001,101,4545.0,2791.09
2025-10-28,P005,R002,C012,109,4905.0,2781.34
2025-10-28,P005,R002,C008,60,2700.0,1547.72
2025-10-28,P005,R003,C003,38,1710.0,1049.0
2025-10-28,P005,R003,C009,38,1710.0,1024.88
2025-10-28,P005,R004,C004,29,1305.0,761.96
2025-10-28,P005,R004,C010,17,765.0,437.56
2025-10-28,P006,R001,C005,24,2880.0,1904.34
2025-10-28,P006,R001,C001,94,11280.0,7516.68
2025-10-28,P006,R002,C002,50,6000.0,3639.44
2025-10-28,P006,R002,C006,17,2040.0,1361.87
2025-10-28,P006,R003,C009,36,4320.0,2684.49
2025-10-28,P006,R003,C003,22,2640.0,1635.11
2025-10-28,P006,R004,C010,14,1680.0,1070.87
2025-10-28,P006,R004,C004,10,1200.0,763.01
2025-10-29,P001,R001,C011,17,6460.0,4526.03
2025-10-29,P001,R001,C001,15,5700.0,4079.2
2025-10-29,P001,R001,C007,11,4180.0,2851.35
2025-10-29,P001,R002,C006,6,2280.0,1531.87
2025-10-29,P001,R002,C002,21,7980.0,5267.58
2025-10-29,P001,R003,C009,16,6080.0,3923.25
2025-10-29,P001,R003,C003,11,4180.0,2845.57
2025-10-29,P001,R004,C004,6,2280.0,1495.13
2025-10-29,P001,R004,C010,6,2280.0,1560.19
2025-10-29,P002,R001,C001,168,14280.0,8565.14
2025-10-29,P002,R001,C011,111,9435.0,6189.87
2025-10-29,P002,R002,C008,35,2975.0,1744.41
2025-10-29,P002,R002,C006,27,2295.0,1355.27
2025-10-29,P002,R002,C002,84,7140.0,4313.12
2025-10-29,P002,R002,C012,57,4845.0,2871.51
2025-10-29,P002,R003,C009,72,6120.0,3690.84
2025-10-29,P002,R003,C003,60,5100.0,3008.03
2025-10-29,P002,R004,C010,29,2465.0,1547.86
2025-10-29,P002,R004,C004,46,3910.0,2445.02
2025-10-29,P003,R001,C011,8,4960.0,3300.54
2025-10-29,P003,R001,C001,8,4960.0,3503.29
2025-10-29,P003,R001,C007,4,2480.0,1645.49
2025-10-29,P003,R001,C005,3,1860.0,1293.07
2025-10-29,P003,R002,C006,4,2480.0,1739.03
2025-10-29,P003,R002,C012,10,6200.0,4571.2
2025-10-29,P003,R003,C009,9,5580.0,3804.87
2025-10-29,P003,R003,C003,5,3100.0,2138.99
2025-10-29,P003,R004,C010,4,2480.0,1681.68
2025-10-29,P003,R004,C004,3,1860.0,1244.03
2025-10-29,P004,R001,C011,23,5520.0,3686.02
2025-10-29,P004,R001,C001,32,7680.0,5029.96
2025-10-29,P004,R001,C007,15,3600.0,2232.75
2025-10-29,P004,R001,C005,6,1440.0,929.7
2025-10-29,P004,R002,C002,15,3600.0,2435.33
2025-10-29,P004,R002,C006,5,1200.0,762.6
2025-10-29,P004,R002,C008,7,1680.0,1104.67
2025-10-29,P004,R002,C012,13,3120.0,1957.58
2025-10-29,P004,R003,C003,15,3600.0,2335.79
2025-10-29,P004,R003,C009,18,4320.0,2703.96
2025-10-29,P004,R004,C010,7,1680.0,1125.68
2025-10-29,P004,R004,C004,8,1920.0,1298.74
2025-10-29,P005,R001,C011,74,3330.0,1827.62
2025-10-29,P005,R001,C001,68,3060.0,1732.07
2025-10-29,P005,R001,C005,22,990.0,581.87
2025-10-29,P005,R002,C012,58,2610.0,1421.08
2025-10-29,P005,R002,C008,22,990.0,597.58
2025-10-29,P005,R002,C006,13,585.0,325.45
2025-10-29,P005,R002,C002,59,2655.0,1460.67
2025-10-29,P005,R003,C009,46,2070.0,1151.35
2025-10-29,P005,R003,C003,30,1350.0,735.56
2025-10-29,P005,R004,C004,36,1620.0,970.76
2025-10-29,P005,R004,C010,17,765.0,417.44
2025-10-29,P006,R001,C007,30,3600.0,2197.91
2025-10-29,P006,R001,C011,54,6480.0,4014.52
2025-10-29,P006,R001,C001,52,6240.0,4215.51
2025-10-29,P006,R001,C005,13,1560.0,1033.18
2025-10-29,P006,R002,C006,15,1800.0,1167.66
2025-10-29,P006,R002,C002,35,4200.0,2779.3
2025-10-29,P006,R002,C008,17,2040.0,1381.55
2025-10-29,P006,R003,C009,34,4080.0,2609.95
2025-10-29,P006,R003,C003,22,2640.0,1662.01
2025-10-29,P006,R004,C010,12,1440.0,935.95
2025-10-29,P006,R004,C004,17,2040.0,1336.38
2025-10-30,P001,R001,C001,15,5700.0,4039.33
2025-10-30,P001,R001,C007,9,3420.0,2373.68
2025-10-30,P001,R001,C011,23,8740.0,6169.97
2025-10-30,P001,R001,C005,6,2280.0,1520.99
2025-10-30,P001,R002,C002,18,6840.0,4386.38
2025-10-30,P001,R002,C006,6,2280.0,1599.82
2025-10-30,P001,R002,C008,8,3040.0,1964.72
2025-10-30,P001,R003,C009,17,6460.0,4382.42
2025-10-30,P001,R003,C003,11,4180.0,2981.52
2025-10-30,P001,R004,C010,5,1900.0,1347.78
2025-10-30,P001,R004,C004,4,1520.0,1061.45
2025-10-30,P002,R001,C005,27,2295.0,1438.79
2025-10-30,P002,R001,C011,115,9775.0,6001.06
2025-10-30,P002,R001,C001,117,9945.0,6558.45
2025-10-30,P002,R001,C007,50,4250.0,2500.96
2025-10-30,P002,R002,C002,95,8075.0,5165.34
2025-10-30,P002,R002,C006,24,2040.0,1292.23
2025-10-30,P002,R002,C008,45,3825.0,2349.34
2025-10-30,P002,R002,C012,85,7225.0,4306.68
2025-10-30,P002,R003,C009,84,7140.0,4602.68
2025-10-30,P002,R003,C003,77,6545.0,3952.03
2025-10-30,P002,R004,C010,33,2805.0,1784.98
2025-10-30,P002,R004,C004,48,4080.0,2612.19
2025-10-30,P003,R001,C005,5,3100.0,2092.04
2025-10-30,P003,R001,C011,15,9300.0,6842.27
2025-10-30,P003,R001,C001,12,7440.0,5377.1
2025-10-30,P003,R002,C006,1,620.0,417.57
2025-10-30,P003,R002,C008,2,1240.0,818.73
2025-10-30,P003,R002,C012,4,2480.0,1662.02
2025-10-30,P003,R002,C002,5,3100.0,2110.88
2025-10-30,P003,R003,C009,6,3720.0,2738.52
2025-10-30,P003,R003,C003,4,2480.0,1646.14
2025-10-30,P003,R004,C004,3,1860.0,1375.96
2025-10-30,P003,R004,C010,3,1860.0,1272.79
2025-10-30,P004,R001,C001,28,6720.0,4253.05
2025-10-30,P004,R001,C011,25,6000.0,3907.84
2025-10-30,P004,R001,C007,16,3840.0,2439.32
2025-10-30,P004,R002,C008,14,3360.0,2190.44
2025-10-30,P004,R002,C002,39,9360.0,6250.17
2025-10-30,P004,R002,C006,9,2160.0,1408.55
2025-10-30,P004,R003,C009,18,4320.0,2694.39
2025-10-30,P004,R003,C003,18,4320.0,2951.31
2025-10-30,P004,R004,C010,7,1680.0,1047.74
2025-10-30,P004,R004,C004,14,3360.0,2051.51
2025-10-30,P005,R001,C005,27,1215.0,747.14
2025-10-30,P005,R001,C011,89,4005.0,2204.64
2025-10-30,P005,R001,C007,44,1980.0,1197.86
2025-10-30,P005,R001,C001,82,3690.0,2225.29
2025-10-30,P005,R002,C002,44,1980.0,1163.06
2025-10-30,P005,R002,C012,63,2835.0,1555.97
2025-10-30,P005,R002,C008,33,1485.0,911.7
2025-10-30,P005,R003,C003,34,1530.0,857.62
2025-10-30,P005,R003,C009,69,3105.0,1864.41
2025-10-30,P005,R004,C004,22,990.0,591.81
2025-10-30,P005,R004,C010,17,765.0,437.27
2025-10-30,P006,R001,C011,38,4560.0,2940.8
2025-10-30,P006,R001,C001,38,4560.0,3084.36
2025-10-30,P006,R001,C007,26,3120.0,1912.41
2025-10-30,P006,R002,C006,12,1440.0,973.86
2025-10-30,P006,R002,C012,39,4680.0,3053.0
2025-10-30,P006,R002,C002,34,4080.0,2729.35
2025-10-30,P006,R002,C008,15,1800.0,1210.82
2025-10-30,P006,R003,C009,34,4080.0,2508.19
2025-10-30,P006,R003,C003,22,2640.0,1681.79
2025-10-30,P006,R004,C010,20,2400.0,1534.43
2025-10-30,P006,R004,C004,16,1920.0,1230.61
2025-10-31,P001,R001,C001,21,7980.0,5686.8
2025-10-31,P001,R001,C011,18,6840.0,4393.96
2025-10-31,P001,R001,C005,7,2660.0,1911.81
2025-10-31,P001,R002,C008,14,5320.0,3664.83
2025-10-31,P001,R002,C012,19,7220.0,5062.58
2025-10-31,P001,R003,C003,11,4180.0,2847.24
2025-10-31,P001,R003,C009,10,3800.0,2527.68
2025-10-31,P001,R004,C004,10,3800.0,2479.81
2025-10-31,P001,R004,C010,6,2280.0,1492.03
2025-10-31,P002,R001,C007,199,16915.0,10518.27
2025-10-31,P002,R001,C005,108,9180.0,5354.13
2025-10-31,P002,R002,C012,128,10880.0,6396.44
2025-10-31,P002,R002,C006,47,3995.0,2632.27
2025-10-31,P002,R003,C003,47,3995.0,2551.1
2025-10-31,P002,R003,C009,89,7565.0,4814.79
2025-10-31,P002,R004,C004,45,3825.0,2238.83
2025-10-31,P002,R004,C010,39,3315.0,2011.86
2025-10-31,P003,R001,C011,17,10540.0,7534.87
2025-10-31,P003,R001,C005,5,3100.0,2052.36
2025-10-31,P003,R002,C002,7,4340.0,2921.09
2025-10-31,P003,R002,C008,4,2480.0,1736.37
2025-10-31,P003,R002,C006,2,1240.0,907.66
2025-10-31,P003,R003,C009,9,5580.0,4021.67
2025-10-31,P003,R003,C003,5,3100.0,2125.87
2025-10-31,P003,R004,C010,3,1860.0,1373.75
2025-10-31,P003,R004,C004,4,2480.0,1647.45
2025-10-31,P004,R001,C007,67,16080.0,10613.97
2025-10-31,P004,R001,C005,43,10320.0,6719.62
2025-10-31,P004,R002,C008,8,1920.0,1221.05
2025-10-31,P004,R002,C012,23,5520.0,3790.64
2025-10-31,P004,R002,C002,19,4560.0,2859.03
2025-10-31,P004,R002,C006,7,1680.0,1043.39
2025-10-31,P004,R003,C009,16,3840.0,2616.11
2025-10-31,P004,R003,C003,17,4080.0,2809.89
2025-10-31,P004,R004,C004,13,3120.0,2017.09
2025-10-31,P004,R004,C010,10,2400.0,1546.33
2025-10-31,P005,R001,C011,186,8370.0,4794.81
2025-10-31,P005,R001,C007,78,3510.0,2094.96
2025-10-31,P005,R002,C008,51,2295.0,1357.82
2025-10-31,P005,R002,C006,31,1395.0,800.93
2025-10-31,P005,R002,C012,66,2970.0,1803.45
2025-10-31,P005,R003,C009,56,2520.0,1550.6
2025-10-31,P005,R003,C003,48,2160.0,1209.2
2025-10-31,P005,R004,C010,26,1170.0,710.67
2025-10-31,P005,R004,C004,24,1080.0,589.37
2025-10-31,P006,R001,C005,56,6720.0,4339.7
2025-10-31,P006,R001,C007,64,7680.0,5059.66
2025-10-31,P006,R002,C012,28,3360.0,2236.63
2025-10-31,P006,R002,C008,11,1320.0,846.99
2025-10-31,P006,R002,C002,24,2880.0,1943.44
2025-10-31,P006,R002,C006,10,1200.0,812.68
2025-10-31,P006,R003,C009,26,3120.0,2024.45
2025-10-31,P006,R003,C003,24,2880.0,1862.25
2025-10-31,P006,R004,C010,16,1920.0,1185.15
2025-10-31,P006,R004,C004,13,1560.0,988.61
2025-11-01,P001,R001,C001,15,5700.0,3725.8
2025-11-01,P001,R001,C007,9,3420.0,2401.71
2025-11-01,P001,R001,C005,5,1900.0,1245.37
2025-11-01,P001,R001,C011,13,4940.0,3527.04
2025-11-01,P001,R002,C006,7,2660.0,1752.31
2025-11-01,P001,R002,C012,23,8740.0,6248.84
2025-11-01,P001,R003,C009,13,4940.0,3169.08
2025-11-01,P001,R003,C003,8,3040.0,2138.69
2025-11-01,P001,R004,C004,5,1900.0,1239.37
2025-11-01,P001,R004,C010,5,1900.0,1299.67
2025-11-01,P002,R001,C005,72,6120.0,3607.07
2025-11-01,P002,R001,C007,127,10795.0,6510.25
2025-11-01,P002,R002,C002,44,3740.0,2193.51
2025-11-01,P002,R002,C006,18,1530.0,922.6
2025-11-01,P002,R002,C008,26,2210.0,1328.24
2025-11-01,P002,R002,C012,41,3485.0,2084.59
2025-11-01,P002,R003,C003,52,4420.0,2581.52
2025-11-01,P002,R003,C009,76,6460.0,4028.57
2025-11-01,P002,R004,C010,33,2805.0,1822.59
2025-11-01,P002,R004,C004,25,2125.0,1253.32
2025-11-01,P003,R001,C005,3,1860.0,1281.0
2025-11-01,P003,R001,C001,6,3720.0,2577.12
2025-11-01,P003,R001,C011,7,4340.0,3076.31
2025-11-01,P003,R002,C002,6,3720.0,2677.53
2025-11-01,P003,R002,C012,5,3100.0,2110.76
2025-11-01,P003,R002,C006,1,620.0,456.38
2025-11-01,P003,R002,C008,3,1860.0,1292.69
2025-11-01,P003,R003,C009,4,2480.0,1716.48
2025-11-01,P003,R003,C003,3,1860.0,1270.8
2025-11-01,P003,R004,C010,2,1240.0,825.94
2025-11-01,P003,R004,C004,2,1240.0,916.94
2025-11-01,P004,R001,C005,13,3120.0,1975.87
2025-11-01,P004,R001,C007,14,3360.0,2151.81
2025-11-01,P004,R001,C001,37,8880.0,5663.32
2025-11-01,P004,R002,C012,13,3120.0,1928.75
2025-11-01,P004,R002,C006,5,1200.0,824.88
2025-11-01,P004,R002,C002,10,2400.0,1597.15
2025-11-01,P004,R003,C009,18,4320.0,2908.62
2025-11-01,P004,R003,C003,10,2400.0,1502.9
2025-11-01,P004,R004,C010,6,1440.0,881.35
2025-11-01,P004,R004,C004,7,1680.0,1098.19
2025-11-01,P005,R001,C005,36,1620.0,995.23
2025-11-01,P005,R001,C011,139,6255.0,3451.73
2025-11-01,P005,R002,C002,81,3645.0,2128.68
2025-11-01,P005,R002,C008,30,1350.0,834.57
2025-11-01,P005,R003,C009,39,1755.0,1086.48
2025-11-01,P005,R003,C003,32,1440.0,873.53
2025-11-01,P005,R004,C010,12,540.0,303.21
2025-11-01,P005,R004,C004,14,630.0,346.73
2025-11-01,P006,R001,C007,42,5040.0,3406.79
2025-11-01,P006,R001,C011,75,9000.0,5632.66
2025-11-01,P006,R002,C012,35,4200.0,2530.63
2025-11-01,P006,R002,C002,35,4200.0,2771.53
2025-11-01,P006,R003,C003,19,2280.0,1397.68
2025-11-01,P006,R003,C009,29,3480.0,2238.25
2025-11-01,P006,R004,C010,8,960.0,618.57
2025-11-01,P006,R004,C004,8,960.0,647.62
2025-11-02,P001,R001,C001,9,3420.0,2191.02
2025-11-02,P001,R001,C011,10,3800.0,2691.67
2025-11-02,P001,R001,C007,5,1900.0,1265.36
2025-11-02,P001,R001,C005,5,1900.0,1248.05
2025-11-02,P001,R002,C008,6,2280.0,1620.04
2025-11-02,P001,R002,C006,3,1140.0,811.31
2025-11-02,P001,R002,C002,8,3040.0,1945.77
2025-11-02,P001,R002,C012,13,4940.0,3249.88
2025-11-02,P001,R003,C009,14,5320.0,3636.83
2025-11-02,P001,R003,C003,8,3040.0,2142.3
2025-11-02,P001,R004,C004,6,2280.0,1586.17
2025-11-02,P001,R004,C010,4,1520.0,1035.24
2025-11-02,P002,R001,C007,72,6120.0,3694.48
2025-11-02,P002,R001,C005,31,2635.0,1732.7
2025-11-02,P002,R001,C011,141,11985.0,7818.67
2025-11-02,P002,R002,C002,56,4760.0,3097.51
2025-11-02,P002,R002,C012,63,5355.0,3252.62
2025-11-02,P002,R002,C006,24,2040.0,1345.26
2025-11-02,P002,R003,C003,35,2975.0,1919.57
2025-11-02,P002,R003,C009,67,5695.0,3423.85
2025-11-02,P002,R004,C010,31,2635.0,1700.24
2025-11-02,P002,R004,C004,36,3060.0,1820.95
2025-11-02,P003,R001,C001,11,6820.0,4891.13
2025-11-02,P003,R001,C005,5,3100.0,2072.54
2025-11-02,P003,R001,C007,7,4340.0,3158.76
2025-11-02,P003,R002,C002,8,4960.0,3349.68
2025-11-02,P003,R002,C006,3,1860.0,1304.7
2025-11-02,P003,R003,C009,6,3720.0,2593.23
2025-11-02,P003,R003,C003,3,1860.0,1336.17
2025-11-02,P003,R004,C010,3,1860.0,1330.79
2025-11-02,P003,R004,C004,2,1240.0,893.21
2025-11-02,P004,R001,C005,12,2880.0,1857.96
2025-11-02,P004,R001,C001,27,6480.0,4096.07
2025-11-02,P004,R001,C007,17,4080.0,2671.35
2025-11-02,P004,R002,C006,9,2160.0,1416.8
2025-11-02,P004,R002,C012,17,4080.0,2737.02
2025-11-02,P004,R002,C008,14,3360.0,2240.62
2025-11-02,P004,R003,C009,16,3840.0,2478.94
2025-11-02,P004,R003,C003,14,3360.0,2286.34
2025-11-02,P004,R004,C004,9,2160.0,1340.08
2025-11-02,P004,R004,C010,8,1920.0,1294.83
2025-11-02,P005,R001,C007,48,2160.0,1245.2
2025-11-02,P005,R001,C011,107,4815.0,2633.11
2025-11-02,P005,R002,C008,20,900.0,534.59
2025-11-02,P005,R002,C006,13,585.0,323.31
2025-11-02,P005,R002,C002,22,990.0,569.18
2025-11-02,P005,R002,C012,27,1215.0,738.33
2025-11-02,P005,R003,C009,55,2475.0,1530.28
2025-11-02,P005,R003,C003,29,1305.0,725.08
2025-11-02,P005,R004,C010,20,900.0,556.18
2025-11-02,P005,R004,C004,19,855.0,519.77
2025-11-02,P006,R001,C007,38,4560.0,2755.08
2025-11-02,P006,R001,C001,65,7800.0,4841.75
2025-11-02,P006,R001,C005,24,2880.0,1815.28
2025-11-02,P006,R002,C002,48,5760.0,3659.02
2025-11-02,P006,R002,C006,16,1920.0,1277.06
2025-11-02,P006,R003,C003,12,1440.0,887.65
2025-11-02,P006,R003,C009,30,3600.0,2201.22
2025-11-02,P006,R004,C004,9,1080.0,727.36
2025-11-02,P006,R004,C010,10,1200.0,762.8
2025-11-03,P001,R001,C005,24,9120.0,6308.21
2025-11-03,P001,R001,C007,30,11400.0,7318.92
2025-11-03,P001,R002,C008,8,3040.0,2100.01
2025-11-03,P001,R002,C002,12,4560.0,3046.85
2025-11-03,P001,R002,C012,18,6840.0,4419.33
2025-11-03,P001,R002,C006,6,2280.0,1638.58
2025-11-03,P001,R003,C003,8,3040.0,2102.94
2025-11-03,P001,R003,C009,15,5700.0,3667.21
2025-11-03,P001,R004,C004,8,3040.0,2155.27
2025-11-03,P001,R004,C010,5,1900.0,1295.04
2025-11-03,P002,R001,C007,96,8160.0,5217.92
2025-11-03,P002,R001,C005,49,4165.0,2746.46
2025-11-03,P002,R001,C001,150,12750.0,8238.85
2025-11-03,P002,R001,C011,112,9520.0,5554.08
2025-11-03,P002,R002,C006,42,3570.0,2189.44
2025-11-03,P002,R002,C002,115,9775.0,5954.97
2025-11-03,P002,R002,C008,60,5100.0,3143.96
2025-11-03,P002,R002,C012,124,10540.0,6449.85
2025-11-03,P002,R003,C003,84,7140.0,4468.99
2025-11-03,P002,R003,C009,139,11815.0,7281.15
2025-11-03,P002,R004,C004,63,5355.0,3223.68
2025-11-03,P002,R004,C010,36,3060.0,1787.81
2025-11-03,P003,R001,C001,9,5580.0,3765.82
2025-11-03,P003,R001,C005,4,2480.0,1805.79
2025-11-03,P003,R001,C007,5,3100.0,2092.4
2025-11-03,P003,R001,C011,8,4960.0,3373.49
2025-11-03,P003,R002,C006,7,4340.0,3194.46
2025-11-03,P003,R002,C008,12,7440.0,5080.05
2025-11-03,P003,R003,C009,8,4960.0,3363.28
2025-11-03,P003,R003,C003,5,3100.0,2194.97
2025-11-03,P003,R004,C004,3,1860.0,1291.89
2025-11-03,P003,R004,C010,3,1860.0,1260.98
2025-11-03,P004,R001,C007,11,2640.0,1641.43
2025-11-03,P004,R001,C001,28,6720.0,4514.08
2025-11-03,P004,R001,C005,8,1920.0,1224.77
2025-11-03,P004,R001,C011,28,6720.0,4517.45
2025-11-03,P004,R002,C008,21,5040.0,3468.72
2025-11-03,P004,R002,C002,50,12000.0,7848.98
2025-11-03,P004,R003,C009,16,3840.0,2592.99
2025-11-03,P004,R003,C003,11,2640.0,1680.93
2025-11-03,P004,R004,C004,9,2160.0,1339.43
2025-11-03,P004,R004,C010,9,2160.0,1350.56
2025-11-03,P005,R001,C007,41,1845.0,1127.92
2025-11-03,P005,R001,C001,66,2970.0,1703.64
2025-11-03,P005,R001,C011,85,3825.0,2172.4
2025-11-03,P005,R001,C005,20,900.0,496.82
2025-11-03,P005,R002,C012,40,1800.0,1015.58
2025-11-03,P005,R002,C006,14,630.0,358.7
2025-11-03,P005,R002,C002,37,1665.0,993.3
2025-11-03,P005,R002,C008,22,990.0,574.03
2025-11-03,P005,R003,C003,50,2250.0,1313.22
2025-11-03,P005,R003,C009,52,2340.0,1325.32
2025-11-03,P005,R004,C010,25,1125.0,674.6
2025-11-03,P005,R004,C004,30,1350.0,810.02
2025-11-03,P006,R001,C005,19,2280.0,1531.66
2025-11-03,P006,R001,C001,77,9240.0,5929.06
2025-11-03,P006,R001,C011,64,7680.0,4875.75
2025-11-03,P006,R002,C002,24,2880.0,1861.71
2025-11-03,P006,R002,C012,26,3120.0,1986.12
2025-11-03,P006,R002,C008,16,1920.0,1232.17
2025-11-03,P006,R003,C003,32,3840.0,2315.58
2025-11-03,P006,R003,C009,48,5760.0,3528.61
2025-11-03,P006,R004,C010,21,2520.0,1568.5
2025-11-03,P006,R004,C004,18,2160.0,1395.4
2025-11-04,P001,R001,C005,19,7220.0,4795.88
2025-11-04,P001,R001,C007,45,17100.0,11766.36
2025-11-04,P001,R002,C002,22,8360.0,5399.85
2025-11-04,P001,R002,C008,11,4180.0,2996.87
2025-11-04,P001,R002,C006,10,3800.0,2545.48
2025-11-04,P001,R003,C009,21,7980.0,5271.76
2025-11-04,P001,R003,C003,10,3800.0,2476.98
2025-11-04,P001,R004,C010,9,3420.0,2407.87
2025-11-04,P001,R004,C004,7,2660.0,1761.32
2025-11-04,P002,R001,C011,140,11900.0,7705.53
2025-11-04,P002,R001,C001,169,14365.0,9433.12
2025-11-04,P002,R001,C007,98,8330.0,5052.0
2025-11-04,P002,R002,C006,27,2295.0,1347.16
2025-11-04,P002,R002,C002,119,10115.0,6411.17
2025-11-04,P002,R002,C012,106,9010.0,5936.65
2025-11-04,P002,R002,C008,37,3145.0,1886.91
2025-11-04,P002,R003,C003,57,4845.0,2825.53
2025-11-04,P002,R003,C009,87,7395.0,4400.51
2025-11-04,P002,R004,C004,44,3740.0,2191.12
2025-11-04,P002,R004,C010,37,3145.0,2023.12
2025-11-04,P003,R001,C011,13,8060.0,5743.31
2025-11-04,P003,R001,C001,13,8060.0,5901.21
2025-11-04,P003,R001,C007,6,3720.0,2587.78
2025-11-04,P003,R001,C005,5,3100.0,2185.93
2025-11-04,P003,R002,C012,20,12400.0,8296.72
2025-11-04,P003,R002,C006,5,3100.0,2078.37
2025-11-04,P003,R003,C009,8,4960.0,3538.68
2025-11-04,P003,R003,C003,6,3720.0,2630.24
2025-11-04,P003,R004,C010,2,1240.0,857.44
2025-11-04,P003,R004,C004,3,1860.0,1299.84
2025-11-04,P004,R001,C011,23,5520.0,3428.94
2025-11-04,P004,R001,C001,22,5280.0,3541.05
2025-11-04,P004,R001,C005,9,2160.0,1372.53
2025-11-04,P004,R001,C007,10,2400.0,1516.15
2025-11-04,P004,R002,C006,20,4800.0,3078.96
2025-11-04,P004,R002,C008,35,8400.0,5206.84
2025-11-04,P004,R003,C009,25,6000.0,3681.1
2025-11-04,P004,R003,C003,21,5040.0,3127.59
2025-11-04,P004,R004,C004,7,1680.0,1103.4
2025-11-04,P004,R004,C010,9,2160.0,1482.68
2025-11-04,P005,R001,C005,83,3735.0,2168.61
2025-11-04,P005,R001,C011,190,8550.0,4956.22
2025-11-04,P005,R002,C006,30,1350.0,745.44
2025-11-04,P005,R002,C012,59,2655.0,1540.23
2025-11-04,P005,R002,C008,35,1575.0,905.1
2025-11-04,P005,R003,C009,104,4680.0,2540.55
2025-11-04,P005,R003,C003,47,2115.0,1282.2
2025-11-04,P005,R004,C004,39,1755.0,1020.26
2025-11-04,P005,R004,C010,22,990.0,578.08
2025-11-04,P006,R001,C001,40,4800.0,3035.72
2025-11-04,P006,R001,C011,60,7200.0,4817.07
2025-11-04,P006,R001,C005,21,2520.0,1612.13
2025-11-04,P006,R001,C007,25,3000.0,1920.57
2025-11-04,P006,R002,C006,15,1800.0,1081.95
2025-11-04,P006,R002,C012,27,3240.0,2200.9
2025-11-04,P006,R002,C002,29,3480.0,2126.23
2025-11-04,P006,R002,C008,20,2400.0,1587.08
2025-11-04,P006,R003,C003,26,3120.0,2099.3
2025-11-04,P006,R003,C009,47,5640.0,3780.38
2025-11-04,P006,R004,C010,19,2280.0,1505.4
2025-11-04,P006,R004,C004,18,2160.0,1456.05
2025-11-05,P001,R001,C011,38,14440.0,9671.98
2025-11-05,P001,R001,C001,31,11780.0,8094.16
2025-11-05,P001,R002,C012,23,8740.0,5699.49
2025-11-05,P001,R002,C008,17,6460.0,4517.55
2025-11-05,P001,R003,C003,16,6080.0,4184.38
2025-11-05,P001,R003,C009,17,6460.0,4311.62
2025-11-05,P001,R004,C010,6,2280.0,1574.74
2025-11-05,P001,R004,C004,6,2280.0,1555.73
2025-11-05,P002,R001,C005,41,3485.0,2063.6
2025-11-05,P002,R001,C001,88,7480.0,4890.83
2025-11-05,P002,R001,C011,89,7565.0,4727.68
2025-11-05,P002,R001,C007,49,4165.0,2535.16
2025-11-05,P002,R002,C006,35,2975.0,1954.84
2025-11-05,P002,R002,C012,92,7820.0,4787.43
2025-11-05,P002,R002,C002,83,7055.0,4114.88
2025-11-05,P002,R002,C008,40,3400.0,2117.43
2025-11-05,P002,R003,C003,84,7140.0,4277.41
2025-11-05,P002,R003,C009,137,11645.0,7118.93
2025-11-05,P002,R004,C004,33,2805.0,1805.95
2025-11-05,P002,R004,C010,45,3825.0,2403.77
2025-11-05,P003,R001,C007,7,4340.0,2944.74
2025-11-05,P003,R001,C011,11,6820.0,4923.29
2025-11-05,P003,R001,C001,14,8680.0,5883.76
2025-11-05,P003,R002,C012,6,3720.0,2744.94
2025-11-05,P003,R002,C006,3,1860.0,1353.66
2025-11-05,P003,R002,C002,6,3720.0,2485.59
2025-11-05,P003,R003,C003,8,4960.0,3349.51
2025-11-05,P003,R003,C009,10,6200.0,4418.36
2025-11-05,P003,R004,C010,4,2480.0,1720.1
2025-11-05,P003,R004,C004,3,1860.0,1334.33
2025-11-05,P004,R001,C011,33,7920.0,4942.71
2025-11-05,P004,R001,C001,42,10080.0,6403.13
2025-11-05,P004,R001,C005,12,2880.0,1874.12
2025-11-05,P004,R002,C002,52,12480.0,7979.28
2025-11-05,P004,R002,C008,29,6960.0,4684.35
2025-11-05,P004,R003,C003,17,4080.0,2730.93
2025-11-05,P004,R003,C009,34,8160.0,5133.99
2025-11-05,P004,R004,C010,10,2400.0,1503.58
2025-11-05,P004,R004,C004,12,2880.0,1836.19
2025-11-05,P005,R001,C001,78,3510.0,2038.99
2025-11-05,P005,R001,C005,30,1350.0,766.71
2025-11-05,P005,R001,C011,105,4725.0,2567.42
2025-11-05,P005,R001,C007,40,1800.0,1002.02
2025-11-05,P005,R002,C008,82,3690.0,1999.81
2025-11-05,P005,R002,C006,79,3555.0,1960.95
2025-11-05,P005,R003,C003,64,2880.0,1616.38
2025-11-05,P005,R003,C009,102,4590.0,2639.48
2025-11-05,P005,R004,C010,29,1305.0,793.41
2025-11-05,P005,R004,C004,44,1980.0,1120.07
2025-11-05,P006,R001,C005,15,1800.0,1107.15
2025-11-05,P006,R001,C001,67,8040.0,5293.81
2025-11-05,P006,R001,C011,56,6720.0,4507.37
2025-11-05,P006,R001,C007,23,2760.0,1705.01
2025-11-05,P006,R002,C008,16,1920.0,1195.33
2025-11-05,P006,R002,C002,38,4560.0,3053.26
2025-11-05,P006,R002,C006,12,1440.0,941.72
2025-11-05,P006,R002,C012,39,4680.0,2922.96
2025-11-05,P006,R003,C009,39,4680.0,2961.18
2025-11-05,P006,R003,C003,23,2760.0,1767.99
2025-11-05,P006,R004,C004,12,1440.0,927.81
2025-11-05,P006,R004,C010,17,2040.0,1367.75
2025-11-06,P001,R001,C001,31,11780.0,7886.16
2025-11-06,P001,R001,C007,10,3800.0,2606.08
2025-11-06,P001,R001,C011,25,9500.0,6280.47
2025-11-06,P001,R001,C005,10,3800.0,2469.83
2025-11-06,P001,R002,C008,20,7600.0,5048.15
2025-11-06,P001,R002,C006,13,4940.0,3259.47
2025-11-06,P001,R003,C003,16,6080.0,4167.52
2025-11-06,P001,R003,C009,18,6840.0,4587.97
2025-11-06,P001,R004,C004,8,3040.0,2053.43
2025-11-06,P001,R004,C010,8,3040.0,1978.95
2025-11-06,P002,R001,C007,102,8670.0,5392.48
2025-11-06,P002,R001,C011,319,27115.0,17759.6
2025-11-06,P002,R002,C006,81,6885.0,4093.07
2025-11-06,P002,R002,C002,186,15810.0,10397.12
2025-11-06,P002,R003,C009,94,7990.0,4982.56
2025-11-06,P002,R003,C003,62,5270.0,3426.58
2025-11-06,P002,R004,C010,39,3315.0,2143.08
2025-11-06,P002,R004,C004,47,3995.0,2484.14
2025-11-06,P003,R001,C005,6,3720.0,2598.0
2025-11-06,P003,R001,C007,11,6820.0,4969.17
2025-11-06,P003,R001,C001,21,13020.0,8848.32
2025-11-06,P003,R002,C002,8,4960.0,3360.65
2025-11-06,P003,R002,C006,2,1240.0,841.86
2025-11-06,P003,R002,C012,7,4340.0,3064.77
2025-11-06,P003,R002,C008,4,2480.0,1737.32
2025-11-06,P003,R003,C009,7,4340.0,2872.56
2025-11-06,P003,R003,C003,3,1860.0,1322.13
2025-11-06,P003,R004,C010,3,1860.0,1279.39
2025-11-06,P003,R004,C004,4,2480.0,1663.25
2025-11-06,P004,R001,C007,29,6960.0,4492.82
2025-11-06,P004,R001,C011,71,17040.0,10443.93
2025-11-06,P004,R002,C012,49,11760.0,7994.26
2025-11-06,P004,R002,C008,26,6240.0,4060.71
2025-11-06,P004,R003,C009,27,6480.0,4046.99
2025-11-06,P004,R003,C003,16,3840.0,2380.96
2025-11-06,P004,R004,C004,15,3600.0,2376.2
2025-11-06,P004,R004,C010,8,1920.0,1227.4
2025-11-06,P005,R001,C011,79,3555.0,1941.15
2025-11-06,P005,R001,C007,42,1890.0,1109.68
2025-11-06,P005,R001,C005,26,1170.0,638.77
2025-11-06,P005,R001,C001,117,5265.0,3228.67
2025-11-06,P005,R002,C006,43,1935.0,1137.78
2025-11-06,P005,R002,C012,135,6075.0,3386.04
2025-11-06,P005,R003,C009,53,2385.0,1446.71
2025-11-06,P005,R003,C003,57,2565.0,1434.11
2025-11-06,P005,R004,C004,43,1935.0,1198.45
2025-11-06,P005,R004,C010,22,990.0,555.81
2025-11-06,P006,R001,C011,55,6600.0,4420.76
2025-11-06,P006,R001,C005,32,3840.0,2342.41
2025-11-06,P006,R001,C001,70,8400.0,5579.82
2025-11-06,P006,R002,C008,35,4200.0,2540.91
2025-11-06,P006,R002,C002,51,6120.0,3993.94
2025-11-06,P006,R003,C003,25,3000.0,1819.98
2025-11-06,P006,R003,C009,47,5640.0,3713.59
2025-11-06,P006,R004,C010,18,2160.0,1398.48
2025-11-06,P006,R004,C004,14,1680.0,1022.79
2025-11-07,P001,R001,C001,35,13300.0,9032.48
2025-11-07,P001,R001,C007,16,6080.0,3993.63
2025-11-07,P001,R001,C011,22,8360.0,5915.53
2025-11-07,P001,R002,C008,6,2280.0,1494.8
2025-11-07,P001,R002,C002,14,5320.0,3588.72
2025-11-07,P001,R002,C006,5,1900.0,1337.23
2025-11-07,P001,R002,C012,17,6460.0,4628.86
2025-11-07,P001,R003,C009,23,8740.0,5640.41
2025-11-07,P001,R003,C003,15,5700.0,3934.11
2025-11-07,P001,R004,C004,9,3420.0,2451.11
2025-11-07,P001,R004,C010,6,2280.0,1611.97
2025-11-07,P002,R001,C005,117,9945.0,6194.78
2025-11-07,P002,R001,C011,328,27880.0,17208.3
2025-11-07,P002,R002,C006,38,3230.0,1966.42
2025-11-07,P002,R002,C002,98,8330.0,5193.75
2025-11-07,P002,R002,C008,36,3060.0,1824.34
2025-11-07,P002,R002,C012,95,8075.0,4984.27
2025-11-07,P002,R003,C003,89,7565.0,4454.01
2025-11-07,P002,R003,C009,122,10370.0,6427.92
2025-11-07,P002,R004,C010,41,3485.0,2037.87
2025-11-07,P002,R004,C004,61,5185.0,3332.85
2025-11-07,P003,R001,C007,9,5580.0,3742.34
2025-11-07,P003,R001,C001,26,16120.0,11534.34
2025-11-07,P003,R002,C008,4,2480.0,1810.25
2025-11-07,P003,R002,C006,2,1240.0,914.68
2025-11-07,P003,R002,C002,4,2480.0,1727.34
2025-11-07,P003,R002,C012,5,3100.0,2090.43
2025-11-07,P003,R003,C009,5,3100.0,2158.6
2025-11-07,P003,R003,C003,5,3100.0,2248.37
2025-11-07,P003,R004,C010,2,1240.0,902.51
2025-11-07,P003,R004,C004,4,2480.0,1795.88
2025-11-07,P004,R001,C007,23,5520.0,3445.72
2025-11-07,P004,R001,C001,53,12720.0,8345.58
2025-11-07,P004,R001,C011,36,8640.0,5371.66
2025-11-07,P004,R002,C006,7,1680.0,1084.34
2025-11-07,P004,R002,C002,24,5760.0,3667.74
2025-11-07,P004,R002,C008,8,1920.0,1298.97
2025-11-07,P004,R002,C012,19,4560.0,3073.99
2025-11-07,P004,R003,C009,23,5520.0,3530.55
2025-11-07,P004,R003,C003,14,3360.0,2280.93
2025-11-07,P004,R004,C004,16,3840.0,2527.58
2025-11-07,P004,R004,C010,10,2400.0,1607.72
2025-11-07,P005,R001,C005,36,1620.0,906.55
2025-11-07,P005,R001,C011,148,6660.0,4067.36
2025-11-07,P005,R001,C001,90,4050.0,2338.7
2025-11-07,P005,R002,C012,52,2340.0,1305.76
2025-11-07,P005,R002,C006,27,1215.0,660.34
2025-11-07,P005,R002,C002,53,2385.0,1432.17
2025-11-07,P005,R003,C009,56,2520.0,1364.57
2025-11-07,P005,R003,C003,53,2385.0,1430.15
2025-11-07,P005,R004,C010,21,945.0,566.83
2025-11-07,P005,R004,C004,35,1575.0,854.18
2025-11-07,P006,R001,C001,77,9240.0,5751.67
2025-11-07,P006,R001,C011,82,9840.0,6358.65
2025-11-07,P006,R001,C005,21,2520.0,1561.52
2025-11-07,P006,R002,C012,50,6000.0,3694.05
2025-11-07,P006,R002,C008,34,4080.0,2665.79
2025-11-07,P006,R003,C009,43,5160.0,3494.47
2025-11-07,P006,R003,C003,30,3600.0,2192.16
2025-11-07,P006,R004,C010,13,1560.0,967.86
2025-11-07,P006,R004,C004,20,2400.0,1583.13
2025-11-08,P001,R001,C005,6,2280.0,1499.59
2025-11-08,P001,R001,C007,8,3040.0,2151.59
2025-11-08,P001,R001,C001,10,3800.0,2535.05
2025-11-08,P001,R001,C011,12,4560.0,3111.33
2025-11-08,P001,R002,C012,11,4180.0,2828.77
2025-11-08,P001,R002,C006,3,1140.0,757.89
2025-11-08,P001,R002,C002,8,3040.0,1954.87
2025-11-08,P001,R002,C008,5,1900.0,1304.48
2025-11-08,P001,R003,C009,11,4180.0,2873.95
2025-11-08,P001,R003,C003,6,2280.0,1625.14
2025-11-08,P001,R004,C004,6,2280.0,1529.69
2025-11-08,P001,R004,C010,3,1140.0,752.87
2025-11-08,P002,R001,C011,70,5950.0,3679.96
2025-11-08,P002,R001,C005,33,2805.0,1690.41
2025-11-08,P002,R001,C001,87,7395.0,4647.12
2025-11-08,P002,R002,C006,17,1445.0,915.96
2025-11-08,P002,R002,C012,54,4590.0,2861.35
2025-11-08,P002,R002,C008,20,1700.0,1004.61
2025-11-08,P002,R002,C002,47,3995.0,2409.92
2025-11-08,P002,R003,C003,54,4590.0,2833.19
2025-11-08,P002,R003,C009,86,7310.0,4267.02
2025-11-08,P002,R004,C010,29,2465.0,1609.67
2025-11-08,P002,R004,C004,42,3570.0,2218.29
2025-11-08,P003,R001,C005,3,1860.0,1303.5
2025-11-08,P003,R001,C007,5,3100.0,2108.76
2025-11-08,P003,R001,C011,8,4960.0,3492.55
2025-11-08,P003,R002,C002,14,8680.0,6212.54
2025-11-08,P003,R002,C006,4,2480.0,1726.6
2025-11-08,P003,R003,C009,5,3100.0,2152.75
2025-11-08,P003,R003,C003,4,2480.0,1705.93
2025-11-08,P003,R004,C010,2,1240.0,821.83
2025-11-08,P003,R004,C004,2,1240.0,853.56
2025-11-08,P004,R001,C007,16,3840.0,2358.38
2025-11-08,P004,R001,C011,23,5520.0,3419.31
2025-11-08,P004,R001,C005,12,2880.0,1904.23
2025-11-08,P004,R002,C012,14,3360.0,2261.09
2025-11-08,P004,R002,C002,15,3600.0,2378.53
2025-11-08,P004,R002,C006,4,960.0,662.0
2025-11-08,P004,R002,C008,8,1920.0,1244.03
2025-11-08,P004,R003,C009,17,4080.0,2504.14
2025-11-08,P004,R003,C003,10,2400.0,1535.99
2025-11-08,P004,R004,C010,6,1440.0,927.69
2025-11-08,P004,R004,C004,7,1680.0,1044.97
2025-11-08,P005,R001,C007,21,945.0,573.45
2025-11-08,P005,R001,C001,62,2790.0,1531.05
2025-11-08,P005,R001,C005,21,945.0,541.15
2025-11-08,P005,R001,C011,40,1800.0,977.78
2025-11-08,P005,R002,C008,23,1035.0,575.75
2025-11-08,P005,R002,C012,45,2025.0,1236.78
2025-11-08,P005,R002,C006,14,630.0,352.06
2025-11-08,P005,R002,C002,39,1755.0,1034.57
2025-11-08,P005,R003,C003,27,1215.0,712.47
2025-11-08,P005,R003,C009,37,1665.0,1003.42
2025-11-08,P005,R004,C010,19,855.0,493.58
2025-11-08,P005,R004,C004,25,1125.0,664.92
2025-11-08,P006,R001,C007,20,2400.0,1589.65
2025-11-08,P006,R001,C011,49,5880.0,3738.45
2025-11-08,P006,R001,C005,10,1200.0,743.23
2025-11-08,P006,R001,C001,44,5280.0,3430.01
2025-11-08,P006,R002,C008,11,1320.0,881.87
2025-11-08,P006,R002,C002,13,1560.0,1039.14
2025-11-08,P006,R002,C012,15,1800.0,1112.37
2025-11-08,P006,R002,C006,6,720.0,468.52
2025-11-08,P006,R003,C009,35,4200.0,2588.55
2025-11-08,P006,R003,C003,22,2640.0,1782.38
2025-11-08,P006,R004,C010,12,1440.0,913.03
2025-11-08,P006,R004,C004,18,2160.0,1442.74
2025-11-09,P001,R001,C007,18,6840.0,4560.36
2025-11-09,P001,R001,C001,22,8360.0,5523.79
2025-11-09,P001,R002,C006,4,1520.0,1077.88
2025-11-09,P001,R002,C002,11,4180.0,2965.66
2025-11-09,P001,R002,C008,5,1900.0,1312.58
2025-11-09,P001,R003,C003,6,2280.0,1611.16
2025-11-09,P001,R003,C009,9,3420.0,2236.12
2025-11-09,P001,R004,C004,4,1520.0,1027.91
2025-11-09,P001,R004,C010,4,1520.0,1034.04
2025-11-09,P002,R001,C005,29,2465.0,1557.47
2025-11-09,P002,R001,C001,102,8670.0,5083.71
2025-11-09,P002,R001,C011,66,5610.0,3528.32
2025-11-09,P002,R001,C007,41,3485.0,2195.08
2025-11-09,P002,R002,C008,38,3230.0,2070.9
2025-11-09,P002,R002,C002,102,8670.0,5488.12
2025-11-09,P002,R003,C003,46,3910.0,2398.84
2025-11-09,P002,R003,C009,71,6035.0,3831.54
2025-11-09,P002,R004,C004,34,2890.0,1764.43
2025-11-09,P002,R004,C010,21,1785.0,1143.09
2025-11-09,P003,R001,C005,2,1240.0,880.59
2025-11-09,P003,R001,C007,4,2480.0,1665.83
2025-11-09,P003,R001,C001,7,4340.0,3024.83
2025-11-09,P003,R002,C006,2,1240.0,904.87
2025-11-09,P003,R002,C002,3,1860.0,1349.45
2025-11-09,P003,R002,C012,4,2480.0,1650.83
2025-11-09,P003,R002,C008,2,1240.0,906.38
2025-11-09,P003,R003,C009,5,3100.0,2072.84
2025-11-09,P003,R003,C003,4,2480.0,1756.77
2025-11-09,P003,R004,C004,2,1240.0,839.32
2025-11-09,P003,R004,C010,2,1240.0,829.89
2025-11-09,P004,R001,C005,20,4800.0,3008.49
2025-11-09,P004,R001,C007,32,7680.0,4939.73
2025-11-09,P004,R002,C008,14,3360.0,2134.38
2025-11-09,P004,R002,C006,6,1440.0,972.46
2025-11-09,P004,R002,C012,16,3840.0,2527.31
2025-11-09,P004,R003,C009,20,4800.0,3106.5
2025-11-09,P004,R003,C003,14,3360.0,2304.91
2025-11-09,P004,R004,C010,8,1920.0,1216.72
2025-11-09,P004,R004,C004,6,1440.0,954.14
2025-11-09,P005,R001,C001,129,5805.0,3576.24
2025-11-09,P005,R001,C007,52,2340.0,1300.56
2025-11-09,P005,R002,C002,70,3150.0,1786.1
2025-11-09,P005,R002,C012,46,2070.0,1186.95
2025-11-09,P005,R003,C003,20,900.0,542.11
2025-11-09,P005,R003,C009,37,1665.0,903.97
2025-11-09,P005,R004,C004,30,1350.0,811.97
2025-11-09,P005,R004,C010,19,855.0,504.96
2025-11-09,P006,R001,C005,31,3720.0,2299.31
2025-11-09,P006,R001,C011,77,9240.0,6102.94
2025-11-09,P006,R002,C012,35,4200.0,2567.82
2025-11-09,P006,R002,C008,24,2880.0,1765.61
2025-11-09,P006,R003,C009,26,3120.0,2003.25
2025-11-09,P006,R003,C003,12,1440.0,956.54
2025-11-09,P006,R004,C010,10,1200.0,744.91
2025-11-09,P006,R004,C004,8,960.0,616.73
2025-11-10,P001,R001,C007,16,6080.0,4352.56
2025-11-10,P001,R001,C005,12,4560.0,2940.61
2025-11-10,P001,R001,C011,40,15200.0,10350.15
2025-11-10,P001,R002,C008,9,3420.0,2322.77
2025-11-10,P001,R002,C006,9,3420.0,2285.23
2025-11-10,P001,R002,C002,22,8360.0,5823.2
2025-11-10,P001,R003,C009,17,6460.0,4303.87
2025-11-10,P001,R003,C003,15,5700.0,3924.13
2025-11-10,P001,R004,C004,6,2280.0,1627.17
2025-11-10,P001,R004,C010,5,1900.0,1324.85
2025-11-10,P002,R001,C005,67,5695.0,3676.67
2025-11-10,P002,R001,C001,164,13940.0,9098.41
2025-11-10,P002,R001,C011,174,14790.0,8908.54
2025-11-10,P002,R001,C007,80,6800.0,4092.7
2025-11-10,P002,R002,C012,116,9860.0,6134.47
2025-11-10,P002,R002,C006,57,4845.0,3020.42
2025-11-10,P002,R002,C008,66,5610.0,3386.44
2025-11-10,P002,R003,C009,94,7990.0,4820.41
2025-11-10,P002,R003,C003,70,5950.0,3687.25
2025-11-10,P002,R004,C004,35,2975.0,1805.52
2025-11-10,P002,R004,C010,42,3570.0,2118.92
2025-11-10,P003,R001,C011,7,4340.0,2995.6
2025-11-10,P003,R001,C001,9,5580.0,3736.08
2025-11-10,P003,R001,C007,6,3720.0,2574.97
2025-11-10,P003,R001,C005,4,2480.0,1807.29
2025-11-10,P003,R002,C002,5,3100.0,2143.09
2025-11-10,P003,R002,C008,4,2480.0,1713.21
2025-11-10,P003,R002,C006,2,1240.0,832.14
2025-11-10,P003,R002,C012,7,4340.0,2976.94
2025-11-10,P003,R003,C003,5,3100.0,2226.81
2025-11-10,P003,R003,C009,7,4340.0,3155.93
2025-11-10,P003,R004,C004,4,2480.0,1752.25
2025-11-10,P003,R004,C010,4,2480.0,1643.54
2025-11-10,P004,R001,C001,40,9600.0,5912.97
2025-11-10,P004,R001,C011,33,7920.0,4957.55
2025-11-10,P004,R001,C005,17,4080.0,2555.78
2025-11-10,P004,R002,C006,5,1200.0,810.44
2025-11-10,P004,R002,C002,19,4560.0,3042.57
2025-11-10,P004,R002,C008,8,1920.0,1322.33
2025-11-10,P004,R002,C012,14,3360.0,2080.21
2025-11-10,P004,R003,C003,13,3120.0,2067.88
2025-11-10,P004,R003,C009,30,7200.0,4602.17
2025-11-10,P004,R004,C004,14,3360.0,2134.67
2025-11-10,P004,R004,C010,9,2160.0,1446.85
2025-11-10,P005,R001,C011,179,8055.0,4855.6
2025-11-10,P005,R001,C007,103,4635.0,2532.32
2025-11-10,P005,R002,C002,58,2610.0,1542.55
2025-11-10,P005,R002,C006,27,1215.0,688.49
2025-11-10,P005,R002,C012,62,2790.0,1683.73
2025-11-10,P005,R003,C009,84,3780.0,2292.93
2025-11-10,P005,R003,C003,34,1530.0,893.83
2025-11-10,P005,R004,C004,26,1170.0,704.56
2025-11-10,P005,R004,C010,30,1350.0,835.71
2025-11-10,P006,R001,C001,89,10680.0,6760.84
2025-11-10,P006,R001,C011,100,12000.0,7376.26
2025-11-10,P006,R002,C012,23,2760.0,1767.66
2025-11-10,P006,R002,C006,10,1200.0,749.82
2025-11-10,P006,R002,C008,14,1680.0,1105.86
2025-11-10,P006,R002,C002,34,4080.0,2723.86
2025-11-10,P006,R003,C009,40,4800.0,3161.88
2025-11-10,P006,R003,C003,28,3360.0,2059.09
2025-11-10,P006,R004,C010,14,1680.0,1015.32
2025-11-10,P006,R004,C004,19,2280.0,1469.7
2025-11-11,P001,R001,C001,32,12160.0,8390.23
2025-11-11,P001,R001,C007,20,7600.0,5451.52
2025-11-11,P001,R002,C008,16,6080.0,3939.17
2025-11-11,P001,R002,C002,29,11020.0,7416.76
2025-11-11,P001,R003,C003,13,4940.0,3207.09
2025-11-11,P001,R003,C009,23,8740.0,5731.99
2025-11-11,P001,R004,C010,8,3040.0,2138.07
2025-11-11,P001,R004,C004,6,2280.0,1546.86
2025-11-11,P002,R001,C007,133,11305.0,7086.86
2025-11-11,P002,R001,C005,80,6800.0,4359.2
2025-11-11,P002,R001,C011,227,19295.0,12488.04
2025-11-11,P002,R002,C006,41,3485.0,2066.47
2025-11-11,P002,R002,C012,87,7395.0,4555.04
2025-11-11,P002,R002,C008,56,4760.0,2838.93
2025-11-11,P002,R002,C002,96,8160.0,5084.2
2025-11-11,P002,R003,C009,101,8585.0,5130.83
2025-11-11,P002,R003,C003,82,6970.0,4211.89
2025-11-11,P002,R004,C010,29,2465.0,1587.48
2025-11-11,P002,R004,C004,37,3145.0,1867.04
2025-11-11,P003,R001,C011,31,19220.0,12961.07
2025-11-11,P003,R001,C005,9,5580.0,3805.64
2025-11-11,P003,R002,C012,10,6200.0,4240.54
2025-11-11,P003,R002,C008,3,1860.0,1319.93
2025-11-11,P003,R002,C002,8,4960.0,3309.15
2025-11-11,P003,R003,C009,8,4960.0,3518.72
2025-11-11,P003,R003,C003,6,3720.0,2620.13
2025-11-11,P003,R004,C010,2,1240.0,894.49
2025-11-11,P003,R004,C004,3,1860.0,1273.59
2025-11-11,P004,R001,C001,42,10080.0,6880.8
2025-11-11,P004,R001,C011,58,13920.0,9319.5
2025-11-11,P004,R002,C006,10,2400.0,1493.87
2025-11-11,P004,R002,C008,21,5040.0,3304.46
2025-11-11,P004,R002,C012,30,7200.0,4472.73
2025-11-11,P004,R003,C003,22,5280.0,3592.08
2025-11-11,P004,R003,C009,30,7200.0,4735.77
2025-11-11,P004,R004,C004,16,3840.0,2581.54
2025-11-11,P004,R004,C010,10,2400.0,1561.91
2025-11-11,P005,R001,C005,24,1080.0,602.46
2025-11-11,P005,R001,C001,93,4185.0,2301.09
2025-11-11,P005,R001,C007,33,1485.0,884.4
2025-11-11,P005,R001,C011,91,4095.0,2350.69
2025-11-11,P005,R002,C008,51,2295.0,1278.0
2025-11-11,P005,R002,C012,80,3600.0,2156.05
2025-11-11,P005,R002,C006,34,1530.0,906.35
2025-11-11,P005,R003,C003,66,2970.0,1732.09
2025-11-11,P005,R003,C009,94,4230.0,2299.8
2025-11-11,P005,R004,C010,26,1170.0,662.14
2025-11-11,P005,R004,C004,29,1305.0,773.99
2025-11-11,P006,R001,C007,26,3120.0,1969.97
2025-11-11,P006,R001,C011,52,6240.0,3940.5
2025-11-11,P006,R001,C005,17,2040.0,1264.55
2025-11-11,P006,R001,C001,55,6600.0,3990.29
2025-11-11,P006,R002,C006,8,960.0,587.18
2025-11-11,P006,R002,C008,20,2400.0,1510.29
2025-11-11,P006,R002,C012,35,4200.0,2637.57
2025-11-11,P006,R002,C002,42,5040.0,3114.1
2025-11-11,P006,R003,C009,52,6240.0,4203.19
2025-11-11,P006,R003,C003,25,3000.0,1957.05
2025-11-11,P006,R004,C010,12,1440.0,890.32
2025-11-11,P006,R004,C004,18,2160.0,1312.43
2025-11-12,P001,R001,C001,17,6460.0,4515.65
2025-11-12,P001,R001,C007,9,3420.0,2193.16
2025-11-12,P001,R001,C011,26,9880.0,6620.33
2025-11-12,P001,R002,C008,14,5320.0,3726.19
2025-11-12,P001,R002,C012,25,9500.0,6239.76
2025-11-12,P001,R002,C006,10,3800.0,2709.91
2025-11-12,P001,R003,C003,9,3420.0,2289.27
2025-11-12,P001,R003,C009,13,4940.0,3280.93
2025-11-12,P001,R004,C010,8,3040.0,1954.56
2025-11-12,P001,R004,C004,9,3420.0,2242.82
2025-11-12,P002,R001,C007,120,10200.0,5982.09
2025-11-12,P002,R001,C011,180,15300.0,10007.24
2025-11-12,P002,R001,C005,77,6545.0,4112.71
2025-11-12,P002,R002,C002,79,6715.0,4003.13
2025-11-12,P002,R002,C006,34,2890.0,1782.22
2025-11-12,P002,R002,C008,44,3740.0,2452.92
2025-11-12,P002,R002,C012,106,9010.0,5766.73
2025-11-12,P002,R003,C003,96,8160.0,4929.77
2025-11-12,P002,R003,C009,119,10115.0,6406.22
2025-11-12,P002,R004,C004,39,3315.0,2146.58
2025-11-12,P002,R004,C010,28,2380.0,1489.6
2025-11-12,P003,R001,C005,5,3100.0,2291.42
2025-11-12,P003,R001,C011,19,11780.0,8020.04
2025-11-12,P003,R002,C008,4,2480.0,1811.0
2025-11-12,P003,R002,C012,6,3720.0,2474.52
2025-11-12,P003,R002,C002,9,5580.0,4047.17
2025-11-12,P003,R002,C006,3,1860.0,1255.71
2025-11-12,P003,R003,C009,10,6200.0,4364.96
2025-11-12,P003,R003,C003,5,3100.0,2121.94
2025-11-12,P003,R004,C010,2,1240.0,917.09
2025-11-12,P003,R004,C004,4,2480.0,1737.03
2025-11-12,P004,R001,C007,15,3600.0,2481.43
2025-11-12,P004,R001,C001,26,6240.0,4236.78
2025-11-12,P004,R001,C011,37,8880.0,5587.7
2025-11-12,P004,R001,C005,8,1920.0,1217.74
2025-11-12,P004,R002,C008,17,4080.0,2759.74
2025-11-12,P004,R002,C002,22,5280.0,3381.06
2025-11-12,P004,R002,C012,25,6000.0,3826.87
2025-11-12,P004,R003,C009,30,7200.0,4555.58
2025-11-12,P004,R003,C003,14,3360.0,2225.82
2025-11-12,P004,R004,C004,14,3360.0,2248.08
2025-11-12,P004,R004,C010,10,2400.0,1619.65
2025-11-12,P005,R001,C005,76,3420.0,2023.66
2025-11-12,P005,R001,C001,208,9360.0,5140.03
2025-11-12,P005,R002,C002,50,2250.0,1385.56
2025-11-12,P005,R002,C008,32,1440.0,888.39
2025-11-12,P005,R002,C012,48,2160.0,1291.29
2025-11-12,P005,R003,C009,72,3240.0,1990.7
2025-11-12,P005,R003,C003,49,2205.0,1233.36
2025-11-12,P005,R004,C004,30,1350.0,756.24
2025-11-12,P005,R004,C010,25,1125.0,650.05
2025-11-12,P006,R001,C011,39,4680.0,3057.25
2025-11-12,P006,R001,C007,21,2520.0,1581.9
2025-11-12,P006,R001,C005,11,1320.0,855.4
2025-11-12,P006,R001,C001,30,3600.0,2267.3
2025-11-12,P006,R002,C002,41,4920.0,3288.41
2025-11-12,P006,R002,C008,31,3720.0,2392.32
2025-11-12,P006,R002,C006,21,2520.0,1524.54
2025-11-12,P006,R003,C003,36,4320.0,2910.78
2025-11-12,P006,R003,C009,60,7200.0,4422.04
2025-11-12,P006,R004,C010,14,1680.0,1097.62
2025-11-12,P006,R004,C004,20,2400.0,1598.55
2025-11-13,P001,R001,C005,6,2280.0,1618.48
2025-11-13,P001,R001,C001,24,9120.0,6471.11
2025-11-13,P001,R001,C007,8,3040.0,1988.67
2025-11-13,P001,R001,C011,14,5320.0,3610.52
2025-11-13,P001,R002,C012,18,6840.0,4538.9
2025-11-13,P001,R002,C006,6,2280.0,1462.13
2025-11-13,P001,R002,C008,6,2280.0,1554.12
2025-11-13,P001,R002,C002,15,5700.0,3728.68
2025-11-13,P001,R003,C003,8,3040.0,2013.49
2025-11-13,P001,R003,C009,10,3800.0,2552.17
2025-11-13,P001,R004,C004,10,3800.0,2639.37
2025-11-13,P001,R004,C010,8,3040.0,2011.01
2025-11-13,P002,R001,C005,69,5865.0,3559.96
2025-11-13,P002,R001,C001,178,15130.0,9493.82
2025-11-13,P002,R001,C007,145,12325.0,7567.95
2025-11-13,P002,R002,C002,154,13090.0,8473.92
2025-11-13,P002,R002,C012,187,15895.0,10279.93
2025-11-13,P002,R003,C009,119,10115.0,6062.46
2025-11-13,P002,R003,C003,56,4760.0,3051.92
2025-11-13,P002,R004,C004,59,5015.0,3129.88
2025-11-13,P002,R004,C010,50,4250.0,2559.16
2025-11-13,P003,R001,C005,4,2480.0,1664.7
2025-11-13,P003,R001,C007,4,2480.0,1802.59
2025-11-13,P003,R001,C011,10,6200.0,4306.12
2025-11-13,P003,R001,C001,9,5580.0,4114.02
2025-11-13,P003,R002,C006,7,4340.0,3195.52
2025-11-13,P003,R002,C012,21,13020.0,8940.37
2025-11-13,P003,R003,C009,7,4340.0,3008.75
2025-11-13,P003,R003,C003,6,3720.0,2588.74
2025-11-13,P003,R004,C010,3,1860.0,1238.34
2025-11-13,P003,R004,C004,4,2480.0,1676.86
2025-11-13,P004,R001,C007,16,3840.0,2485.08
2025-11-13,P004,R001,C001,29,6960.0,4626.01
2025-11-13,P004,R001,C005,13,3120.0,1996.67
2025-11-13,P004,R001,C011,34,8160.0,5465.44
2025-11-13,P004,R002,C006,7,1680.0,1156.57
2025-11-13,P004,R002,C008,8,1920.0,1268.47
2025-11-13,P004,R002,C002,20,4800.0,3311.89
2025-11-13,P004,R002,C012,19,4560.0,2844.94
2025-11-13,P004,R003,C009,22,5280.0,3278.31
2025-11-13,P004,R003,C003,12,2880.0,1924.44
2025-11-13,P004,R004,C010,8,1920.0,1176.94
2025-11-13,P004,R004,C004,8,1920.0,1304.55
2025-11-13,P005,R001,C001,98,4410.0,2452.39
2025-11-13,P005,R001,C005,53,2385.0,1337.03
2025-11-13,P005,R001,C007,63,2835.0,1738.57
2025-11-13,P005,R002,C012,75,3375.0,2081.81
2025-11-13,P005,R002,C008,30,1350.0,808.15
2025-11-13,P005,R002,C006,16,720.0,393.42
2025-11-13,P005,R002,C002,51,2295.0,1343.59
2025-11-13,P005,R003,C009,87,3915.0,2406.41
2025-11-13,P005,R003,C003,51,2295.0,1329.67
2025-11-13,P005,R004,C004,20,900.0,525.92
2025-11-13,P005,R004,C010,25,1125.0,664.25
2025-11-13,P006,R001,C007,45,5400.0,3481.71
2025-11-13,P006,R001,C011,73,8760.0,5674.5
2025-11-13,P006,R002,C002,106,12720.0,8411.19
2025-11-13,P006,R002,C006,21,2520.0,1652.67
2025-11-13,P006,R003,C009,35,4200.0,2746.57
2025-11-13,P006,R003,C003,27,3240.0,2176.67
2025-11-13,P006,R004,C004,21,2520.0,1644.54
2025-11-13,P006,R004,C010,19,2280.0,1497.54
2025-11-14,P001,R001,C001,20,7600.0,5356.67
2025-11-14,P001,R001,C005,7,2660.0,1754.1
2025-11-14,P001,R001,C007,8,3040.0,1961.85
2025-11-14,P001,R001,C011,18,6840.0,4537.95
2025-11-14,P001,R002,C002,18,6840.0,4448.8
2025-11-14,P001,R002,C006,6,2280.0,1569.84
2025-11-14,P001,R002,C008,7,2660.0,1874.87
2025-11-14,P001,R002,C012,15,5700.0,4028.4
2025-11-14,P001,R003,C009,22,8360.0,6003.91
2025-11-14,P001,R003,C003,16,6080.0,4103.11
2025-11-14,P001,R004,C010,7,2660.0,1897.92
2025-11-14,P001,R004,C004,6,2280.0,1507.3
2025-11-14,P002,R001,C011,401,34085.0,20555.21
2025-11-14,P002,R001,C005,81,6885.0,4241.9
2025-11-14,P002,R002,C008,63,5355.0,3382.03
2025-11-14,P002,R002,C006,53,4505.0,2876.29
2025-11-14,P002,R002,C012,184,15640.0,9617.76
2025-11-14,P002,R003,C003,64,5440.0,3244.87
2025-11-14,P002,R003,C009,158,13430.0,8362.66
2025-11-14,P002,R004,C004,48,4080.0,2678.08
2025-11-14,P002,R004,C010,27,2295.0,1474.16
2025-11-14,P003,R001,C011,19,11780.0,8087.61
2025-11-14,P003,R001,C001,14,8680.0,6237.96
2025-11-14,P003,R002,C002,5,3100.0,2130.18
2025-11-14,P003,R002,C012,8,4960.0,3529.81
2025-11-14,P003,R002,C008,4,2480.0,1756.2
2025-11-14,P003,R002,C006,2,1240.0,846.26
2025-11-14,P003,R003,C009,6,3720.0,2674.91
2025-11-14,P003,R003,C003,4,2480.0,1793.35
2025-11-14,P003,R004,C010,3,1860.0,1376.32
2025-11-14,P003,R004,C004,3,1860.0,1341.78
2025-11-14,P004,R001,C011,70,16800.0,10526.86
2025-11-14,P004,R001,C005,14,3360.0,2289.04
2025-11-14,P004,R001,C007,34,8160.0,5479.05
2025-11-14,P004,R002,C006,20,4800.0,3048.25
2025-11-14,P004,R002,C002,37,8880.0,6117.43
2025-11-14,P004,R003,C003,10,2400.0,1493.95
2025-11-14,P004,R003,C009,19,4560.0,3045.41
2025-11-14,P004,R004,C004,12,2880.0,1982.67
2025-11-14,P004,R004,C010,13,3120.0,1969.55
2025-11-14,P005,R001,C011,102,4590.0,2804.4
2025-11-14,P005,R001,C007,78,3510.0,2086.53
2025-11-14,P005,R002,C008,27,1215.0,719.69
2025-11-14,P005,R002,C012,94,4230.0,2613.63
2025-11-14,P005,R002,C006,18,810.0,448.15
2025-11-14,P005,R003,C009,74,3330.0,1931.06
2025-11-14,P005,R003,C003,46,2070.0,1267.77
2025-11-14,P005,R004,C004,26,1170.0,643.09
2025-11-14,P005,R004,C010,27,1215.0,726.91
2025-11-14,P006,R001,C011,90,10800.0,6664.85
2025-11-14,P006,R001,C005,29,3480.0,2178.57
2025-11-14,P006,R002,C008,15,1800.0,1222.85
2025-11-14,P006,R002,C012,36,4320.0,2794.85
2025-11-14,P006,R002,C006,11,1320.0,864.12
2025-11-14,P006,R002,C002,44,5280.0,3271.9
2025-11-14,P006,R003,C003,36,4320.0,2712.92
2025-11-14,P006,R003,C009,49,5880.0,3840.0
2025-11-14,P006,R004,C004,23,2760.0,1669.65
2025-11-14,P006,R004,C010,21,2520.0,1565.55
2025-11-15,P001,R001,C005,6,2280.0,1471.06
2025-11-15,P001,R001,C011,13,4940.0,3242.28
2025-11-15,P001,R001,C001,10,3800.0,2533.72
2025-11-15,P001,R002,C006,3,1140.0,815.87
2025-11-15,P001,R002,C008,7,2660.0,1886.32
2025-11-15,P001,R002,C012,9,3420.0,2234.66
2025-11-15,P001,R003,C003,8,3040.0,2139.78
2025-11-15,P001,R003,C009,11,4180.0,2751.25
2025-11-15,P001,R004,C010,5,1900.0,1323.75
2025-11-15,P001,R004,C004,4,1520.0,997.04
2025-11-15,P002,R001,C011,176,14960.0,9223.09
2025-11-15,P002,R001,C007,61,5185.0,3342.81
2025-11-15,P002,R001,C005,57,4845.0,3130.46
2025-11-15,P002,R002,C008,25,2125.0,1253.07
2025-11-15,P002,R002,C002,56,4760.0,2904.37
2025-11-15,P002,R002,C006,21,1785.0,1144.04
2025-11-15,P002,R002,C012,61,5185.0,3245.05
2025-11-15,P002,R003,C009,77,6545.0,3980.01
2025-11-15,P002,R003,C003,41,3485.0,2219.66
2025-11-15,P002,R004,C010,34,2890.0,1862.98
2025-11-15,P002,R004,C004,30,2550.0,1588.14
2025-11-15,P003,R001,C005,6,3720.0,2465.65
2025-11-15,P003,R001,C007,10,6200.0,4102.52
2025-11-15,P003,R002,C002,3,1860.0,1237.88
2025-11-15,P003,R002,C006,1,620.0,421.37
2025-11-15,P003,R002,C008,1,620.0,426.75
2025-11-15,P003,R002,C012,5,3100.0,2174.89
2025-11-15,P003,R003,C003,3,1860.0,1334.13
2025-11-15,P003,R003,C009,6,3720.0,2706.59
2025-11-15,P003,R004,C004,2,1240.0,885.63
2025-11-15,P003,R004,C010,3,1860.0,1362.18
2025-11-15,P004,R001,C007,8,1920.0,1276.83
2025-11-15,P004,R001,C011,23,5520.0,3733.87
2025-11-15,P004,R001,C001,21,5040.0,3306.13
2025-11-15,P004,R001,C005,6,1440.0,914.2
2025-11-15,P004,R002,C008,11,2640.0,1746.61
2025-11-15,P004,R002,C002,18,4320.0,2862.2
2025-11-15,P004,R003,C009,12,2880.0,1895.57
2025-11-15,P004,R003,C003,13,3120.0,2124.83
2025-11-15,P004,R004,C010,9,2160.0,1326.71
2025-11-15,P004,R004,C004,7,1680.0,1028.41
2025-11-15,P005,R001,C001,85,3825.0,2356.86
2025-11-15,P005,R001,C005,26,1170.0,705.35
2025-11-15,P005,R001,C007,41,1845.0,1024.76
2025-11-15,P005,R002,C002,61,2745.0,1608.02
2025-11-15,P005,R002,C008,26,1170.0,665.55
2025-11-15,P005,R002,C012,34,1530.0,948.23
2025-11-15,P005,R003,C003,35,1575.0,876.75
2025-11-15,P005,R003,C009,51,2295.0,1303.87
2025-11-15,P005,R004,C004,20,900.0,503.36
2025-11-15,P005,R004,C010,22,990.0,594.47
2025-11-15,P006,R001,C007,36,4320.0,2769.97
2025-11-15,P006,R001,C011,73,8760.0,5554.83
2025-11-15,P006,R002,C002,18,2160.0,1447.95
2025-11-15,P006,R002,C012,24,2880.0,1748.66
2025-11-15,P006,R002,C008,11,1320.0,815.64
2025-11-15,P006,R003,C003,15,1800.0,1121.18
2025-11-15,P006,R003,C009,29,3480.0,2226.83
2025-11-15,P006,R004,C004,13,1560.0,1058.62
2025-11-15,P006,R004,C010,14,1680.0,1121.63
2025-11-16,P001,R001,C011,17,6460.0,4450.72
2025-11-16,P001,R001,C001,11,4180.0,2682.42
2025-11-16,P001,R001,C005,4,1520.0,1023.67
2025-11-16,P001,R002,C006,9,3420.0,2340.28
2025-11-16,P001,R002,C008,13,4940.0,3531.13
2025-11-16,P001,R003,C003,5,1900.0,1276.7
2025-11-16,P001,R003,C009,11,4180.0,2702.12
2025-11-16,P001,R004,C004,5,1900.0,1246.17
2025-11-16,P001,R004,C010,4,1520.0,1061.57
2025-11-16,P002,R001,C011,84,7140.0,4454.29
2025-11-16,P002,R001,C005,39,3315.0,2179.72
2025-11-16,P002,R001,C007,55,4675.0,2723.74
2025-11-16,P002,R001,C001,119,10115.0,6180.34
2025-11-16,P002,R002,C006,21,1785.0,1050.7
2025-11-16,P002,R002,C012,58,4930.0,2946.76
2025-11-16,P002,R002,C002,61,5185.0,3242.08
2025-11-16,P002,R003,C009,92,7820.0,4691.09
2025-11-16,P002,R003,C003,50,4250.0,2598.63
2025-11-16,P002,R004,C010,33,2805.0,1646.32
2025-11-16,P002,R004,C004,30,2550.0,1670.79
2025-11-16,P003,R001,C007,5,3100.0,2175.37
2025-11-16,P003,R001,C011,6,3720.0,2613.94
2025-11-16,P003,R001,C005,3,1860.0,1373.85
2025-11-16,P003,R001,C001,6,3720.0,2711.49
2025-11-16,P003,R002,C008,3,1860.0,1369.03
2025-11-16,P003,R002,C012,4,2480.0,1646.95
2025-11-16,P003,R002,C002,3,1860.0,1251.93
2025-11-16,P003,R003,C009,6,3720.0,2501.4
2025-11-16,P003,R003,C003,3,1860.0,1307.26
2025-11-16,P003,R004,C010,2,1240.0,893.34
2025-11-16,P003,R004,C004,2,1240.0,846.9
2025-11-16,P004,R001,C005,9,2160.0,1387.06
2025-11-16,P004,R001,C001,36,8640.0,5428.27
2025-11-16,P004,R001,C011,32,7680.0,4979.16
2025-11-16,P004,R002,C006,17,4080.0,2796.57
2025-11-16,P004,R002,C008,20,4800.0,3100.01
2025-11-16,P004,R003,C003,8,1920.0,1225.32
2025-11-16,P004,R003,C009,13,3120.0,2070.46
2025-11-16,P004,R004,C010,7,1680.0,1111.05
2025-11-16,P004,R004,C004,9,2160.0,1445.87
2025-11-16,P005,R001,C011,135,6075.0,3586.91
2025-11-16,P005,R001,C005,45,2025.0,1252.98
2025-11-16,P005,R002,C012,54,2430.0,1401.6
2025-11-16,P005,R002,C008,28,1260.0,721.93
2025-11-16,P005,R002,C002,58,2610.0,1505.57
2025-11-16,P005,R003,C009,54,2430.0,1321.16
2025-11-16,P005,R003,C003,27,1215.0,746.37
2025-11-16,P005,R004,C004,23,1035.0,575.45
2025-11-16,P005,R004,C010,19,855.0,487.58
2025-11-16,P006,R001,C001,47,5640.0,3624.49
2025-11-16,P006,R001,C011,32,3840.0,2513.15
2025-11-16,P006,R001,C005,16,1920.0,1272.48
2025-11-16,P006,R002,C006,37,4440.0,2957.77
2025-11-16,P006,R002,C008,52,6240.0,4136.24
2025-11-16,P006,R003,C009,33,3960.0,2597.17
2025-11-16,P006,R003,C003,17,2040.0,1280.23
2025-11-16,P006,R004,C004,17,2040.0,1301.47
2025-11-16,P006,R004,C010,10,1200.0,798.2
2025-11-17,P001,R001,C007,14,5320.0,3427.87
2025-11-17,P001,R001,C001,27,10260.0,6856.04
2025-11-17,P001,R001,C011,18,6840.0,4770.01
2025-11-17,P001,R002,C012,12,4560.0,3164.59
2025-11-17,P001,R002,C002,16,6080.0,4066.63
2025-11-17,P001,R002,C006,5,1900.0,1349.01
2025-11-17,P001,R002,C008,8,3040.0,2124.92
2025-11-17,P001,R003,C003,14,5320.0,3633.01
2025-11-17,P001,R003,C009,22,8360.0,5927.07
2025-11-17,P001,R004,C004,5,1900.0,1233.37
2025-11-17,P001,R004,C010,5,1900.0,1220.75
2025-11-17,P002,R001,C001,131,11135.0,6751.0
2025-11-17,P002,R001,C005,52,4420.0,2662.72
2025-11-17,P002,R001,C011,101,8585.0,5320.48
2025-11-17,P002,R001,C007,55,4675.0,3023.12
2025-11-17,P002,R002,C006,37,3145.0,1861.54
2025-11-17,P002,R002,C012,119,10115.0,5980.75
2025-11-17,P002,R002,C002,92,7820.0,5027.41
2025-11-17,P002,R002,C008,58,4930.0,3119.02
2025-11-17,P002,R003,C003,74,6290.0,3918.77
2025-11-17,P002,R003,C009,71,6035.0,3645.48
2025-11-17,P002,R004,C010,32,2720.0,1722.01
2025-11-17,P002,R004,C004,43,3655.0,2123.64
2025-11-17,P003,R001,C005,4,2480.0,1641.7
2025-11-17,P003,R001,C001,15,9300.0,6195.23
2025-11-17,P003,R001,C011,12,7440.0,5175.9
2025-11-17,P003,R002,C012,7,4340.0,2893.0
2025-11-17,P003,R002,C008,2,1240.0,899.86
2025-11-17,P003,R002,C002,5,3100.0,2256.88
2025-11-17,P003,R002,C006,2,1240.0,828.39
2025-11-17,P003,R003,C009,7,4340.0,2938.84
2025-11-17,P003,R003,C003,5,3100.0,2265.41
2025-11-17,P003,R004,C010,2,1240.0,824.64
2025-11-17,P003,R004,C004,4,2480.0,1798.74
2025-11-17,P004,R001,C007,24,5760.0,3890.5
2025-11-17,P004,R001,C011,49,11760.0,7611.56
2025-11-17,P004,R002,C008,10,2400.0,1550.71
2025-11-17,P004,R002,C012,24,5760.0,3878.66
2025-11-17,P004,R002,C002,27,6480.0,4088.29
2025-11-17,P004,R002,C006,7,1680.0,1044.72
2025-11-17,P004,R003,C003,15,3600.0,2338.13
2025-11-17,P004,R003,C009,22,5280.0,3497.46
2025-11-17,P004,R004,C010,10,2400.0,1484.11
2025-11-17,P004,R004,C004,11,2640.0,1760.3
2025-11-17,P005,R001,C011,84,3780.0,2289.38
2025-11-17,P005,R001,C007,62,2790.0,1574.26
2025-11-17,P005,R001,C001,138,6210.0,3834.18
2025-11-17,P005,R002,C002,75,3375.0,2022.5
2025-11-17,P005,R002,C006,26,1170.0,643.53
2025-11-17,P005,R002,C008,27,1215.0,746.49
2025-11-17,P005,R002,C012,71,3195.0,1885.29
2025-11-17,P005,R003,C003,42,1890.0,1036.64
2025-11-17,P005,R003,C009,68,3060.0,1669.95
2025-11-17,P005,R004,C004,20,900.0,511.87
2025-11-17,P005,R004,C010,22,990.0,543.43
2025-11-17,P006,R001,C001,85,10200.0,6517.31
2025-11-17,P006,R001,C007,51,6120.0,4021.04
2025-11-17,P006,R001,C005,32,3840.0,2407.0
2025-11-17,P006,R002,C008,22,2640.0,1742.73
2025-11-17,P006,R002,C012,71,8520.0,5694.96
2025-11-17,P006,R003,C003,19,2280.0,1480.21
2025-11-17,P006,R003,C009,30,3600.0,2446.75
2025-11-17,P006,R004,C010,19,2280.0,1423.5
2025-11-17,P006,R004,C004,20,2400.0,1625.88
2025-11-18,P001,R001,C007,13,4940.0,3399.02
2025-11-18,P001,R001,C011,23,8740.0,6096.57
2025-11-18,P001,R001,C001,22,8360.0,5918.82
2025-11-18,P001,R002,C008,10,3800.0,2445.08
2025-11-18,P001,R002,C002,15,5700.0,4090.17
2025-11-18,P001,R002,C012,12,4560.0,3281.27
2025-11-18,P001,R002,C006,6,2280.0,1532.04
2025-11-18,P001,R003,C003,11,4180.0,2710.87
2025-11-18,P001,R003,C009,19,7220.0,5022.15
2025-11-18,P001,R004,C010,5,1900.0,1326.21
2025-11-18,P001,R004,C004,7,2660.0,1786.81
2025-11-18,P002,R001,C011,312,26520.0,16064.22
2025-11-18,P002,R001,C007,104,8840.0,5642.31
2025-11-18,P002,R002,C012,172,14620.0,8758.46
2025-11-18,P002,R002,C006,72,6120.0,3590.11
2025-11-18,P002,R003,C003,48,4080.0,2567.49
2025-11-18,P002,R003,C009,84,7140.0,4652.14
2025-11-18,P002,R004,C004,45,3825.0,2307.16
2025-11-18,P002,R004,C010,33,2805.0,1718.06
2025-11-18,P003,R001,C001,16,9920.0,6716.05
2025-11-18,P003,R001,C007,8,4960.0,3292.63
2025-11-18,P003,R002,C012,11,6820.0,4768.85
2025-11-18,P003,R002,C008,5,3100.0,2163.35
2025-11-18,P003,R002,C002,10,6200.0,4435.68
2025-11-18,P003,R003,C003,4,2480.0,1653.32
2025-11-18,P003,R003,C009,9,5580.0,4022.55
2025-11-18,P003,R004,C010,3,1860.0,1232.16
2025-11-18,P003,R004,C004,4,2480.0,1687.68
2025-11-18,P004,R001,C011,40,9600.0,6402.55
2025-11-18,P004,R001,C007,14,3360.0,2070.52
2025-11-18,P004,R001,C001,41,9840.0,6303.53
2025-11-18,P004,R001,C005,11,2640.0,1751.63
2025-11-18,P004,R002,C008,10,2400.0,1573.74
2025-11-18,P004,R002,C006,8,1920.0,1279.81
2025-11-18,P004,R002,C002,17,4080.0,2720.0
2025-11-18,P004,R002,C012,22,5280.0,3367.66
2025-11-18,P004,R003,C003,19,4560.0,2812.47
2025-11-18,P004,R003,C009,26,6240.0,3822.54
2025-11-18,P004,R004,C010,12,2880.0,1890.91
2025-11-18,P004,R004,C004,13,3120.0,2053.64
2025-11-18,P005,R001,C005,30,1350.0,753.53
2025-11-18,P005,R001,C001,108,4860.0,2986.87
2025-11-18,P005,R001,C011,121,5445.0,3260.41
2025-11-18,P005,R001,C007,55,2475.0,1437.28
2025-11-18,P005,R002,C008,21,945.0,522.8
2025-11-18,P005,R002,C002,65,2925.0,1707.1
2025-11-18,P005,R002,C012,41,1845.0,1104.41
2025-11-18,P005,R002,C006,20,900.0,504.75
2025-11-18,P005,R003,C009,66,2970.0,1832.09
2025-11-18,P005,R003,C003,44,1980.0,1226.82
2025-11-18,P005,R004,C004,37,1665.0,950.76
2025-11-18,P005,R004,C010,22,990.0,562.32
2025-11-18,P006,R001,C011,48,5760.0,3880.99
2025-11-18,P006,R001,C007,28,3360.0,2030.37
2025-11-18,P006,R001,C001,42,5040.0,3208.0
2025-11-18,P006,R002,C002,52,6240.0,3859.74
2025-11-18,P006,R002,C006,17,2040.0,1361.61
2025-11-18,P006,R002,C008,28,3360.0,2053.4
2025-11-18,P006,R003,C003,22,2640.0,1663.42
2025-11-18,P006,R003,C009,27,3240.0,2089.62
2025-11-18,P006,R004,C004,18,2160.0,1378.56
2025-11-18,P006,R004,C010,14,1680.0,1064.46
2025-11-19,P001,R001,C001,31,11780.0,8313.3
2025-11-19,P001,R001,C011,24,9120.0,6194.94
2025-11-19,P001,R002,C012,18,6840.0,4879.31
2025-11-19,P001,R002,C002,12,4560.0,3169.75
2025-11-19,P001,R002,C006,6,2280.0,1557.5
2025-11-19,P001,R002,C008,8,3040.0,2159.27
2025-11-19,P001,R003,C009,16,6080.0,4258.14
2025-11-19,P001,R003,C003,14,5320.0,3510.6
2025-11-19,P001,R004,C004,6,2280.0,1611.99
2025-11-19,P001,R004,C010,7,2660.0,1882.9
2025-11-19,P002,R001,C011,135,11475.0,7045.92
2025-11-19,P002,R001,C001,201,17085.0,10103.75
2025-11-19,P002,R001,C005,66,5610.0,3397.16
2025-11-19,P002,R002,C012,146,12410.0,7621.89
2025-11-19,P002,R002,C006,64,5440.0,3492.86
2025-11-19,P002,R002,C008,61,5185.0,3136.9
2025-11-19,P002,R003,C003,59,5015.0,3274.24
2025-11-19,P002,R003,C009,158,13430.0,8549.39
2025-11-19,P002,R004,C010,57,4845.0,2869.18
2025-11-19,P002,R004,C004,55,4675.0,3062.65
2025-11-19,P003,R001,C011,17,10540.0,7086.32
2025-11-19,P003,R001,C007,6,3720.0,2586.39
2025-11-19,P003,R001,C005,5,3100.0,2231.8
2025-11-19,P003,R002,C012,6,3720.0,2681.23
2025-11-19,P003,R002,C006,2,1240.0,910.96
2025-11-19,P003,R002,C008,4,2480.0,1670.56
2025-11-19,P003,R002,C002,7,4340.0,3178.11
2025-11-19,P003,R003,C009,10,6200.0,4487.28
2025-11-19,P003,R003,C003,4,2480.0,1774.91
2025-11-19,P003,R004,C004,4,2480.0,1689.21
2025-11-19,P003,R004,C010,3,1860.0,1278.56
2025-11-19,P004,R001,C001,90,21600.0,13874.53
2025-11-19,P004,R001,C005,30,7200.0,4493.09
2025-11-19,P004,R002,C012,21,5040.0,3162.57
2025-11-19,P004,R002,C006,9,2160.0,1411.05
2025-11-19,P004,R002,C008,12,2880.0,1916.92
2025-11-19,P004,R002,C002,28,6720.0,4401.63
2025-11-19,P004,R003,C009,31,7440.0,4937.02
2025-11-19,P004,R003,C003,24,5760.0,3534.65
2025-11-19,P004,R004,C010,10,2400.0,1500.72
2025-11-19,P004,R004,C004,10,2400.0,1643.23
2025-11-19,P005,R001,C011,80,3600.0,2184.37
2025-11-19,P005,R001,C005,22,990.0,550.15
2025-11-19,P005,R001,C007,57,2565.0,1546.27
2025-11-19,P005,R001,C001,112,5040.0,2856.8
2025-11-19,P005,R002,C012,60,2700.0,1516.52
2025-11-19,P005,R002,C006,28,1260.0,719.9
2025-11-19,P005,R002,C002,77,3465.0,1876.22
2025-11-19,P005,R003,C009,76,3420.0,1886.43
2025-11-19,P005,R003,C003,40,1800.0,1007.56
2025-11-19,P005,R004,C004,42,1890.0,1134.69
2025-11-19,P005,R004,C010,38,1710.0,1043.95
2025-11-19,P006,R001,C007,80,9600.0,5771.25
2025-11-19,P006,R001,C005,64,7680.0,5151.04
2025-11-19,P006,R002,C012,65,7800.0,4961.17
2025-11-19,P006,R002,C006,16,1920.0,1293.58
2025-11-19,P006,R002,C008,29,3480.0,2241.84
2025-11-19,P006,R003,C003,22,2640.0,1710.54
2025-11-19,P006,R003,C009,33,3960.0,2564.09
2025-11-19,P006,R004,C010,11,1320.0,892.47
2025-11-19,P006,R004,C004,13,1560.0,962.99
2025-11-20,P001,R001,C007,8,3040.0,2135.78
2025-11-20,P001,R001,C011,17,6460.0,4369.81
2025-11-20,P001,R001,C005,5,1900.0,1255.86
2025-11-20,P001,R001,C001,15,5700.0,3833.61
2025-11-20,P001,R002,C006,16,6080.0,3983.53
2025-11-20,P001,R002,C008,15,5700.0,3974.36
2025-11-20,P001,R003,C003,9,3420.0,2399.02
2025-11-20,P001,R003,C009,20,7600.0,5457.25
2025-11-20,P001,R004,C010,5,1900.0,1360.77
2025-11-20,P001,R004,C004,7,2660.0,1739.66
2025-11-20,P002,R001,C005,63,5355.0,3244.07
2025-11-20,P002,R001,C001,186,15810.0,10098.13
2025-11-20,P002,R001,C011,138,11730.0,7539.39
2025-11-20,P002,R001,C007,64,5440.0,3187.2
2025-11-20,P002,R002,C008,90,7650.0,4635.93
2025-11-20,P002,R002,C006,70,5950.0,3529.31
2025-11-20,P002,R002,C002,129,10965.0,6672.85
2025-11-20,P002,R003,C003,50,4250.0,2711.22
2025-11-20,P002,R003,C009,69,5865.0,3651.02
2025-11-20,P002,R004,C010,35,2975.0,1736.85
2025-11-20,P002,R004,C004,52,4420.0,2896.03
2025-11-20,P003,R001,C011,11,6820.0,5000.9
2025-11-20,P003,R001,C001,17,10540.0,6990.27
2025-11-20,P003,R001,C007,6,3720.0,2718.19
2025-11-20,P003,R002,C002,11,6820.0,4997.33
2025-11-20,P003,R002,C008,4,2480.0,1643.94
2025-11-20,P003,R002,C012,8,4960.0,3273.64
2025-11-20,P003,R003,C003,6,3720.0,2664.02
2025-11-20,P003,R003,C009,9,5580.0,3904.06
2025-11-20,P003,R004,C010,2,1240.0,836.3
2025-11-20,P003,R004,C004,3,1860.0,1334.5
2025-11-20,P004,R001,C007,13,3120.0,2099.3
2025-11-20,P004,R001,C011,28,6720.0,4196.25
2025-11-20,P004,R001,C001,25,6000.0,3966.69
2025-11-20,P004,R002,C008,14,3360.0,2172.35
2025-11-20,P004,R002,C006,11,2640.0,1649.43
2025-11-20,P004,R002,C002,41,9840.0,6604.78
2025-11-20,P004,R003,C003,22,5280.0,3372.22
2025-11-20,P004,R003,C009,32,7680.0,5080.68
2025-11-20,P004,R004,C010,10,2400.0,1535.23
2025-11-20,P004,R004,C004,10,2400.0,1576.94
2025-11-20,P005,R001,C001,76,3420.0,2097.16
2025-11-20,P005,R001,C011,74,3330.0,1847.58
2025-11-20,P005,R002,C006,39,1755.0,974.74
2025-11-20,P005,R002,C002,102,4590.0,2544.74
2025-11-20,P005,R002,C008,62,2790.0,1601.09
2025-11-20,P005,R003,C009,66,2970.0,1787.83
2025-11-20,P005,R003,C003,33,1485.0,918.6
2025-11-20,P005,R004,C004,31,1395.0,785.11
2025-11-20,P005,R004,C010,31,1395.0,800.16
2025-11-20,P006,R001,C011,55,6600.0,4085.65
2025-11-20,P006,R001,C001,57,6840.0,4267.71
2025-11-20,P006,R001,C007,32,3840.0,2437.05
2025-11-20,P006,R001,C005,14,1680.0,1022.04
2025-11-20,P006,R002,C008,15,1800.0,1107.49
2025-11-20,P006,R002,C002,24,2880.0,1777.92
2025-11-20,P006,R002,C012,36,4320.0,2918.23
2025-11-20,P006,R002,C006,12,1440.0,978.66
2025-11-20,P006,R003,C009,28,3360.0,2270.26
2025-11-20,P006,R003,C003,30,3600.0,2262.64
2025-11-20,P006,R004,C010,14,1680.0,1022.4
2025-11-20,P006,R004,C004,18,2160.0,1397.11
2025-11-21,P001,R001,C007,19,7220.0,4828.05
2025-11-21,P001,R001,C001,51,19380.0,13531.21
2025-11-21,P001,R002,C008,9,3420.0,2417.07
2025-11-21,P001,R002,C012,19,7220.0,4734.73
2025-11-21,P001,R003,C003,15,5700.0,3800.29
2025-11-21,P001,R003,C009,14,5320.0,3711.02
2025-11-21,P001,R004,C004,5,1900.0,1240.49
2025-11-21,P001,R004,C010,4,1520.0,1069.71
2025-11-21,P002,R001,C007,61,5185.0,3409.78
2025-11-21,P002,R001,C001,182,15470.0,9898.62
2025-11-21,P002,R001,C011,195,16575.0,10639.53
2025-11-21,P002,R002,C008,86,7310.0,4824.29
2025-11-21,P002,R002,C002,155,13175.0,7698.83
2025-11-21,P002,R003,C003,53,4505.0,2934.13
2025-11-21,P002,R003,C009,96,8160.0,4842.16
2025-11-21,P002,R004,C010,37,3145.0,1874.74
2025-11-21,P002,R004,C004,41,3485.0,2266.2
2025-11-21,P003,R001,C005,4,2480.0,1669.64
2025-11-21,P003,R001,C001,8,4960.0,3379.84
2025-11-21,P003,R001,C007,6,3720.0,2466.18
2025-11-21,P003,R001,C011,13,8060.0,5505.85
2025-11-21,P003,R002,C006,4,2480.0,1685.4
2025-11-21,P003,R002,C008,4,2480.0,1682.05
2025-11-21,P003,R002,C012,8,4960.0,3634.9
2025-11-21,P003,R003,C009,6,3720.0,2462.98
2025-11-21,P003,R003,C003,4,2480.0,1731.8
2025-11-21,P003,R004,C010,3,1860.0,1345.74
2025-11-21,P003,R004,C004,3,1860.0,1366.6
2025-11-21,P004,R001,C001,44,10560.0,6651.77
2025-11-21,P004,R001,C005,14,3360.0,2236.51
2025-11-21,P004,R001,C007,18,4320.0,2791.28
2025-11-21,P004,R002,C008,13,3120.0,1912.87
2025-11-21,P004,R002,C012,25,6000.0,3739.71
2025-11-21,P004,R003,C009,22,5280.0,3253.57
2025-11-21,P004,R003,C003,20,4800.0,3099.43
2025-11-21,P004,R004,C010,7,1680.0,1124.4
2025-11-21,P004,R004,C004,12,2880.0,1936.35
2025-11-21,P005,R001,C011,91,4095.0,2222.23
2025-11-21,P005,R001,C001,109,4905.0,2937.22
2025-11-21,P005,R001,C005,25,1125.0,646.63
2025-11-21,P005,R001,C007,39,1755.0,972.19
2025-11-21,P005,R002,C006,22,990.0,541.52
2025-11-21,P005,R002,C002,64,2880.0,1765.14
2025-11-21,P005,R002,C008,42,1890.0,1057.18
2025-11-21,P005,R002,C012,77,3465.0,2142.87
2025-11-21,P005,R003,C009,80,3600.0,2132.89
2025-11-21,P005,R003,C003,40,1800.0,1095.97
2025-11-21,P005,R004,C010,28,1260.0,760.49
2025-11-21,P005,R004,C004,35,1575.0,973.14
2025-11-21,P006,R001,C001,65,7800.0,4984.24
2025-11-21,P006,R001,C011,47,5640.0,3827.64
2025-11-21,P006,R001,C007,34,4080.0,2584.24
2025-11-21,P006,R001,C005,18,2160.0,1408.04
2025-11-21,P006,R002,C012,89,10680.0,6625.17
2025-11-21,P006,R002,C006,24,2880.0,1916.28
2025-11-21,P006,R003,C003,32,3840.0,2468.55
2025-11-21,P006,R003,C009,40,4800.0,3002.02
2025-11-21,P006,R004,C010,18,2160.0,1455.22
2025-11-21,P006,R004,C004,24,2880.0,1831.01
2025-11-22,P001,R001,C005,4,1520.0,978.25
2025-11-22,P001,R001,C007,9,3420.0,2295.09
2025-11-22,P001,R001,C011,18,6840.0,4580.55
2025-11-22,P001,R001,C001,18,6840.0,4853.21
2025-11-22,P001,R002,C002,8,3040.0,2083.04
2025-11-22,P001,R002,C006,4,1520.0,1047.57
2025-11-22,P001,R002,C008,5,1900.0,1233.89
2025-11-22,P001,R002,C012,11,4180.0,2795.59
2025-11-22,P001,R003,C003,6,2280.0,1555.88
2025-11-22,P001,R003,C009,10,3800.0,2587.47
2025-11-22,P001,R004,C010,5,1900.0,1273.7
2025-11-22,P001,R004,C004,5,1900.0,1332.2
2025-11-22,P002,R001,C001,178,15130.0,9721.16
2025-11-22,P002,R001,C007,70,5950.0,3521.68
2025-11-22,P002,R002,C002,114,9690.0,6189.29
2025-11-22,P002,R002,C008,69,5865.0,3835.38
2025-11-22,P002,R003,C003,40,3400.0,2229.07
2025-11-22,P002,R003,C009,68,5780.0,3740.37
2025-11-22,P002,R004,C004,34,2890.0,1734.63
2025-11-22,P002,R004,C010,24,2040.0,1295.38
2025-11-22,P003,R001,C005,1,620.0,409.26
2025-11-22,P003,R001,C001,7,4340.0,3136.99
2025-11-22,P003,R001,C007,3,1860.0,1363.04
2025-11-22,P003,R001,C011,7,4340.0,2894.32
2025-11-22,P003,R002,C006,1,620.0,410.48
2025-11-22,P003,R002,C002,4,2480.0,1715.28
2025-11-22,P003,R002,C008,2,1240.0,875.1
2025-11-22,P003,R002,C012,4,2480.0,1638.59
2025-11-22,P003,R003,C009,5,3100.0,2083.96
2025-11-22,P003,R003,C003,5,3100.0,2131.52
2025-11-22,P003,R004,C010,1,620.0,418.16
2025-11-22,P003,R004,C004,2,1240.0,851.71
2025-11-22,P004,R001,C001,15,3600.0,2207.99
2025-11-22,P004,R001,C011,15,3600.0,2226.28
2025-11-22,P004,R001,C005,8,1920.0,1192.48
2025-11-22,P004,R002,C012,23,5520.0,3443.33
2025-11-22,P004,R002,C002,19,4560.0,2920.67
2025-11-22,P004,R003,C009,13,3120.0,2143.29
2025-11-22,P004,R003,C003,10,2400.0,1582.27
2025-11-22,P004,R004,C010,5,1200.0,818.4
2025-11-22,P004,R004,C004,6,1440.0,979.99
2025-11-22,P005,R001,C007,77,3465.0,2100.26
2025-11-22,P005,R001,C005,61,2745.0,1498.25
2025-11-22,P005,R002,C008,41,1845.0,1047.13
2025-11-22,P005,R002,C002,64,2880.0,1672.13
2025-11-22,P005,R003,C003,26,1170.0,697.32
2025-11-22,P005,R003,C009,48,2160.0,1234.46
2025-11-22,P005,R004,C004,16,720.0,443.48
2025-11-22,P005,R004,C010,21,945.0,569.3
2025-11-22,P006,R001,C001,31,3720.0,2417.21
2025-11-22,P006,R001,C011,41,4920.0,3049.63
2025-11-22,P006,R001,C007,19,2280.0,1517.33
2025-11-22,P006,R001,C005,13,1560.0,976.83
2025-11-22,P006,R002,C002,24,2880.0,1809.25
2025-11-22,P006,R002,C008,13,1560.0,979.85
2025-11-22,P006,R002,C012,17,2040.0,1242.35
2025-11-22,P006,R003,C009,24,2880.0,1862.45
2025-11-22,P006,R003,C003,17,2040.0,1254.23
2025-11-22,P006,R004,C010,12,1440.0,971.88
2025-11-22,P006,R004,C004,15,1800.0,1223.5
2025-11-23,P001,R001,C005,11,4180.0,2889.94
2025-11-23,P001,R001,C001,30,11400.0,7298.87
2025-11-23,P001,R002,C012,8,3040.0,2112.13
2025-11-23,P001,R002,C002,11,4180.0,2683.3
2025-11-23,P001,R002,C008,4,1520.0,996.92
2025-11-23,P001,R003,C003,8,3040.0,2161.12
2025-11-23,P001,R003,C009,7,2660.0,1818.2
2025-11-23,P001,R004,C004,8,3040.0,2155.65
2025-11-23,P001,R004,C010,4,1520.0,1003.04
2025-11-23,P002,R001,C001,170,14450.0,8535.39
2025-11-23,P002,R001,C007,63,5355.0,3129.79
2025-11-23,P002,R002,C008,52,4420.0,2613.08
2025-11-23,P002,R002,C012,80,6800.0,4413.02
2025-11-23,P002,R002,C006,31,2635.0,1706.54
2025-11-23,P002,R003,C003,42,3570.0,2221.14
2025-11-23,P002,R003,C009,62,5270.0,3326.85
2025-11-23,P002,R004,C004,40,3400.0,1995.53
2025-11-23,P002,R004,C010,35,2975.0,1898.37
2025-11-23,P003,R001,C005,3,1860.0,1322.49
2025-11-23,P003,R001,C011,8,4960.0,3332.6
2025-11-23,P003,R001,C007,2,1240.0,867.88
2025-11-23,P003,R001,C001,7,4340.0,3191.7
2025-11-23,P003,R002,C008,2,1240.0,855.07
2025-11-23,P003,R002,C006,2,1240.0,898.32
2025-11-23,P003,R002,C002,5,3100.0,2119.74
2025-11-23,P003,R002,C012,5,3100.0,2128.93
2025-11-23,P003,R003,C003,3,1860.0,1357.48
2025-11-23,P003,R003,C009,6,3720.0,2604.57
2025-11-23,P003,R004,C010,2,1240.0,841.9
2025-11-23,P003,R004,C004,2,1240.0,820.74
2025-11-23,P004,R001,C011,38,9120.0,5755.77
2025-11-23,P004,R001,C007,17,4080.0,2498.86
2025-11-23,P004,R001,C005,10,2400.0,1498.37
2025-11-23,P004,R002,C002,25,6000.0,3706.34
2025-11-23,P004,R002,C006,10,2400.0,1479.34
2025-11-23,P004,R003,C003,13,3120.0,2065.96
2025-11-23,P004,R003,C009,13,3120.0,1905.05
2025-11-23,P004,R004,C010,6,1440.0,945.0
2025-11-23,P004,R004,C004,5,1200.0,778.4
2025-11-23,P005,R001,C005,14,630.0,357.63
2025-11-23,P005,R001,C011,47,2115.0,1232.21
2025-11-23,P005,R001,C007,31,1395.0,760.24
2025-11-23,P005,R001,C001,58,2610.0,1563.02
2025-11-23,P005,R002,C006,13,585.0,324.1
2025-11-23,P005,R002,C012,62,2790.0,1573.44
2025-11-23,P005,R002,C002,34,1530.0,853.79
2025-11-23,P005,R003,C009,29,1305.0,759.58
2025-11-23,P005,R003,C003,23,1035.0,591.38
2025-11-23,P005,R004,C010,20,900.0,545.04
2025-11-23,P005,R004,C004,19,855.0,494.72
2025-11-23,P006,R001,C001,69,8280.0,5019.14
2025-11-23,P006,R001,C011,43,5160.0,3104.35
2025-11-23,P006,R002,C006,18,2160.0,1307.01
2025-11-23,P006,R002,C002,57,6840.0,4260.08
2025-11-23,P006,R003,C009,33,3960.0,2664.09
2025-11-23,P006,R003,C003,21,2520.0,1693.91
2025-11-23,P006,R004,C004,10,1200.0,779.59
2025-11-23,P006,R004,C010,10,1200.0,783.73
2025-11-24,P001,R001,C005,20,7600.0,5329.48
2025-11-24,P001,R001,C007,33,12540.0,8237.14
2025-11-24,P001,R002,C006,5,1900.0,1234.27
2025-11-24,P001,R002,C012,21,7980.0,5339.88
2025-11-24,P001,R002,C008,7,2660.0,1749.74
2025-11-24,P001,R003,C003,11,4180.0,2960.22
2025-11-24,P001,R003,C009,16,6080.0,4274.21
2025-11-24,P001,R004,C010,6,2280.0,1507.01
2025-11-24,P001,R004,C004,10,3800.0,2456.29
2025-11-24,P002,R001,C005,58,4930.0,2986.15
2025-11-24,P002,R001,C001,227,19295.0,11627.84
2025-11-24,P002,R001,C007,87,7395.0,4757.84
2025-11-24,P002,R002,C006,77,6545.0,3989.4
2025-11-24,P002,R002,C002,195,16575.0,10649.34
2025-11-24,P002,R003,C003,69,5865.0,3681.22
2025-11-24,P002,R003,C009,114,9690.0,5655.13
2025-11-24,P002,R004,C004,37,3145.0,2045.18
2025-11-24,P002,R004,C010,47,3995.0,2601.07
2025-11-24,P003,R001,C011,9,5580.0,3950.57
2025-11-24,P003,R001,C007,6,3720.0,2544.45
2025-11-24,P003,R001,C001,9,5580.0,3873.06
2025-11-24,P003,R001,C005,4,2480.0,1798.56
2025-11-24,P003,R002,C002,17,10540.0,6984.3
2025-11-24,P003,R002,C006,5,3100.0,2215.48
2025-11-24,P003,R003,C003,4,2480.0,1651.65
2025-11-24,P003,R003,C009,9,5580.0,3769.4
2025-11-24,P003,R004,C004,4,2480.0,1782.51
2025-11-24,P003,R004,C010,3,1860.0,1300.91
2025-11-24,P004,R001,C007,15,3600.0,2311.94
2025-11-24,P004,R001,C005,13,3120.0,2096.69
2025-11-24,P004,R001,C001,28,6720.0,4500.85
2025-11-24,P004,R001,C011,26,6240.0,4264.89
2025-11-24,P004,R002,C008,18,4320.0,2810.14
2025-11-24,P004,R002,C002,36,8640.0,5739.43
2025-11-24,P004,R003,C003,13,3120.0,1984.82
2025-11-24,P004,R003,C009,27,6480.0,4281.44
2025-11-24,P004,R004,C004,11,2640.0,1792.34
2025-11-24,P004,R004,C010,6,1440.0,969.62
2025-11-24,P005,R001,C005,49,2205.0,1297.81
2025-11-24,P005,R001,C007,79,3555.0,2112.03
2025-11-24,P005,R001,C001,145,6525.0,3756.77
2025-11-24,P005,R002,C012,121,5445.0,3044.42
2025-11-24,P005,R002,C008,63,2835.0,1681.64
2025-11-24,P005,R003,C009,88,3960.0,2351.09
2025-11-24,P005,R003,C003,51,2295.0,1260.98
2025-11-24,P005,R004,C010,25,1125.0,665.29
2025-11-24,P005,R004,C004,24,1080.0,593.75
2025-11-24,P006,R001,C011,68,8160.0,5229.77
2025-11-24,P006,R001,C005,26,3120.0,2064.16
2025-11-24,P006,R001,C001,64,7680.0,4942.15
2025-11-24,P006,R002,C002,66,7920.0,5005.39
2025-11-24,P006,R002,C008,38,4560.0,2758.28
2025-11-24,P006,R003,C009,36,4320.0,2777.33
2025-11-24,P006,R003,C003,17,2040.0,1246.82
2025-11-24,P006,R004,C004,22,2640.0,1689.03
2025-11-24,P006,R004,C010,16,1920.0,1274.76
2025-11-25,P001,R001,C011,33,12540.0,8547.13
2025-11-25,P001,R001,C007,12,4560.0,3262.64
2025-11-25,P001,R001,C005,10,3800.0,2535.25
2025-11-25,P001,R002,C012,25,9500.0,6686.16
2025-11-25,P001,R002,C006,6,2280.0,1488.17
2025-11-25,P001,R002,C008,13,4940.0,3378.95
2025-11-25,P001,R003,C003,12,4560.0,3282.32
2025-11-25,P001,R003,C009,15,5700.0,3977.75
2025-11-25,P001,R004,C004,8,3040.0,2140.6
2025-11-25,P001,R004,C010,6,2280.0,1537.38
2025-11-25,P002,R001,C001,180,15300.0,9165.44
2025-11-25,P002,R001,C011,146,12410.0,7995.96
2025-11-25,P002,R001,C007,64,5440.0,3230.51
2025-11-25,P002,R002,C002,75,6375.0,3956.19
2025-11-25,P002,R002,C012,92,7820.0,4593.74
2025-11-25,P002,R003,C009,83,7055.0,4383.08
2025-11-25,P002,R003,C003,93,7905.0,4960.26
2025-11-25,P002,R004,C010,56,4760.0,3132.07
2025-11-25,P002,R004,C004,44,3740.0,2280.46
2025-11-25,P003,R001,C001,16,9920.0,7309.52
2025-11-25,P003,R001,C005,4,2480.0,1665.26
2025-11-25,P003,R001,C007,9,5580.0,4103.21
2025-11-25,P003,R002,C012,9,5580.0,3719.83
2025-11-25,P003,R002,C008,7,4340.0,3109.23
2025-11-25,P003,R003,C003,7,4340.0,2889.53
2025-11-25,P003,R003,C009,10,6200.0,4406.14
2025-11-25,P003,R004,C010,3,1860.0,1260.87
2025-11-25,P003,R004,C004,3,1860.0,1246.96
2025-11-25,P004,R001,C005,21,5040.0,3250.62
2025-11-25,P004,R001,C011,51,12240.0,8308.64
2025-11-25,P004,R001,C007,26,6240.0,4106.58
2025-11-25,P004,R002,C012,16,3840.0,2476.91
2025-11-25,P004,R002,C008,9,2160.0,1326.02
2025-11-25,P004,R002,C006,8,1920.0,1218.59
2025-11-25,P004,R002,C002,22,5280.0,3527.29
2025-11-25,P004,R003,C009,32,7680.0,5161.16
2025-11-25,P004,R003,C003,17,4080.0,2620.01
2025-11-25,P004,R004,C010,11,2640.0,1650.34
2025-11-25,P004,R004,C004,15,3600.0,2298.54
2025-11-25,P005,R001,C005,22,990.0,584.12
2025-11-25,P005,R001,C011,63,2835.0,1541.76
2025-11-25,P005,R001,C007,33,1485.0,907.17
2025-11-25,P005,R001,C001,57,2565.0,1474.64
2025-11-25,P005,R002,C002,64,2880.0,1601.32
2025-11-25,P005,R002,C006,24,1080.0,663.76
2025-11-25,P005,R002,C008,30,1350.0,746.52
2025-11-25,P005,R003,C003,34,1530.0,896.95
2025-11-25,P005,R003,C009,63,2835.0,1583.12
2025-11-25,P005,R004,C004,30,1350.0,808.4
2025-11-25,P005,R004,C010,18,810.0,500.35
2025-11-25,P006,R001,C007,40,4800.0,3079.94
2025-11-25,P006,R001,C005,29,3480.0,2284.59
2025-11-25,P006,R001,C001,74,8880.0,5474.03
2025-11-25,P006,R002,C012,47,5640.0,3748.62
2025-11-25,P006,R002,C002,47,5640.0,3403.25
2025-11-25,P006,R002,C008,28,3360.0,2212.35
2025-11-25,P006,R003,C009,34,4080.0,2719.03
2025-11-25,P006,R003,C003,21,2520.0,1519.18
2025-11-25,P006,R004,C010,20,2400.0,1571.54
2025-11-25,P006,R004,C004,15,1800.0,1091.19
2025-11-26,P001,R001,C001,19,7220.0,5144.59
2025-11-26,P001,R001,C011,25,9500.0,6168.19
2025-11-26,P001,R001,C005,8,3040.0,2176.67
2025-11-26,P001,R002,C006,8,3040.0,1951.49
2025-11-26,P001,R002,C012,26,9880.0,6418.93
2025-11-26,P001,R002,C008,9,3420.0,2221.46
2025-11-26,P001,R003,C009,14,5320.0,3520.04
2025-11-26,P001,R003,C003,10,3800.0,2589.48
2025-11-26,P001,R004,C010,7,2660.0,1872.53
2025-11-26,P001,R004,C004,10,3800.0,2674.54
2025-11-26,P002,R001,C001,156,13260.0,8524.0
2025-11-26,P002,R001,C011,213,18105.0,11346.33
2025-11-26,P002,R002,C008,69,5865.0,3651.54
2025-11-26,P002,R002,C012,122,10370.0,6570.13
2025-11-26,P002,R002,C006,36,3060.0,1805.49
2025-11-26,P002,R002,C002,97,8245.0,5101.43
2025-11-26,P002,R003,C009,131,11135.0,6552.37
2025-11-26,P002,R003,C003,88,7480.0,4372.1
2025-11-26,P002,R004,C010,26,2210.0,1365.52
2025-11-26,P002,R004,C004,55,4675.0,2982.82
2025-11-26,P003,R001,C011,21,13020.0,9127.52
2025-11-26,P003,R001,C005,9,5580.0,3706.09
2025-11-26,P003,R002,C006,4,2480.0,1678.27
2025-11-26,P003,R002,C008,5,3100.0,2163.4
2025-11-26,P003,R002,C012,8,4960.0,3473.13
2025-11-26,P003,R003,C009,12,7440.0,5131.59
2025-11-26,P003,R003,C003,8,4960.0,3394.73
2025-11-26,P003,R004,C004,4,2480.0,1817.26
2025-11-26,P003,R004,C010,4,2480.0,1814.9
2025-11-26,P004,R001,C001,28,6720.0,4368.82
2025-11-26,P004,R001,C011,28,6720.0,4300.03
2025-11-26,P004,R001,C007,17,4080.0,2551.55
2025-11-26,P004,R002,C002,18,4320.0,2775.13
2025-11-26,P004,R002,C008,9,2160.0,1377.1
2025-11-26,P004,R002,C006,6,1440.0,988.46
2025-11-26,P004,R002,C012,16,3840.0,2649.5
2025-11-26,P004,R003,C009,21,5040.0,3331.54
2025-11-26,P004,R003,C003,22,5280.0,3456.62
2025-11-26,P004,R004,C004,14,3360.0,2283.91
2025-11-26,P004,R004,C010,7,1680.0,1111.53
2025-11-26,P005,R001,C005,38,1710.0,933.96
2025-11-26,P005,R001,C007,47,2115.0,1259.46
2025-11-26,P005,R001,C001,96,4320.0,2359.85
2025-11-26,P005,R002,C002,70,3150.0,1772.67
2025-11-26,P005,R002,C008,53,2385.0,1364.58
2025-11-26,P005,R003,C003,45,2025.0,1119.58
2025-11-26,P005,R003,C009,57,2565.0,1510.4
2025-11-26,P005,R004,C010,24,1080.0,635.18
2025-11-26,P005,R004,C004,33,1485.0,910.13
2025-11-26,P006,R001,C011,156,18720.0,12659.38
2025-11-26,P006,R001,C005,45,5400.0,3438.3
2025-11-26,P006,R002,C008,33,3960.0,2653.75
2025-11-26,P006,R002,C002,68,8160.0,4940.38
2025-11-26,P006,R002,C006,17,2040.0,1358.25
2025-11-26,P006,R003,C003,20,2400.0,1531.0
2025-11-26,P006,R003,C009,36,4320.0,2765.9
2025-11-26,P006,R004,C010,11,1320.0,862.33
2025-11-26,P006,R004,C004,13,1560.0,960.54
2025-11-27,P001,R001,C005,7,2660.0,1846.63
2025-11-27,P001,R001,C007,12,4560.0,3196.28
2025-11-27,P001,R001,C011,17,6460.0,4310.69
2025-11-27,P001,R001,C001,18,6840.0,4559.51
2025-11-27,P001,R002,C006,5,1900.0,1353.19
2025-11-27,P001,R002,C008,7,2660.0,1892.93
2025-11-27,P001,R002,C002,10,3800.0,2727.13
2025-11-27,P001,R002,C012,14,5320.0,3574.34
2025-11-27,P001,R003,C003,12,4560.0,2956.47
2025-11-27,P001,R003,C009,14,5320.0,3563.94
2025-11-27,P001,R004,C010,5,1900.0,1353.37
2025-11-27,P001,R004,C004,8,3040.0,2175.17
2025-11-27,P002,R001,C001,303,25755.0,16148.8
2025-11-27,P002,R001,C005,109,9265.0,5679.1
2025-11-27,P002,R002,C012,101,8585.0,5557.82
2025-11-27,P002,R002,C008,60,5100.0,3185.75
2025-11-27,P002,R002,C002,85,7225.0,4573.85
2025-11-27,P002,R003,C009,109,9265.0,5782.99
2025-11-27,P002,R003,C003,49,4165.0,2580.97
2025-11-27,P002,R004,C004,59,5015.0,3201.26
2025-11-27,P002,R004,C010,36,3060.0,1857.05
2025-11-27,P003,R001,C001,10,6200.0,4114.9
2025-11-27,P003,R001,C007,5,3100.0,2225.89
2025-11-27,P003,R001,C005,2,1240.0,832.62
2025-11-27,P003,R001,C011,9,5580.0,3777.03
2025-11-27,P003,R002,C008,11,6820.0,5022.43
2025-11-27,P003,R002,C006,7,4340.0,3157.88
2025-11-27,P003,R003,C003,5,3100.0,2147.68
2025-11-27,P003,R003,C009,8,4960.0,3654.25
2025-11-27,P003,R004,C004,5,3100.0,2078.81
2025-11-27,P003,R004,C010,4,2480.0,1786.94
2025-11-27,P004,R001,C007,20,4800.0,3204.56
2025-11-27,P004,R001,C005,14,3360.0,2227.98
2025-11-27,P004,R001,C011,48,11520.0,7231.53
2025-11-27,P004,R002,C006,20,4800.0,3159.01
2025-11-27,P004,R002,C008,36,8640.0,5461.39
2025-11-27,P004,R003,C003,20,4800.0,3220.9
2025-11-27,P004,R003,C009,21,5040.0,3277.92
2025-11-27,P004,R004,C010,9,2160.0,1374.07
2025-11-27,P004,R004,C004,14,3360.0,2053.09
2025-11-27,P005,R001,C005,23,1035.0,611.94
2025-11-27,P005,R001,C007,38,1710.0,1028.74
2025-11-27,P005,R001,C011,73,3285.0,1818.09
2025-11-27,P005,R001,C001,89,4005.0,2212.58
2025-11-27,P005,R002,C002,66,2970.0,1835.46
2025-11-27,P005,R002,C012,90,4050.0,2493.81
2025-11-27,P005,R003,C009,66,2970.0,1674.77
2025-11-27,P005,R003,C003,49,2205.0,1242.43
2025-11-27,P005,R004,C004,31,1395.0,787.76
2025-11-27,P005,R004,C010,26,1170.0,696.05
2025-11-27,P006,R001,C005,30,3600.0,2228.92
2025-11-27,P006,R001,C011,87,10440.0,6811.5
2025-11-27,P006,R001,C001,78,9360.0,6222.18
2025-11-27,P006,R002,C012,51,6120.0,3905.72
2025-11-27,P006,R002,C008,34,4080.0,2633.93
2025-11-27,P006,R003,C009,34,4080.0,2548.23
2025-11-27,P006,R003,C003,36,4320.0,2821.33
2025-11-27,P006,R004,C004,16,1920.0,1245.03
2025-11-27,P006,R004,C010,19,2280.0,1392.07
2025-11-28,P001,R001,C001,40,15200.0,9917.67
2025-11-28,P001,R001,C005,12,4560.0,3228.06
2025-11-28,P001,R001,C007,20,7600.0,4994.5
2025-11-28,P001,R002,C006,8,3040.0,2148.15
2025-11-28,P001,R002,C012,24,9120.0,6207.66
2025-11-28,P001,R002,C008,8,3040.0,2034.66
2025-11-28,P001,R003,C003,9,3420.0,2353.76
2025-11-28,P001,R003,C009,12,4560.0,2947.37
2025-11-28,P001,R004,C004,7,2660.0,1784.57
2025-11-28,P001,R004,C010,5,1900.0,1354.82
2025-11-28,P002,R001,C011,102,8670.0,5463.78
2025-11-28,P002,R001,C005,62,5270.0,3477.46
2025-11-28,P002,R001,C001,144,12240.0,7371.97
2025-11-28,P002,R001,C007,90,7650.0,4437.62
2025-11-28,P002,R002,C006,26,2210.0,1398.12
2025-11-28,P002,R002,C012,83,7055.0,4195.45
2025-11-28,P002,R002,C002,112,9520.0,5932.16
2025-11-28,P002,R002,C008,46,3910.0,2571.39
2025-11-28,P002,R003,C009,119,10115.0,6438.67
2025-11-28,P002,R003,C003,74,6290.0,3979.35
2025-11-28,P002,R004,C004,50,4250.0,2511.01
2025-11-28,P002,R004,C010,56,4760.0,2997.87
2025-11-28,P003,R001,C011,15,9300.0,6204.54
2025-11-28,P003,R001,C007,8,4960.0,3554.22
2025-11-28,P003,R002,C012,5,3100.0,2201.61
2025-11-28,P003,R002,C008,4,2480.0,1761.7
2025-11-28,P003,R002,C002,8,4960.0,3550.82
2025-11-28,P003,R003,C003,4,2480.0,1655.21
2025-11-28,P003,R003,C009,6,3720.0,2603.91
2025-11-28,P003,R004,C010,3,1860.0,1252.4
2025-11-28,P003,R004,C004,3,1860.0,1360.2
2025-11-28,P004,R001,C007,16,3840.0,2504.33
2025-11-28,P004,R001,C011,36,8640.0,5570.35
2025-11-28,P004,R001,C001,42,10080.0,6592.05
2025-11-28,P004,R002,C006,17,4080.0,2556.92
2025-11-28,P004,R002,C012,41,9840.0,6232.88
2025-11-28,P004,R003,C009,32,7680.0,5057.07
2025-11-28,P004,R003,C003,21,5040.0,3187.81
2025-11-28,P004,R004,C010,9,2160.0,1392.59
2025-11-28,P004,R004,C004,10,2400.0,1547.69
2025-11-28,P005,R001,C007,39,1755.0,1030.69
2025-11-28,P005,R001,C005,40,1800.0,1094.01
2025-11-28,P005,R001,C001,91,4095.0,2468.67
2025-11-28,P005,R001,C011,121,5445.0,3107.37
2025-11-28,P005,R002,C012,40,1800.0,1086.71
2025-11-28,P005,R002,C008,21,945.0,546.09
2025-11-28,P005,R002,C002,53,2385.0,1407.53
2025-11-28,P005,R002,C006,21,945.0,524.87
2025-11-28,P005,R003,C003,60,2700.0,1660.3
2025-11-28,P005,R003,C009,91,4095.0,2211.53
2025-11-28,P005,R004,C004,26,1170.0,650.06
2025-11-28,P005,R004,C010,21,945.0,542.91
2025-11-28,P006,R001,C011,93,11160.0,7207.2
2025-11-28,P006,R001,C007,46,5520.0,3640.98
2025-11-28,P006,R001,C005,26,3120.0,2034.11
2025-11-28,P006,R002,C002,35,4200.0,2536.77
2025-11-28,P006,R002,C006,17,2040.0,1344.85
2025-11-28,P006,R002,C012,31,3720.0,2528.22
2025-11-28,P006,R003,C009,44,5280.0,3381.22
2025-11-28,P006,R003,C003,29,3480.0,2169.75
2025-11-28,P006,R004,C004,22,2640.0,1756.15
2025-11-28,P006,R004,C010,21,2520.0,1619.51
2025-11-29,P001,R001,C011,21,7980.0,5266.97
2025-11-29,P001,R001,C001,22,8360.0,5519.43
2025-11-29,P001,R002,C006,2,760.0,511.87
2025-11-29,P001,R002,C012,10,3800.0,2725.37
2025-11-29,P001,R002,C008,4,1520.0,1070.27
2025-11-29,P001,R002,C002,9,3420.0,2238.06
2025-11-29,P001,R003,C003,8,3040.0,1972.75
2025-11-29,P001,R003,C009,9,3420.0,2199.61
2025-11-29,P001,R004,C010,5,1900.0,1300.4
2025-11-29,P001,R004,C004,4,1520.0,1021.84
2025-11-29,P002,R001,C001,85,7225.0,4735.23
2025-11-29,P002,R001,C011,77,6545.0,4182.83
2025-11-29,P002,R001,C007,62,5270.0,3242.99
2025-11-29,P002,R001,C005,25,2125.0,1333.77
2025-11-29,P002,R002,C012,76,6460.0,3839.37
2025-11-29,P002,R002,C002,75,6375.0,4197.25
2025-11-29,P002,R003,C009,50,4250.0,2708.09
2025-11-29,P002,R003,C003,45,3825.0,2479.32
2025-11-29,P002,R004,C004,22,1870.0,1125.75
2025-11-29,P002,R004,C010,29,2465.0,1546.39
2025-11-29,P003,R001,C001,12,7440.0,5208.82
2025-11-29,P003,R001,C007,5,3100.0,2127.91
2025-11-29,P003,R002,C012,5,3100.0,2283.95
2025-11-29,P003,R002,C002,6,3720.0,2698.88
2025-11-29,P003,R002,C006,2,1240.0,847.0
2025-11-29,P003,R003,C003,4,2480.0,1732.36
2025-11-29,P003,R003,C009,5,3100.0,2174.97
2025-11-29,P003,R004,C010,2,1240.0,909.07
2025-11-29,P003,R004,C004,2,1240.0,912.37
2025-11-29,P004,R001,C001,22,5280.0,3482.98
2025-11-29,P004,R001,C007,8,1920.0,1250.5
2025-11-29,P004,R001,C011,20,4800.0,2992.34
2025-11-29,P004,R001,C005,5,1200.0,758.73
2025-11-29,P004,R002,C006,6,1440.0,904.79
2025-11-29,P004,R002,C008,8,1920.0,1192.76
2025-11-29,P004,R002,C012,24,5760.0,3873.05
2025-11-29,P004,R003,C009,14,3360.0,2294.31
2025-11-29,P004,R003,C003,9,2160.0,1405.56
2025-11-29,P004,R004,C010,9,2160.0,1444.95
2025-11-29,P004,R004,C004,7,1680.0,1039.97
2025-11-29,P005,R001,C007,73,3285.0,1940.27
2025-11-29,P005,R001,C005,60,2700.0,1530.71
2025-11-29,P005,R002,C006,40,1800.0,1057.87
2025-11-29,P005,R002,C002,120,5400.0,3271.6
2025-11-29,P005,R003,C003,34,1530.0,905.48
2025-11-29,P005,R003,C009,52,2340.0,1397.76
2025-11-29,P005,R004,C010,19,855.0,470.16
2025-11-29,P005,R004,C004,21,945.0,569.68
2025-11-29,P006,R001,C011,40,4800.0,2936.46
2025-11-29,P006,R001,C005,18,2160.0,1298.39
2025-11-29,P006,R001,C007,34,4080.0,2680.44
2025-11-29,P006,R002,C012,18,2160.0,1446.24
2025-11-29,P006,R002,C008,14,1680.0,1078.17
2025-11-29,P006,R002,C006,8,960.0,620.38
2025-11-29,P006,R002,C002,30,3600.0,2432.25
2025-11-29,P006,R003,C009,28,3360.0,2271.28
2025-11-29,P006,R003,C003,19,2280.0,1413.44
2025-11-29,P006,R004,C004,11,1320.0,851.84
2025-11-29,P006,R004,C010,11,1320.0,890.47
2025-11-30,P001,R001,C005,8,3040.0,2047.86
2025-11-30,P001,R001,C001,17,6460.0,4410.68
2025-11-30,P001,R001,C007,12,4560.0,2963.9
2025-11-30,P001,R002,C008,15,5700.0,3921.76
2025-11-30,P001,R002,C006,11,4180.0,2787.51
2025-11-30,P001,R003,C009,14,5320.0,3573.86
2025-11-30,P001,R003,C003,8,3040.0,2103.24
2025-11-30,P001,R004,C004,4,1520.0,1021.15
2025-11-30,P001,R004,C010,4,1520.0,1033.86
2025-11-30,P002,R001,C005,26,2210.0,1370.89
2025-11-30,P002,R001,C011,98,8330.0,4936.63
2025-11-30,P002,R001,C001,110,9350.0,5863.17
2025-11-30,P002,R002,C002,83,7055.0,4447.59
2025-11-30,P002,R002,C012,61,5185.0,3176.91
2025-11-30,P002,R002,C006,31,2635.0,1547.81
2025-11-30,P002,R003,C009,63,5355.0,3313.43
2025-11-30,P002,R003,C003,48,4080.0,2639.61
2025-11-30,P002,R004,C004,32,2720.0,1777.22
2025-11-30,P002,R004,C010,36,3060.0,2014.1
2025-11-30,P003,R001,C001,11,6820.0,4983.37
2025-11-30,P003,R001,C007,4,2480.0,1644.76
2025-11-30,P003,R001,C005,3,1860.0,1358.23
2025-11-30,P003,R002,C002,3,1860.0,1263.67
2025-11-30,P003,R002,C006,1,620.0,450.52
2025-11-30,P003,R002,C008,2,1240.0,853.89
2025-11-30,P003,R002,C012,4,2480.0,1682.27
2025-11-30,P003,R003,C009,5,3100.0,2084.69
2025-11-30,P003,R003,C003,4,2480.0,1753.82
2025-11-30,P003,R004,C004,2,1240.0,864.61
2025-11-30,P003,R004,C010,2,1240.0,832.19
2025-11-30,P004,R001,C001,21,5040.0,3446.85
2025-11-30,P004,R001,C011,26,6240.0,3833.63
2025-11-30,P004,R001,C005,7,1680.0,1133.43
2025-11-30,P004,R001,C007,11,2640.0,1699.6
2025-11-30,P004,R002,C012,26,6240.0,4130.23
2025-11-30,P004,R002,C008,17,4080.0,2521.43
2025-11-30,P004,R003,C003,9,2160.0,1442.47
2025-11-30,P004,R003,C009,13,3120.0,1931.77
2025-11-30,P004,R004,C004,5,1200.0,781.84
2025-11-30,P004,R004,C010,7,1680.0,1088.94
2025-11-30,P005,R001,C007,100,4500.0,2469.4
2025-11-30,P005,R001,C005,82,3690.0,2097.96
2025-11-30,P005,R002,C006,14,630.0,370.41
2025-11-30,P005,R002,C002,44,1980.0,1137.37
2025-11-30,P005,R002,C012,35,1575.0,889.09
2025-11-30,P005,R002,C008,17,765.0,462.01
2025-11-30,P005,R003,C003,33,1485.0,883.39
2025-11-30,P005,R003,C009,39,1755.0,984.11
2025-11-30,P005,R004,C010,14,630.0,351.65
2025-11-30,P005,R004,C004,22,990.0,556.1
2025-11-30,P006,R001,C001,34,4080.0,2748.94
2025-11-30,P006,R001,C011,34,4080.0,2582.41
2025-11-30,P006,R001,C007,28,3360.0,2054.06
2025-11-30,P006,R002,C002,47,5640.0,3711.64
2025-11-30,P006,R002,C006,11,1320.0,841.97
2025-11-30,P006,R002,C008,19,2280.0,1379.29
2025-11-30,P006,R003,C009,17,2040.0,1343.26
2025-11-30,P006,R003,C003,13,1560.0,1058.53
2025-11-30,P006,R004,C010,8,960.0,578.86
2025-11-30,P006,R004,C004,9,1080.0,683.93
2025-12-01,P001,R001,C001,22,8360.0,5700.54
2025-12-01,P001,R001,C011,22,8360.0,5383.8
2025-12-01,P001,R001,C005,4,1520.0,1058.46
2025-12-01,P001,R001,C007,7,2660.0,1728.17
2025-12-01,P001,R002,C012,26,9880.0,6648.54
2025-12-01,P001,R002,C008,16,6080.0,4215.06
2025-12-01,P001,R003,C003,10,3800.0,2669.48
2025-12-01,P001,R003,C009,16,6080.0,3972.79
2025-12-01,P001,R004,C010,7,2660.0,1795.72
2025-12-01,P001,R004,C004,7,2660.0,1892.1
2025-12-01,P002,R001,C001,200,17000.0,9997.4
2025-12-01,P002,R001,C011,162,13770.0,8497.8
2025-12-01,P002,R001,C007,77,6545.0,4138.61
2025-12-01,P002,R002,C002,105,8925.0,5606.96
2025-12-01,P002,R002,C008,50,4250.0,2467.55
2025-12-01,P002,R002,C012,92,7820.0,4751.36
2025-12-01,P002,R002,C006,34,2890.0,1825.52
2025-12-01,P002,R003,C009,119,10115.0,6674.0
2025-12-01,P002,R003,C003,94,7990.0,4670.11
2025-12-01,P002,R004,C004,69,5865.0,3749.47
2025-12-01,P002,R004,C010,43,3655.0,2248.39
2025-12-01,P003,R001,C007,8,4960.0,3367.51
2025-12-01,P003,R001,C005,4,2480.0,1711.85
2025-12-01,P003,R001,C001,13,8060.0,5736.23
2025-12-01,P003,R001,C011,12,7440.0,4945.94
2025-12-01,P003,R002,C002,15,9300.0,6693.14
2025-12-01,P003,R002,C008,6,3720.0,2499.96
2025-12-01,P003,R003,C003,6,3720.0,2740.18
2025-12-01,P003,R003,C009,8,4960.0,3503.42
2025-12-01,P003,R004,C010,4,2480.0,1721.88
2025-12-01,P003,R004,C004,4,2480.0,1755.05
2025-12-01,P004,R001,C011,37,8880.0,5765.49
2025-12-01,P004,R001,C001,45,10800.0,6902.02
2025-12-01,P004,R002,C012,36,8640.0,5617.2
2025-12-01,P004,R002,C002,26,6240.0,3857.7
2025-12-01,P004,R003,C009,27,6480.0,4381.8
2025-12-01,P004,R003,C003,14,3360.0,2223.01
2025-12-01,P004,R004,C010,9,2160.0,1443.72
2025-12-01,P004,R004,C004,8,1920.0,1307.62
2025-12-01,P005,R001,C007,56,2520.0,1509.19
2025-12-01,P005,R001,C005,36,1620.0,931.46
2025-12-01,P005,R001,C011,122,5490.0,3118.68
2025-12-01,P005,R002,C008,63,2835.0,1542.01
2025-12-01,P005,R002,C012,166,7470.0,4401.24
2025-12-01,P005,R003,C003,43,1935.0,1116.35
2025-12-01,P005,R003,C009,54,2430.0,1429.79
2025-12-01,P005,R004,C010,24,1080.0,662.31
2025-12-01,P005,R004,C004,34,1530.0,833.22
2025-12-01,P006,R001,C011,80,9600.0,6075.51
2025-12-01,P006,R001,C001,90,10800.0,7211.75
2025-12-01,P006,R002,C002,54,6480.0,4235.41
2025-12-01,P006,R002,C012,57,6840.0,4532.33
2025-12-01,P006,R002,C006,15,1800.0,1191.41
2025-12-01,P006,R003,C009,48,5760.0,3666.55
2025-12-01,P006,R003,C003,38,4560.0,3090.08
2025-12-01,P006,R004,C010,23,2760.0,1670.15
2025-12-01,P006,R004,C004,29,3480.0,2133.27
2025-12-02,P001,R001,C007,27,10260.0,7215.78
2025-12-02,P001,R001,C011,41,15580.0,10396.19
2025-12-02,P001,R002,C006,11,4180.0,2752.39
2025-12-02,P001,R002,C002,38,14440.0,9711.34
2025-12-02,P001,R003,C009,19,7220.0,4641.07
2025-12-02,P001,R003,C003,8,3040.0,2178.97
2025-12-02,P001,R004,C004,7,2660.0,1853.3
2025-12-02,P001,R004,C010,4,1520.0,1003.97
2025-12-02,P002,R001,C007,99,8415.0,5056.43
2025-12-02,P002,R001,C001,168,14280.0,8417.72
2025-12-02,P002,R001,C005,60,5100.0,3090.12
2025-12-02,P002,R002,C006,51,4335.0,2762.11
2025-12-02,P002,R002,C002,170,14450.0,8470.56
2025-12-02,P002,R002,C008,92,7820.0,4914.12
2025-12-02,P002,R003,C003,64,5440.0,3415.8
2025-12-02,P002,R003,C009,74,6290.0,4057.05
2025-12-02,P002,R004,C004,42,3570.0,2342.31
2025-12-02,P002,R004,C010,47,3995.0,2441.12
2025-12-02,P003,R001,C007,5,3100.0,2180.77
2025-12-02,P003,R001,C005,6,3720.0,2530.51
2025-12-02,P003,R001,C011,13,8060.0,5696.1
2025-12-02,P003,R002,C012,15,9300.0,6720.54
2025-12-02,P003,R002,C008,6,3720.0,2517.17
2025-12-02,P003,R003,C009,11,6820.0,4577.88
2025-12-02,P003,R003,C003,7,4340.0,2901.97
2025-12-02,P003,R004,C004,3,1860.0,1367.21
2025-12-02,P003,R004,C010,2,1240.0,908.51
2025-12-02,P004,R001,C011,53,12720.0,8757.21
2025-12-02,P004,R001,C005,15,3600.0,2262.04
2025-12-02,P004,R001,C007,29,6960.0,4427.86
2025-12-02,P004,R002,C002,45,10800.0,6952.59
2025-12-02,P004,R002,C006,16,3840.0,2594.14
2025-12-02,P004,R003,C009,27,6480.0,4115.13
2025-12-02,P004,R003,C003,23,5520.0,3487.68
2025-12-02,P004,R004,C010,12,2880.0,1807.07
2025-12-02,P004,R004,C004,9,2160.0,1450.01
2025-12-02,P005,R001,C005,138,6210.0,3725.94
2025-12-02,P005,R001,C007,186,8370.0,4571.88
2025-12-02,P005,R002,C012,112,5040.0,2878.47
2025-12-02,P005,R002,C008,69,3105.0,1878.24
2025-12-02,P005,R003,C009,94,4230.0,2403.75
2025-12-02,P005,R003,C003,64,2880.0,1758.42
2025-12-02,P005,R004,C004,38,1710.0,1035.57
2025-12-02,P005,R004,C010,21,945.0,520.1
2025-12-02,P006,R001,C007,26,3120.0,1950.39
2025-12-02,P006,R001,C001,74,8880.0,5921.88
2025-12-02,P006,R001,C011,66,7920.0,5326.0
2025-12-02,P006,R001,C005,17,2040.0,1344.82
2025-12-02,P006,R002,C008,33,3960.0,2438.06
2025-12-02,P006,R002,C002,62,7440.0,4539.09
2025-12-02,P006,R002,C006,19,2280.0,1482.58
2025-12-02,P006,R003,C003,19,2280.0,1528.76
2025-12-02,P006,R003,C009,24,2880.0,1873.94
2025-12-02,P006,R004,C010,22,2640.0,1729.56
2025-12-02,P006,R004,C004,28,3360.0,2242.23
2025-12-03,P001,R001,C001,36,13680.0,8851.04
2025-12-03,P001,R001,C007,15,5700.0,4078.85
2025-12-03,P001,R002,C008,11,4180.0,2788.78
2025-12-03,P001,R002,C002,14,5320.0,3591.16
2025-12-03,P001,R002,C006,9,3420.0,2297.11
2025-12-03,P001,R003,C009,19,7220.0,4633.27
2025-12-03,P001,R003,C003,16,6080.0,4322.34
2025-12-03,P001,R004,C004,8,3040.0,1949.29
2025-12-03,P001,R004,C010,7,2660.0,1894.03
2025-12-03,P002,R001,C001,193,16405.0,9957.64
2025-12-03,P002,R001,C007,116,9860.0,5947.36
2025-12-03,P002,R002,C008,80,6800.0,4115.46
2025-12-03,P002,R002,C012,148,12580.0,8138.77
2025-12-03,P002,R002,C006,37,3145.0,1911.45
2025-12-03,P002,R003,C003,74,6290.0,3975.81
2025-12-03,P002,R003,C009,132,11220.0,6723.69
2025-12-03,P002,R004,C004,73,6205.0,3883.01
2025-12-03,P002,R004,C010,45,3825.0,2519.62
2025-12-03,P003,R001,C007,5,3100.0,2280.16
2025-12-03,P003,R001,C001,10,6200.0,4092.91
2025-12-03,P003,R001,C011,11,6820.0,4978.23
2025-12-03,P003,R001,C005,3,1860.0,1355.26
2025-12-03,P003,R002,C008,6,3720.0,2580.83
2025-12-03,P003,R002,C002,14,8680.0,5845.01
2025-12-03,P003,R003,C009,7,4340.0,2881.46
2025-12-03,P003,R003,C003,6,3720.0,2654.03
2025-12-03,P003,R004,C004,5,3100.0,2152.6
2025-12-03,P003,R004,C010,3,1860.0,1258.12
2025-12-03,P004,R001,C005,23,5520.0,3518.64
2025-12-03,P004,R001,C001,90,21600.0,14449.73
2025-12-03,P004,R002,C006,9,2160.0,1485.85
2025-12-03,P004,R002,C012,33,7920.0,4859.89
2025-12-03,P004,R002,C002,29,6960.0,4305.57
2025-12-03,P004,R003,C009,33,7920.0,4908.9
2025-12-03,P004,R003,C003,23,5520.0,3457.18
2025-12-03,P004,R004,C004,14,3360.0,2139.3
2025-12-03,P004,R004,C010,12,2880.0,1986.59
2025-12-03,P005,R001,C005,63,2835.0,1716.5
2025-12-03,P005,R001,C001,137,6165.0,3432.49
2025-12-03,P005,R002,C006,14,630.0,390.05
2025-12-03,P005,R002,C002,39,1755.0,973.85
2025-12-03,P005,R002,C008,24,1080.0,625.41
2025-12-03,P005,R002,C012,53,2385.0,1449.09
2025-12-03,P005,R003,C003,57,2565.0,1454.96
2025-12-03,P005,R003,C009,78,3510.0,1946.73
2025-12-03,P005,R004,C010,23,1035.0,568.0
2025-12-03,P005,R004,C004,48,2160.0,1198.81
2025-12-03,P006,R001,C005,22,2640.0,1722.81
2025-12-03,P006,R001,C001,68,8160.0,5218.19
2025-12-03,P006,R001,C007,43,5160.0,3398.86
2025-12-03,P006,R002,C002,28,3360.0,2235.89
2025-12-03,P006,R002,C006,10,1200.0,744.46
2025-12-03,P006,R002,C008,12,1440.0,970.36
2025-12-03,P006,R002,C012,37,4440.0,2857.85
2025-12-03,P006,R003,C009,56,6720.0,4184.46
2025-12-03,P006,R003,C003,41,4920.0,3224.87
2025-12-03,P006,R004,C004,25,3000.0,1882.49
2025-12-03,P006,R004,C010,21,2520.0,1704.14
2025-12-04,P001,R001,C005,7,2660.0,1805.34
2025-12-04,P001,R001,C001,22,8360.0,5499.73
2025-12-04,P001,R001,C007,8,3040.0,2073.0
2025-12-04,P001,R001,C011,21,7980.0,5582.3
2025-12-04,P001,R002,C006,6,2280.0,1475.41
2025-12-04,P001,R002,C002,17,6460.0,4278.78
2025-12-04,P001,R002,C012,21,7980.0,5510.4
2025-12-04,P001,R003,C003,7,2660.0,1742.15
2025-12-04,P001,R003,C009,17,6460.0,4552.17
2025-12-04,P001,R004,C010,6,2280.0,1614.53
2025-12-04,P001,R004,C004,7,2660.0,1751.71
2025-12-04,P002,R001,C005,91,7735.0,5051.56
2025-12-04,P002,R001,C001,247,20995.0,12340.35
2025-12-04,P002,R001,C007,99,8415.0,5397.99
2025-12-04,P002,R002,C008,183,15555.0,9140.11
2025-12-04,P002,R002,C006,99,8415.0,5337.1
2025-12-04,P002,R003,C009,99,8415.0,5138.04
2025-12-04,P002,R003,C003,68,5780.0,3511.99
2025-12-04,P002,R004,C004,44,3740.0,2235.14
2025-12-04,P002,R004,C010,34,2890.0,1873.13
2025-12-04,P003,R001,C007,7,4340.0,3086.33
2025-12-04,P003,R001,C011,13,8060.0,5630.52
2025-12-04,P003,R001,C001,9,5580.0,4013.95
2025-12-04,P003,R001,C005,4,2480.0,1785.56
2025-12-04,P003,R002,C002,7,4340.0,3197.38
2025-12-04,P003,R002,C008,4,2480.0,1785.42
2025-12-04,P003,R002,C012,7,4340.0,2993.31
2025-12-04,P003,R003,C009,11,6820.0,4787.22
2025-12-04,P003,R003,C003,5,3100.0,2279.11
2025-12-04,P003,R004,C004,3,1860.0,1334.17
2025-12-04,P003,R004,C010,3,1860.0,1339.38
2025-12-04,P004,R001,C001,31,7440.0,4562.05
2025-12-04,P004,R001,C011,47,11280.0,7312.7
2025-12-04,P004,R002,C006,8,1920.0,1218.23
2025-12-04,P004,R002,C012,22,5280.0,3297.1
2025-12-04,P004,R002,C002,20,4800.0,3227.26
2025-12-04,P004,R003,C003,23,5520.0,3524.85
2025-12-04,P004,R003,C009,38,9120.0,6019.52
2025-12-04,P004,R004,C004,11,2640.0,1807.81
2025-12-04,P004,R004,C010,12,2880.0,1982.33
2025-12-04,P005,R001,C001,108,4860.0,2698.02
2025-12-04,P005,R001,C005,46,2070.0,1135.62
2025-12-04,P005,R001,C011,104,4680.0,2641.44
2025-12-04,P005,R002,C008,40,1800.0,1081.99
2025-12-04,P005,R002,C006,23,1035.0,599.94
2025-12-04,P005,R002,C012,87,3915.0,2368.43
2025-12-04,P005,R003,C009,74,3330.0,1941.26
2025-12-04,P005,R003,C003,57,2565.0,1402.73
2025-12-04,P005,R004,C004,37,1665.0,954.55
2025-12-04,P005,R004,C010,24,1080.0,636.66
2025-12-04,P006,R001,C011,129,15480.0,10076.0
2025-12-04,P006,R001,C005,44,5280.0,3393.36
2025-12-04,P006,R002,C008,32,3840.0,2395.78
2025-12-04,P006,R002,C002,74,8880.0,5334.26
2025-12-04,P006,R003,C003,33,3960.0,2617.75
2025-12-04,P006,R003,C009,39,4680.0,2981.57
2025-12-04,P006,R004,C010,15,1800.0,1190.71
2025-12-04,P006,R004,C004,18,2160.0,1342.64
2025-12-05,P001,R001,C001,35,13300.0,9384.99
2025-12-05,P001,R001,C007,21,7980.0,5199.55
2025-12-05,P001,R002,C002,18,6840.0,4513.1
2025-12-05,P001,R002,C012,12,4560.0,3058.06
2025-12-05,P001,R002,C008,10,3800.0,2641.12
2025-12-05,P001,R003,C009,16,6080.0,4325.37
2025-12-05,P001,R003,C003,12,4560.0,3153.68
2025-12-05,P001,R004,C010,7,2660.0,1870.84
2025-12-05,P001,R004,C004,8,3040.0,1980.75
2025-12-05,P002,R001,C005,58,4930.0,3237.27
2025-12-05,P002,R001,C007,85,7225.0,4407.78
2025-12-05,P002,R001,C001,234,19890.0,12019.47
2025-12-05,P002,R002,C002,176,14960.0,9418.55
2025-12-05,P002,R002,C006,64,5440.0,3235.92
2025-12-05,P002,R003,C009,121,10285.0,6307.14
2025-12-05,P002,R003,C003,78,6630.0,3884.34
2025-12-05,P002,R004,C010,45,3825.0,2438.66
2025-12-05,P002,R004,C004,39,3315.0,2177.52
2025-12-05,P003,R001,C001,14,8680.0,5884.61
2025-12-05,P003,R001,C011,13,8060.0,5842.88
2025-12-05,P003,R001,C005,4,2480.0,1714.37
2025-12-05,P003,R001,C007,5,3100.0,2081.71
2025-12-05,P003,R002,C008,5,3100.0,2136.89
2025-12-05,P003,R002,C012,11,6820.0,4653.49
2025-12-05,P003,R002,C006,2,1240.0,887.3
2025-12-05,P003,R003,C003,6,3720.0,2523.93
2025-12-05,P003,R003,C009,10,6200.0,4444.74
2025-12-05,P003,R004,C010,4,2480.0,1653.26
2025-12-05,P003,R004,C004,4,2480.0,1770.28
2025-12-05,P004,R001,C011,34,8160.0,5575.44
2025-12-05,P004,R001,C001,33,7920.0,4985.5
2025-12-05,P004,R001,C005,10,2400.0,1566.24
2025-12-05,P004,R001,C007,17,4080.0,2729.88
2025-12-05,P004,R002,C012,22,5280.0,3517.16
2025-12-05,P004,R002,C002,28,6720.0,4561.46
2025-12-05,P004,R003,C003,15,3600.0,2324.99
2025-12-05,P004,R003,C009,26,6240.0,4295.91
2025-12-05,P004,R004,C010,12,2880.0,1880.8
2025-12-05,P004,R004,C004,10,2400.0,1649.87
2025-12-05,P005,R001,C005,28,1260.0,690.11
2025-12-05,P005,R001,C001,76,3420.0,1974.31
2025-12-05,P005,R001,C007,45,2025.0,1195.13
2025-12-05,P005,R001,C011,94,4230.0,2591.24
2025-12-05,P005,R002,C012,47,2115.0,1202.35
2025-12-05,P005,R002,C002,70,3150.0,1725.09
2025-12-05,P005,R002,C006,21,945.0,524.17
2025-12-05,P005,R002,C008,37,1665.0,998.7
2025-12-05,P005,R003,C009,61,2745.0,1616.7
2025-12-05,P005,R003,C003,56,2520.0,1558.11
2025-12-05,P005,R004,C010,35,1575.0,921.56
2025-12-05,P005,R004,C004,31,1395.0,764.27
2025-12-05,P006,R001,C001,53,6360.0,4008.19
2025-12-05,P006,R001,C011,36,4320.0,2613.47
2025-12-05,P006,R001,C005,14,1680.0,1040.7
2025-12-05,P006,R001,C007,16,1920.0,1171.44
2025-12-05,P006,R002,C002,36,4320.0,2786.23
2025-12-05,P006,R002,C012,37,4440.0,2722.92
2025-12-05,P006,R002,C008,12,1440.0,884.36
2025-12-05,P006,R002,C006,10,1200.0,746.91
2025-12-05,P006,R003,C009,39,4680.0,2980.08
2025-12-05,P006,R003,C003,31,3720.0,2304.61
2025-12-05,P006,R004,C010,11,1320.0,811.78
2025-12-05,P006,R004,C004,13,1560.0,943.72
2025-12-06,P001,R001,C005,4,1520.0,1034.96
2025-12-06,P001,R001,C001,12,4560.0,2930.66
2025-12-06,P001,R001,C007,6,2280.0,1481.84
2025-12-06,P001,R001,C011,11,4180.0,2808.36
2025-12-06,P001,R002,C002,14,5320.0,3809.87
2025-12-06,P001,R002,C012,11,4180.0,2949.47
2025-12-06,P001,R002,C006,4,1520.0,1039.93
2025-12-06,P001,R003,C003,6,2280.0,1547.56
2025-12-06,P001,R003,C009,11,4180.0,2835.05
2025-12-06,P001,R004,C010,3,1140.0,732.47
2025-12-06,P001,R004,C004,5,1900.0,1299.73
2025-12-06,P002,R001,C011,85,7225.0,4549.66
2025-12-06,P002,R001,C001,67,5695.0,3515.8
2025-12-06,P002,R001,C005,25,2125.0,1237.69
2025-12-06,P002,R001,C007,40,3400.0,2223.07
2025-12-06,P002,R002,C012,43,3655.0,2235.88
2025-12-06,P002,R002,C006,22,1870.0,1142.7
2025-12-06,P002,R002,C002,61,5185.0,3371.25
2025-12-06,P002,R002,C008,21,1785.0,1141.95
2025-12-06,P002,R003,C009,61,5185.0,3145.73
2025-12-06,P002,R003,C003,45,3825.0,2320.88
2025-12-06,P002,R004,C010,33,2805.0,1753.27
2025-12-06,P002,R004,C004,36,3060.0,1911.48
2025-12-06,P003,R001,C007,4,2480.0,1705.69
2025-12-06,P003,R001,C001,9,5580.0,4069.48
2025-12-06,P003,R001,C011,8,4960.0,3658.27
2025-12-06,P003,R002,C006,3,1860.0,1270.6
2025-12-06,P003,R002,C008,3,1860.0,1281.77
2025-12-06,P003,R002,C002,7,4340.0,2953.84
2025-12-06,P003,R003,C003,3,1860.0,1292.84
2025-12-06,P003,R003,C009,6,3720.0,2594.88
2025-12-06,P003,R004,C010,2,1240.0,846.23
2025-12-06,P003,R004,C004,2,1240.0,826.8
2025-12-06,P004,R001,C005,23,5520.0,3705.72
2025-12-06,P004,R001,C007,33,7920.0,5429.1
2025-12-06,P004,R002,C006,9,2160.0,1483.65
2025-12-06,P004,R002,C002,18,4320.0,2955.68
2025-12-06,P004,R002,C008,11,2640.0,1635.69
2025-12-06,P004,R003,C009,14,3360.0,2313.84
2025-12-06,P004,R003,C003,9,2160.0,1409.8
2025-12-06,P004,R004,C010,5,1200.0,805.48
2025-12-06,P004,R004,C004,7,1680.0,1087.5
2025-12-06,P005,R001,C001,48,2160.0,1312.78
2025-12-06,P005,R001,C005,17,765.0,420.5
2025-12-06,P005,R001,C007,27,1215.0,745.4
2025-12-06,P005,R001,C011,33,1485.0,873.27
2025-12-06,P005,R002,C012,33,1485.0,820.29
2025-12-06,P005,R002,C002,51,2295.0,1399.72
2025-12-06,P005,R002,C006,15,675.0,402.9
2025-12-06,P005,R003,C009,39,1755.0,1024.42
2025-12-06,P005,R003,C003,30,1350.0,730.39
2025-12-06,P005,R004,C004,18,810.0,486.37
2025-12-06,P005,R004,C010,24,1080.0,666.51
2025-12-06,P006,R001,C005,52,6240.0,4014.53
2025-12-06,P006,R001,C007,46,5520.0,3341.16
2025-12-06,P006,R002,C006,22,2640.0,1611.76
2025-12-06,P006,R002,C002,47,5640.0,3758.67
2025-12-06,P006,R003,C009,27,3240.0,2092.42
2025-12-06,P006,R003,C003,28,3360.0,2276.82
2025-12-06,P006,R004,C010,8,960.0,624.57
2025-12-06,P006,R004,C004,14,1680.0,1082.49
2025-12-07,P001,R001,C001,12,4560.0,2947.24
2025-12-07,P001,R001,C007,7,2660.0,1852.06
2025-12-07,P001,R001,C011,17,6460.0,4479.31
2025-12-07,P001,R002,C008,8,3040.0,1983.22
2025-12-07,P001,R002,C006,4,1520.0,1040.41
2025-12-07,P001,R002,C002,14,5320.0,3475.28
2025-12-07,P001,R003,C003,7,2660.0,1837.11
2025-12-07,P001,R003,C009,7,2660.0,1776.49
2025-12-07,P001,R004,C010,4,1520.0,1077.28
2025-12-07,P001,R004,C004,4,1520.0,1008.17
2025-12-07,P002,R001,C007,49,4165.0,2488.53
2025-12-07,P002,R001,C005,43,3655.0,2137.59
2025-12-07,P002,R001,C011,81,6885.0,4444.64
2025-12-07,P002,R001,C001,115,9775.0,6062.91
2025-12-07,P002,R002,C002,97,8245.0,5413.9
2025-12-07,P002,R002,C006,29,2465.0,1500.78
2025-12-07,P002,R002,C008,40,3400.0,2177.76
2025-12-07,P002,R003,C003,44,3740.0,2448.2
2025-12-07,P002,R003,C009,65,5525.0,3415.78
2025-12-07,P002,R004,C004,44,3740.0,2343.5
2025-12-07,P002,R004,C010,22,1870.0,1205.05
2025-12-07,P003,R001,C007,3,1860.0,1280.6
2025-12-07,P003,R001,C011,6,3720.0,2655.34
2025-12-07,P003,R001,C005,2,1240.0,908.31
2025-12-07,P003,R001,C001,8,4960.0,3529.56
2025-12-07,P003,R002,C008,2,1240.0,849.68
2025-12-07,P003,R002,C012,6,3720.0,2502.74
2025-12-07,P003,R002,C002,5,3100.0,2088.78
2025-12-07,P003,R002,C006,2,1240.0,830.57
2025-12-07,P003,R003,C003,4,2480.0,1659.12
2025-12-07,P003,R003,C009,7,4340.0,3036.24
2025-12-07,P003,R004,C004,3,1860.0,1278.63
2025-12-07,P003,R004,C010,2,1240.0,818.48
2025-12-07,P004,R001,C005,5,1200.0,757.68
2025-12-07,P004,R001,C001,23,5520.0,3716.36
2025-12-07,P004,R001,C011,19,4560.0,2979.59
2025-12-07,P004,R001,C007,13,3120.0,2101.21
2025-12-07,P004,R002,C002,18,4320.0,2816.52
2025-12-07,P004,R002,C006,7,1680.0,1074.66
2025-12-07,P004,R002,C012,25,6000.0,3992.7
2025-12-07,P004,R003,C003,12,2880.0,1927.61
2025-12-07,P004,R003,C009,19,4560.0,3066.59
2025-12-07,P004,R004,C010,6,1440.0,934.74
2025-12-07,P004,R004,C004,9,2160.0,1318.17
2025-12-07,P005,R001,C011,66,2970.0,1665.21
2025-12-07,P005,R001,C001,42,1890.0,1096.7
2025-12-07,P005,R001,C007,25,1125.0,615.32
2025-12-07,P005,R002,C008,19,855.0,523.1
2025-12-07,P005,R002,C012,28,1260.0,721.46
2025-12-07,P005,R002,C002,30,1350.0,787.56
2025-12-07,P005,R003,C009,47,2115.0,1142.87
2025-12-07,P005,R003,C003,21,945.0,528.65
2025-12-07,P005,R004,C004,17,765.0,458.79
2025-12-07,P005,R004,C010,12,540.0,312.55
2025-12-07,P006,R001,C011,44,5280.0,3385.81
2025-12-07,P006,R001,C007,16,1920.0,1287.52
2025-12-07,P006,R001,C005,12,1440.0,926.62
2025-12-07,P006,R001,C001,41,4920.0,3105.21
2025-12-07,P006,R002,C006,10,1200.0,737.28
2025-12-07,P006,R002,C002,29,3480.0,2287.26
2025-12-07,P006,R002,C008,15,1800.0,1172.1
2025-12-07,P006,R003,C003,21,2520.0,1514.42
2025-12-07,P006,R003,C009,38,4560.0,2797.05
2025-12-07,P006,R004,C010,10,1200.0,805.88
2025-12-07,P006,R004,C004,11,1320.0,883.36
2025-12-08,P001,R001,C011,33,12540.0,8393.4
2025-12-08,P001,R001,C007,16,6080.0,4286.12
2025-12-08,P001,R001,C005,10,3800.0,2684.09
2025-12-08,P001,R002,C002,27,10260.0,7073.39
2025-12-08,P001,R002,C008,15,5700.0,4003.3
2025-12-08,P001,R003,C003,8,3040.0,2178.07
2025-12-08,P001,R003,C009,21,7980.0,5594.24
2025-12-08,P001,R004,C004,7,2660.0,1785.76
2025-12-08,P001,R004,C010,7,2660.0,1797.48
2025-12-08,P002,R001,C005,121,10285.0,6335.5
2025-12-08,P002,R001,C007,269,22865.0,14597.68
2025-12-08,P002,R002,C012,129,10965.0,7097.5
2025-12-08,P002,R002,C006,44,3740.0,2253.44
2025-12-08,P002,R002,C008,72,6120.0,3666.39
2025-12-08,P002,R003,C009,87,7395.0,4781.36
2025-12-08,P002,R003,C003,56,4760.0,2784.23
2025-12-08,P002,R004,C004,65,5525.0,3544.45
2025-12-08,P002,R004,C010,46,3910.0,2554.42
2025-12-08,P003,R001,C011,15,9300.0,6602.47
2025-12-08,P003,R001,C005,4,2480.0,1830.86
2025-12-08,P003,R001,C007,6,3720.0,2673.55
2025-12-08,P003,R001,C001,10,6200.0,4220.22
2025-12-08,P003,R002,C012,15,9300.0,6827.09
2025-12-08,P003,R002,C008,9,5580.0,3693.92
2025-12-08,P003,R003,C009,8,4960.0,3529.59
2025-12-08,P003,R003,C003,6,3720.0,2710.79
2025-12-08,P003,R004,C004,3,1860.0,1247.91
2025-12-08,P003,R004,C010,3,1860.0,1255.5
2025-12-08,P004,R001,C007,18,4320.0,2972.99
2025-12-08,P004,R001,C001,37,8880.0,5858.77
2025-12-08,P004,R001,C005,13,3120.0,2035.59
2025-12-08,P004,R002,C012,20,4800.0,3217.44
2025-12-08,P004,R002,C002,28,6720.0,4304.3
2025-12-08,P004,R002,C006,10,2400.0,1629.67
2025-12-08,P004,R002,C008,14,3360.0,2122.46
2025-12-08,P004,R003,C009,28,6720.0,4560.68
2025-12-08,P004,R003,C003,19,4560.0,3098.05
2025-12-08,P004,R004,C010,11,2640.0,1692.14
2025-12-08,P004,R004,C004,12,2880.0,1779.52
2025-12-08,P005,R001,C011,103,4635.0,2632.9
2025-12-08,P005,R001,C001,79,3555.0,2018.3
2025-12-08,P005,R001,C007,38,1710.0,996.97
2025-12-08,P005,R002,C006,19,855.0,473.96
2025-12-08,P005,R002,C012,43,1935.0,1197.15
2025-12-08,P005,R002,C008,28,1260.0,756.15
2025-12-08,P005,R002,C002,58,2610.0,1595.98
2025-12-08,P005,R003,C003,30,1350.0,809.84
2025-12-08,P005,R003,C009,64,2880.0,1739.93
2025-12-08,P005,R004,C004,35,1575.0,856.08
2025-12-08,P005,R004,C010,26,1170.0,695.99
2025-12-08,P006,R001,C001,88,10560.0,6529.15
2025-12-08,P006,R001,C011,96,11520.0,6935.77
2025-12-08,P006,R002,C008,58,6960.0,4482.04
2025-12-08,P006,R002,C006,45,5400.0,3373.38
2025-12-08,P006,R003,C009,38,4560.0,2913.88
2025-12-08,P006,R003,C003,24,2880.0,1913.56
2025-12-08,P006,R004,C004,21,2520.0,1707.01
2025-12-08,P006,R004,C010,16,1920.0,1181.76
2025-12-09,P001,R001,C005,4,1520.0,1085.26
2025-12-09,P001,R001,C011,18,6840.0,4396.82
2025-12-09,P001,R001,C001,20,7600.0,5400.7
2025-12-09,P001,R001,C007,10,3800.0,2449.02
2025-12-09,P001,R002,C008,17,6460.0,4326.02
2025-12-09,P001,R002,C012,22,8360.0,5921.11
2025-12-09,P001,R003,C009,15,5700.0,3897.04
2025-12-09,P001,R003,C003,11,4180.0,2728.23
2025-12-09,P001,R004,C004,6,2280.0,1525.99
2025-12-09,P001,R004,C010,7,2660.0,1761.27
2025-12-09,P002,R001,C005,43,3655.0,2353.41
2025-12-09,P002,R001,C011,164,13940.0,8104.1
2025-12-09,P002,R001,C001,142,12070.0,7015.58
2025-12-09,P002,R002,C012,89,7565.0,4854.3
2025-12-09,P002,R002,C006,27,2295.0,1491.03
2025-12-09,P002,R002,C002,91,7735.0,4519.26
2025-12-09,P002,R002,C008,48,4080.0,2672.8
2025-12-09,P002,R003,C009,71,6035.0,3734.4
2025-12-09,P002,R003,C003,44,3740.0,2317.03
2025-12-09,P002,R004,C004,37,3145.0,1837.49
2025-12-09,P002,R004,C010,24,2040.0,1186.08
2025-12-09,P003,R001,C005,4,2480.0,1811.32
2025-12-09,P003,R001,C007,8,4960.0,3298.44
2025-12-09,P003,R001,C001,15,9300.0,6534.76
2025-12-09,P003,R001,C011,11,6820.0,5004.14
2025-12-09,P003,R002,C008,11,6820.0,4854.37
2025-12-09,P003,R002,C006,6,3720.0,2644.16
2025-12-09,P003,R003,C009,8,4960.0,3503.65
2025-12-09,P003,R003,C003,6,3720.0,2493.21
2025-12-09,P003,R004,C010,4,2480.0,1757.37
2025-12-09,P003,R004,C004,4,2480.0,1782.44
2025-12-09,P004,R001,C011,29,6960.0,4439.65
2025-12-09,P004,R001,C005,14,3360.0,2230.9
2025-12-09,P004,R001,C001,30,7200.0,4433.13
2025-12-09,P004,R002,C008,48,11520.0,7405.46
2025-12-09,P004,R002,C006,21,5040.0,3475.39
2025-12-09,P004,R003,C003,12,2880.0,1924.6
2025-12-09,P004,R003,C009,29,6960.0,4251.77
2025-12-09,P004,R004,C010,10,2400.0,1556.92
2025-12-09,P004,R004,C004,10,2400.0,1644.91
2025-12-09,P005,R001,C011,176,7920.0,4476.86
2025-12-09,P005,R001,C005,55,2475.0,1395.15
2025-12-09,P005,R002,C006,16,720.0,398.77
2025-12-09,P005,R002,C012,42,1890.0,1020.89
2025-12-09,P005,R002,C008,30,1350.0,809.18
2025-12-09,P005,R002,C002,64,2880.0,1694.34
2025-12-09,P005,R003,C009,98,4410.0,2646.27
2025-12-09,P005,R003,C003,71,3195.0,1871.49
2025-12-09,P005,R004,C010,28,1260.0,765.05
2025-12-09,P005,R004,C004,35,1575.0,852.47
2025-12-09,P006,R001,C001,60,7200.0,4533.09
2025-12-09,P006,R001,C011,92,11040.0,7161.77
2025-12-09,P006,R002,C008,15,1800.0,1089.12
2025-12-09,P006,R002,C002,31,3720.0,2474.61
2025-12-09,P006,R002,C012,41,4920.0,3060.39
2025-12-09,P006,R003,C003,20,2400.0,1603.98
2025-12-09,P006,R003,C009,53,6360.0,3977.32
2025-12-09,P006,R004,C010,10,1200.0,722.85
2025-12-09,P006,R004,C004,19,2280.0,1390.9
2025-12-10,P001,R001,C001,17,6460.0,4326.41
2025-12-10,P001,R001,C007,13,4940.0,3302.02
2025-12-10,P001,R001,C005,6,2280.0,1536.63
2025-12-10,P001,R001,C011,16,6080.0,4093.85
2025-12-10,P001,R002,C002,19,7220.0,5105.19
2025-12-10,P001,R002,C012,12,4560.0,2961.78
2025-12-10,P001,R002,C008,7,2660.0,1794.7
2025-12-10,P001,R003,C003,10,3800.0,2624.97
2025-12-10,P001,R003,C009,19,7220.0,5107.61
2025-12-10,P001,R004,C004,6,2280.0,1505.68
2025-12-10,P001,R004,C010,7,2660.0,1779.97
2025-12-10,P002,R001,C007,53,4505.0,2685.82
2025-12-10,P002,R001,C011,169,14365.0,8502.7
2025-12-10,P002,R001,C005,42,3570.0,2327.91
2025-12-10,P002,R001,C001,144,12240.0,7550.59
2025-12-10,P002,R002,C012,126,10710.0,6749.28
2025-12-10,P002,R002,C002,88,7480.0,4899.34
2025-12-10,P002,R002,C006,44,3740.0,2362.71
2025-12-10,P002,R003,C003,104,8840.0,5528.39
2025-12-10,P002,R003,C009,142,12070.0,7581.47
2025-12-10,P002,R004,C004,36,3060.0,1938.57
2025-12-10,P002,R004,C010,51,4335.0,2646.7
2025-12-10,P003,R001,C011,16,9920.0,6885.73
2025-12-10,P003,R001,C005,7,4340.0,2999.38
2025-12-10,P003,R002,C006,3,1860.0,1345.92
2025-12-10,P003,R002,C002,6,3720.0,2733.34
2025-12-10,P003,R002,C008,4,2480.0,1757.2
2025-12-10,P003,R002,C012,9,5580.0,3854.21
2025-12-10,P003,R003,C009,8,4960.0,3315.39
2025-12-10,P003,R003,C003,6,3720.0,2654.73
2025-12-10,P003,R004,C010,3,1860.0,1371.2
2025-12-10,P003,R004,C004,3,1860.0,1359.25
2025-12-10,P004,R001,C005,16,3840.0,2550.67
2025-12-10,P004,R001,C007,30,7200.0,4446.99
2025-12-10,P004,R001,C001,38,9120.0,6105.06
2025-12-10,P004,R002,C008,15,3600.0,2257.92
2025-12-10,P004,R002,C006,13,3120.0,2122.65
2025-12-10,P004,R002,C002,30,7200.0,4398.73
2025-12-10,P004,R003,C009,19,4560.0,3139.81
2025-12-10,P004,R003,C003,17,4080.0,2629.02
2025-12-10,P004,R004,C004,11,2640.0,1775.99
2025-12-10,P004,R004,C010,8,1920.0,1196.78
2025-12-10,P005,R001,C011,73,3285.0,1826.54
2025-12-10,P005,R001,C001,97,4365.0,2363.19
2025-12-10,P005,R001,C005,24,1080.0,665.97
2025-12-10,P005,R001,C007,41,1845.0,1044.62
2025-12-10,P005,R002,C006,18,810.0,470.34
2025-12-10,P005,R002,C008,22,990.0,591.06
2025-12-10,P005,R002,C002,65,2925.0,1810.73
2025-12-10,P005,R002,C012,46,2070.0,1239.96
2025-12-10,P005,R003,C009,67,3015.0,1700.98
2025-12-10,P005,R003,C003,40,1800.0,976.48
2025-12-10,P005,R004,C004,36,1620.0,958.51
2025-12-10,P005,R004,C010,18,810.0,447.42
2025-12-10,P006,R001,C005,66,7920.0,5006.4
2025-12-10,P006,R001,C007,102,12240.0,8046.21
2025-12-10,P006,R002,C012,31,3720.0,2436.46
2025-12-10,P006,R002,C002,40,4800.0,3190.83
2025-12-10,P006,R002,C006,13,1560.0,1043.14
2025-12-10,P006,R002,C008,14,1680.0,1080.16
2025-12-10,P006,R003,C009,53,6360.0,4283.87
2025-12-10,P006,R003,C003,36,4320.0,2911.79
2025-12-10,P006,R004,C004,15,1800.0,1113.26
2025-12-10,P006,R004,C010,12,1440.0,942.34
2025-12-11,P001,R001,C011,24,9120.0,6117.7
2025-12-11,P001,R001,C007,13,4940.0,3294.85
2025-12-11,P001,R001,C001,24,9120.0,6052.96
2025-12-11,P001,R001,C005,7,2660.0,1723.69
2025-12-11,P001,R002,C012,17,6460.0,4634.88
2025-12-11,P001,R002,C008,5,1900.0,1294.22
2025-12-11,P001,R002,C002,11,4180.0,2690.14
2025-12-11,P001,R002,C006,4,1520.0,1025.59
2025-12-11,P001,R003,C009,19,7220.0,5070.38
2025-12-11,P001,R003,C003,11,4180.0,2969.76
2025-12-11,P001,R004,C004,10,3800.0,2658.26
2025-12-11,P001,R004,C010,5,1900.0,1234.34
2025-12-11,P002,R001,C011,231,19635.0,12836.28
2025-12-11,P002,R001,C007,74,6290.0,4077.25
2025-12-11,P002,R001,C005,80,6800.0,4337.04
2025-12-11,P002,R002,C008,61,5185.0,3151.27
2025-12-11,P002,R002,C006,35,2975.0,1765.83
2025-12-11,P002,R002,C002,82,6970.0,4165.75
2025-12-11,P002,R002,C012,70,5950.0,3608.13
2025-12-11,P002,R003,C003,64,5440.0,3449.61
2025-12-11,P002,R003,C009,82,6970.0,4240.01
2025-12-11,P002,R004,C004,49,4165.0,2666.56
2025-12-11,P002,R004,C010,48,4080.0,2530.44
2025-12-11,P003,R001,C011,11,6820.0,4560.66
2025-12-11,P003,R001,C007,5,3100.0,2079.68
2025-12-11,P003,R001,C001,8,4960.0,3500.35
2025-12-11,P003,R001,C005,2,1240.0,887.85
2025-12-11,P003,R002,C002,10,6200.0,4189.96
2025-12-11,P003,R002,C012,13,8060.0,5431.91
2025-12-11,P003,R003,C003,6,3720.0,2517.69
2025-12-11,P003,R003,C009,7,4340.0,3091.7
2025-12-11,P003,R004,C010,2,1240.0,859.94
2025-12-11,P003,R004,C004,3,1860.0,1356.6
2025-12-11,P004,R001,C011,53,12720.0,8397.23
2025-12-11,P004,R001,C007,22,5280.0,3387.95
2025-12-11,P004,R001,C005,17,4080.0,2668.14
2025-12-11,P004,R002,C006,8,1920.0,1318.18
2025-12-11,P004,R002,C002,27,6480.0,4240.46
2025-12-11,P004,R002,C012,21,5040.0,3189.27
2025-12-11,P004,R003,C009,30,7200.0,4670.91
2025-12-11,P004,R003,C003,18,4320.0,2894.1
2025-12-11,P004,R004,C010,9,2160.0,1338.72
2025-12-11,P004,R004,C004,10,2400.0,1605.59
2025-12-11,P005,R001,C011,79,3555.0,2131.79
2025-12-11,P005,R001,C005,25,1125.0,608.2
2025-12-11,P005,R001,C007,53,2385.0,1387.08
2025-12-11,P005,R001,C001,86,3870.0,2122.13
2025-12-11,P005,R002,C012,61,2745.0,1578.23
2025-12-11,P005,R002,C008,29,1305.0,806.32
2025-12-11,P005,R002,C002,51,2295.0,1358.28
2025-12-11,P005,R003,C003,48,2160.0,1318.09
2025-12-11,P005,R003,C009,77,3465.0,2088.58
2025-12-11,P005,R004,C004,38,1710.0,1052.8
2025-12-11,P005,R004,C010,30,1350.0,752.09
2025-12-11,P006,R001,C001,65,7800.0,4896.84
2025-12-11,P006,R001,C007,34,4080.0,2471.99
2025-12-11,P006,R001,C005,19,2280.0,1421.7
2025-12-11,P006,R001,C011,56,6720.0,4465.09
2025-12-11,P006,R002,C012,55,6600.0,4168.6
2025-12-11,P006,R002,C008,20,2400.0,1591.91
2025-12-11,P006,R002,C006,14,1680.0,1064.0
2025-12-11,P006,R003,C003,32,3840.0,2423.53
2025-12-11,P006,R003,C009,39,4680.0,2993.95
2025-12-11,P006,R004,C004,25,3000.0,1871.86
2025-12-11,P006,R004,C010,19,2280.0,1439.88
2025-12-12,P001,R001,C005,7,2660.0,1820.33
2025-12-12,P001,R001,C011,23,8740.0,5611.78
2025-12-12,P001,R001,C001,31,11780.0,7595.32
2025-12-12,P001,R002,C002,17,6460.0,4395.94
2025-12-12,P001,R002,C008,7,2660.0,1847.22
2025-12-12,P001,R002,C012,13,4940.0,3242.78
2025-12-12,P001,R003,C003,9,3420.0,2286.45
2025-12-12,P001,R003,C009,14,5320.0,3487.85
2025-12-12,P001,R004,C004,8,3040.0,1970.51
2025-12-12,P001,R004,C010,8,3040.0,2037.54
2025-12-12,P002,R001,C011,139,11815.0,7556.92
2025-12-12,P002,R001,C001,192,16320.0,10611.2
2025-12-12,P002,R001,C005,69,5865.0,3425.97
2025-12-12,P002,R001,C007,62,5270.0,3233.0
2025-12-12,P002,R002,C008,42,3570.0,2336.77
2025-12-12,P002,R002,C002,73,6205.0,3817.08
2025-12-12,P002,R002,C006,21,1785.0,1041.42
2025-12-12,P002,R002,C012,62,5270.0,3282.1
2025-12-12,P002,R003,C003,48,4080.0,2668.85
2025-12-12,P002,R003,C009,75,6375.0,4015.36
2025-12-12,P002,R004,C004,31,2635.0,1576.82
2025-12-12,P002,R004,C010,34,2890.0,1882.41
2025-12-12,P003,R001,C007,4,2480.0,1832.09
2025-12-12,P003,R001,C001,12,7440.0,5444.12
2025-12-12,P003,R001,C005,3,1860.0,1284.57
2025-12-12,P003,R001,C011,7,4340.0,3095.25
2025-12-12,P003,R002,C006,2,1240.0,899.21
2025-12-12,P003,R002,C002,9,5580.0,3971.82
2025-12-12,P003,R002,C008,4,2480.0,1832.51
2025-12-12,P003,R002,C012,8,4960.0,3621.72
2025-12-12,P003,R003,C009,8,4960.0,3510.97
2025-12-12,P003,R003,C003,6,3720.0,2521.19
2025-12-12,P003,R004,C004,3,1860.0,1313.56
2025-12-12,P003,R004,C010,3,1860.0,1277.07
2025-12-12,P004,R001,C005,10,2400.0,1643.99
2025-12-12,P004,R001,C011,40,9600.0,6451.07
2025-12-12,P004,R001,C001,39,9360.0,6380.77
2025-12-12,P004,R002,C012,48,11520.0,7195.3
2025-12-12,P004,R002,C008,24,5760.0,3930.28
2025-12-12,P004,R003,C003,19,4560.0,2999.99
2025-12-12,P004,R003,C009,23,5520.0,3395.08
2025-12-12,P004,R004,C004,16,3840.0,2500.28
2025-12-12,P004,R004,C010,10,2400.0,1597.69
2025-12-12,P005,R001,C005,75,3375.0,2071.91
2025-12-12,P005,R001,C007,182,8190.0,4811.61
2025-12-12,P005,R002,C008,35,1575.0,924.8
2025-12-12,P005,R002,C012,90,4050.0,2351.24
2025-12-12,P005,R002,C002,69,3105.0,1678.67
2025-12-12,P005,R003,C009,70,3150.0,1771.33
2025-12-12,P005,R003,C003,61,2745.0,1493.31
2025-12-12,P005,R004,C010,29,1305.0,707.15
2025-12-12,P005,R004,C004,28,1260.0,762.38
2025-12-12,P006,R001,C001,59,7080.0,4790.52
2025-12-12,P006,R001,C007,26,3120.0,2054.66
2025-12-12,P006,R001,C005,13,1560.0,1029.54
2025-12-12,P006,R001,C011,58,6960.0,4677.44
2025-12-12,P006,R002,C012,58,6960.0,4358.44
2025-12-12,P006,R002,C008,27,3240.0,2003.16
2025-12-12,P006,R002,C006,19,2280.0,1468.43
2025-12-12,P006,R003,C003,33,3960.0,2490.33
2025-12-12,P006,R003,C009,55,6600.0,4322.84
2025-12-12,P006,R004,C004,18,2160.0,1402.17
2025-12-12,P006,R004,C010,20,2400.0,1466.17
2025-12-13,P001,R001,C005,6,2280.0,1580.43
2025-12-13,P001,R001,C001,22,8360.0,5651.94
2025-12-13,P001,R001,C007,11,4180.0,2842.13
2025-12-13,P001,R002,C012,13,4940.0,3266.24
2025-12-13,P001,R002,C008,4,1520.0,1017.66
2025-12-13,P001,R002,C006,4,1520.0,984.19
2025-12-13,P001,R002,C002,12,4560.0,3232.07
2025-12-13,P001,R003,C009,10,3800.0,2513.27
2025-12-13,P001,R003,C003,9,3420.0,2321.65
2025-12-13,P001,R004,C010,4,1520.0,1081.26
2025-12-13,P001,R004,C004,4,1520.0,1046.29
2025-12-13,P002,R001,C007,105,8925.0,5478.91
2025-12-13,P002,R001,C005,103,8755.0,5738.41
2025-12-13,P002,R002,C008,25,2125.0,1284.09
2025-12-13,P002,R002,C012,54,4590.0,2962.21
2025-12-13,P002,R002,C006,16,1360.0,798.51
2025-12-13,P002,R002,C002,54,4590.0,2699.01
2025-12-13,P002,R003,C003,50,4250.0,2542.09
2025-12-13,P002,R003,C009,67,5695.0,3538.22
2025-12-13,P002,R004,C010,25,2125.0,1331.44
2025-12-13,P002,R004,C004,42,3570.0,2256.53
2025-12-13,P003,R001,C007,5,3100.0,2130.6
2025-12-13,P003,R001,C001,7,4340.0,2992.36
2025-12-13,P003,R001,C011,9,5580.0,3871.34
2025-12-13,P003,R001,C005,3,1860.0,1352.58
2025-12-13,P003,R002,C006,2,1240.0,835.95
2025-12-13,P003,R002,C008,3,1860.0,1334.05
2025-12-13,P003,R002,C012,5,3100.0,2272.39
2025-12-13,P003,R003,C003,4,2480.0,1665.13
2025-12-13,P003,R003,C009,5,3100.0,2134.3
2025-12-13,P003,R004,C010,2,1240.0,869.14
2025-12-13,P003,R004,C004,3,1860.0,1351.48
2025-12-13,P004,R001,C005,13,3120.0,1965.29
2025-12-13,P004,R001,C011,42,10080.0,6316.02
2025-12-13,P004,R002,C006,4,960.0,624.29
2025-12-13,P004,R002,C012,14,3360.0,2186.31
2025-12-13,P004,R002,C008,6,1440.0,890.76
2025-12-13,P004,R002,C002,16,3840.0,2618.28
2025-12-13,P004,R003,C003,15,3600.0,2240.73
2025-12-13,P004,R003,C009,15,3600.0,2281.5
2025-12-13,P004,R004,C004,7,1680.0,1091.68
2025-12-13,P004,R004,C010,5,1200.0,741.48
2025-12-13,P005,R001,C007,19,855.0,467.89
2025-12-13,P005,R001,C001,61,2745.0,1509.54
2025-12-13,P005,R001,C005,17,765.0,460.71
2025-12-13,P005,R001,C011,39,1755.0,1025.81
2025-12-13,P005,R002,C006,12,540.0,292.07
2025-12-13,P005,R002,C002,32,1440.0,787.79
2025-12-13,P005,R002,C012,48,2160.0,1175.62
2025-12-13,P005,R002,C008,23,1035.0,571.14
2025-12-13,P005,R003,C003,30,1350.0,782.2
2025-12-13,P005,R003,C009,29,1305.0,757.87
2025-12-13,P005,R004,C004,23,1035.0,582.79
2025-12-13,P005,R004,C010,18,810.0,467.3
2025-12-13,P006,R001,C011,30,3600.0,2268.0
2025-12-13,P006,R001,C007,22,2640.0,1771.07
2025-12-13,P006,R001,C001,36,4320.0,2697.9
2025-12-13,P006,R001,C005,11,1320.0,868.39
2025-12-13,P006,R002,C012,47,5640.0,3450.56
2025-12-13,P006,R002,C006,12,1440.0,943.72
2025-12-13,P006,R002,C008,25,3000.0,2019.67
2025-12-13,P006,R003,C009,29,3480.0,2319.78
2025-12-13,P006,R003,C003,14,1680.0,1049.97
2025-12-13,P006,R004,C004,13,1560.0,1056.35
2025-12-13,P006,R004,C010,8,960.0,582.76
2025-12-14,P001,R001,C007,8,3040.0,2039.61
2025-12-14,P001,R001,C005,5,1900.0,1312.87
2025-12-14,P001,R001,C011,12,4560.0,3151.56
2025-12-14,P001,R001,C001,15,5700.0,4016.83
2025-12-14,P001,R002,C002,22,8360.0,5929.4
2025-12-14,P001,R002,C006,7,2660.0,1858.4
2025-12-14,P001,R003,C003,7,2660.0,1721.72
2025-12-14,P001,R003,C009,12,4560.0,3153.33
2025-12-14,P001,R004,C010,3,1140.0,810.24
2025-12-14,P001,R004,C004,6,2280.0,1608.78
2025-12-14,P002,R001,C001,105,8925.0,5381.26
2025-12-14,P002,R001,C011,99,8415.0,5013.99
2025-12-14,P002,R001,C007,51,4335.0,2850.89
2025-12-14,P002,R001,C005,36,3060.0,1906.19
2025-12-14,P002,R002,C008,32,2720.0,1698.79
2025-12-14,P002,R002,C006,18,1530.0,900.05
2025-12-14,P002,R002,C012,51,4335.0,2822.09
2025-12-14,P002,R002,C002,62,5270.0,3154.97
2025-12-14,P002,R003,C009,68,5780.0,3632.35
2025-12-14,P002,R003,C003,57,4845.0,2990.38
2025-12-14,P002,R004,C010,28,2380.0,1563.24
2025-12-14,P002,R004,C004,32,2720.0,1713.67
2025-12-14,P003,R001,C005,3,1860.0,1340.39
2025-12-14,P003,R001,C001,10,6200.0,4164.47
2025-12-14,P003,R001,C007,5,3100.0,2266.18
2025-12-14,P003,R002,C012,3,1860.0,1253.79
2025-12-14,P003,R002,C008,2,1240.0,865.33
2025-12-14,P003,R002,C002,5,3100.0,2206.73
2025-12-14,P003,R002,C006,1,620.0,451.8
2025-12-14,P003,R003,C009,5,3100.0,2268.05
2025-12-14,P003,R003,C003,3,1860.0,1302.44
2025-12-14,P003,R004,C010,2,1240.0,868.84
2025-12-14,P003,R004,C004,2,1240.0,850.33
2025-12-14,P004,R001,C007,11,2640.0,1709.89
2025-12-14,P004,R001,C011,25,6000.0,4091.81
2025-12-14,P004,R001,C001,20,4800.0,3042.65
2025-12-14,P004,R001,C005,7,1680.0,1066.44
2025-12-14,P004,R002,C002,16,3840.0,2527.93
2025-12-14,P004,R002,C006,5,1200.0,787.06
2025-12-14,P004,R002,C012,10,2400.0,1539.74
2025-12-14,P004,R003,C003,11,2640.0,1765.36
2025-12-14,P004,R003,C009,13,3120.0,2050.49
2025-12-14,P004,R004,C004,7,1680.0,1121.32
2025-12-14,P004,R004,C010,5,1200.0,755.22
2025-12-14,P005,R001,C011,53,2385.0,1407.41
2025-12-14,P005,R001,C005,15,675.0,388.51
2025-12-14,P005,R001,C001,59,2655.0,1472.51
2025-12-14,P005,R002,C002,64,2880.0,1709.55
2025-12-14,P005,R002,C008,25,1125.0,665.27
2025-12-14,P005,R003,C009,44,1980.0,1108.27
2025-12-14,P005,R003,C003,30,1350.0,813.82
2025-12-14,P005,R004,C010,19,855.0,527.91
2025-12-14,P005,R004,C004,18,810.0,460.55
2025-12-14,P006,R001,C001,105,12600.0,8114.76
2025-12-14,P006,R001,C005,26,3120.0,1928.34
2025-12-14,P006,R002,C012,18,2160.0,1453.75
2025-12-14,P006,R002,C002,23,2760.0,1803.02
2025-12-14,P006,R002,C006,10,1200.0,765.27
2025-12-14,P006,R003,C009,39,4680.0,2906.64
2025-12-14,P006,R003,C003,25,3000.0,2025.62
2025-12-14,P006,R004,C010,8,960.0,639.69
2025-12-14,P006,R004,C004,12,1440.0,909.79
2025-12-15,P001,R001,C011,39,14820.0,9972.06
2025-12-15,P001,R001,C007,24,9120.0,6384.94
2025-12-15,P001,R002,C006,4,1520.0,1033.2
2025-12-15,P001,R002,C002,12,4560.0,2991.82
2025-12-15,P001,R002,C012,15,5700.0,4068.02
2025-12-15,P001,R002,C008,4,1520.0,1075.07
2025-12-15,P001,R003,C003,12,4560.0,3022.16
2025-12-15,P001,R003,C009,12,4560.0,3012.98
2025-12-15,P001,R004,C010,5,1900.0,1277.24
2025-12-15,P001,R004,C004,8,3040.0,2122.75
2025-12-15,P002,R001,C001,243,20655.0,13307.4
2025-12-15,P002,R001,C011,219,18615.0,11708.43
2025-12-15,P002,R002,C002,164,13940.0,8611.09
2025-12-15,P002,R002,C006,47,3995.0,2412.14
2025-12-15,P002,R002,C008,97,8245.0,5358.43
2025-12-15,P002,R003,C009,86,7310.0,4759.5
2025-12-15,P002,R003,C003,85,7225.0,4715.47
2025-12-15,P002,R004,C004,51,4335.0,2830.67
2025-12-15,P002,R004,C010,46,3910.0,2325.85
2025-12-15,P003,R001,C001,10,6200.0,4538.73
2025-12-15,P003,R001,C005,5,3100.0,2150.76
2025-12-15,P003,R001,C011,13,8060.0,5640.82
2025-12-15,P003,R002,C002,17,10540.0,7522.87
2025-12-15,P003,R002,C008,9,5580.0,4035.78
2025-12-15,P003,R003,C003,5,3100.0,2130.34
2025-12-15,P003,R003,C009,7,4340.0,3139.75
2025-12-15,P003,R004,C004,4,2480.0,1718.01
2025-12-15,P003,R004,C010,3,1860.0,1296.79
2025-12-15,P004,R001,C007,37,8880.0,5422.0
2025-12-15,P004,R001,C011,76,18240.0,11379.31
2025-12-15,P004,R002,C008,17,4080.0,2581.61
2025-12-15,P004,R002,C002,25,6000.0,3775.3
2025-12-15,P004,R003,C003,13,3120.0,2142.73
2025-12-15,P004,R003,C009,32,7680.0,5005.09
2025-12-15,P004,R004,C010,8,1920.0,1251.82
2025-12-15,P004,R004,C004,14,3360.0,2180.29
2025-12-15,P005,R001,C001,125,5625.0,3461.35
2025-12-15,P005,R001,C005,40,1800.0,1093.23
2025-12-15,P005,R001,C011,127,5715.0,3192.09
2025-12-15,P005,R001,C007,61,2745.0,1518.69
2025-12-15,P005,R002,C012,113,5085.0,3038.58
2025-12-15,P005,R002,C008,63,2835.0,1635.74
2025-12-15,P005,R003,C003,36,1620.0,951.84
2025-12-15,P005,R003,C009,64,2880.0,1592.25
2025-12-15,P005,R004,C004,30,1350.0,737.61
2025-12-15,P005,R004,C010,27,1215.0,660.94
2025-12-15,P006,R001,C005,36,4320.0,2746.46
2025-12-15,P006,R001,C001,144,17280.0,11344.14
2025-12-15,P006,R002,C008,30,3600.0,2264.96
2025-12-15,P006,R002,C002,51,6120.0,3673.97
2025-12-15,P006,R003,C009,58,6960.0,4663.18
2025-12-15,P006,R003,C003,40,4800.0,3064.57
2025-12-15,P006,R004,C004,23,2760.0,1765.81
2025-12-15,P006,R004,C010,23,2760.0,1729.55
2025-12-16,P001,R001,C011,24,9120.0,6068.87
2025-12-16,P001,R001,C007,13,4940.0,3504.4
2025-12-16,P001,R001,C005,8,3040.0,1996.88
2025-12-16,P001,R001,C001,15,5700.0,3916.94
2025-12-16,P001,R002,C008,15,5700.0,3684.5
2025-12-16,P001,R002,C002,30,11400.0,8009.81
2025-12-16,P001,R003,C009,17,6460.0,4246.74
2025-12-16,P001,R003,C003,7,2660.0,1779.41
2025-12-16,P001,R004,C004,8,3040.0,1990.96
2025-12-16,P001,R004,C010,8,3040.0,2132.04
2025-12-16,P002,R001,C005,80,6800.0,4166.73
2025-12-16,P002,R001,C001,273,23205.0,14173.82
2025-12-16,P002,R002,C012,251,21335.0,13007.56
2025-12-16,P002,R002,C006,57,4845.0,3078.95
2025-12-16,P002,R003,C009,85,7225.0,4751.07
2025-12-16,P002,R003,C003,56,4760.0,2994.79
2025-12-16,P002,R004,C004,48,4080.0,2503.23
2025-12-16,P002,R004,C010,50,4250.0,2767.77
2025-12-16,P003,R001,C001,12,7440.0,4948.52
2025-12-16,P003,R001,C007,8,4960.0,3549.75
2025-12-16,P003,R001,C011,16,9920.0,7043.28
2025-12-16,P003,R002,C012,7,4340.0,3005.09
2025-12-16,P003,R002,C006,3,1860.0,1286.57
2025-12-16,P003,R002,C002,7,4340.0,3041.82
2025-12-16,P003,R002,C008,4,2480.0,1785.51
2025-12-16,P003,R003,C003,6,3720.0,2649.55
2025-12-16,P003,R003,C009,8,4960.0,3447.21
2025-12-16,P003,R004,C010,3,1860.0,1267.18
2025-12-16,P003,R004,C004,3,1860.0,1246.15
2025-12-16,P004,R001,C011,63,15120.0,9447.39
2025-12-16,P004,R001,C005,29,6960.0,4768.76
2025-12-16,P004,R002,C012,32,7680.0,4734.5
2025-12-16,P004,R002,C002,35,8400.0,5253.95
2025-12-16,P004,R002,C006,11,2640.0,1619.01
2025-12-16,P004,R003,C009,26,6240.0,4209.91
2025-12-16,P004,R003,C003,13,3120.0,1971.94
2025-12-16,P004,R004,C004,9,2160.0,1427.86
2025-12-16,P004,R004,C010,7,1680.0,1113.29
2025-12-16,P005,R001,C001,79,3555.0,2112.6
2025-12-16,P005,R001,C011,102,4590.0,2807.46
2025-12-16,P005,R001,C007,39,1755.0,999.36
2025-12-16,P005,R001,C005,19,855.0,500.24
2025-12-16,P005,R002,C006,39,1755.0,1052.05
2025-12-16,P005,R002,C002,74,3330.0,1878.12
2025-12-16,P005,R002,C008,35,1575.0,912.78
2025-12-16,P005,R003,C003,38,1710.0,936.14
2025-12-16,P005,R003,C009,43,1935.0,1198.35
2025-12-16,P005,R004,C010,30,1350.0,834.6
2025-12-16,P005,R004,C004,26,1170.0,637.35
2025-12-16,P006,R001,C001,62,7440.0,4685.75
2025-12-16,P006,R001,C011,68,8160.0,5492.34
2025-12-16,P006,R002,C002,79,9480.0,6232.63
2025-12-16,P006,R002,C006,15,1800.0,1138.2
2025-12-16,P006,R003,C009,38,4560.0,2930.33
2025-12-16,P006,R003,C003,26,3120.0,2065.76
2025-12-16,P006,R004,C004,19,2280.0,1397.58
2025-12-16,P006,R004,C010,14,1680.0,1088.87
2025-12-17,P001,R001,C001,24,9120.0,5977.21
2025-12-17,P001,R001,C011,19,7220.0,4878.13
2025-12-17,P001,R002,C008,7,2660.0,1820.68
2025-12-17,P001,R002,C006,7,2660.0,1832.34
2025-12-17,P001,R002,C012,13,4940.0,3172.39
2025-12-17,P001,R003,C009,14,5320.0,3742.68
2025-12-17,P001,R003,C003,8,3040.0,1960.86
2025-12-17,P001,R004,C004,8,3040.0,2181.59
2025-12-17,P001,R004,C010,6,2280.0,1488.63
2025-12-17,P002,R001,C001,208,17680.0,10430.86
2025-12-17,P002,R001,C011,145,12325.0,7552.74
2025-12-17,P002,R002,C008,64,5440.0,3354.88
2025-12-17,P002,R002,C012,113,9605.0,5968.12
2025-12-17,P002,R002,C002,104,8840.0,5172.95
2025-12-17,P002,R002,C006,42,3570.0,2261.37
2025-12-17,P002,R003,C003,83,7055.0,4272.79
2025-12-17,P002,R003,C009,93,7905.0,4588.77
2025-12-17,P002,R004,C004,49,4165.0,2719.11
2025-12-17,P002,R004,C010,37,3145.0,1872.54
2025-12-17,P003,R001,C011,14,8680.0,6228.97
2025-12-17,P003,R001,C007,8,4960.0,3379.4
2025-12-17,P003,R001,C005,8,4960.0,3333.11
2025-12-17,P003,R002,C008,5,3100.0,2051.23
2025-12-17,P003,R002,C002,14,8680.0,6172.41
2025-12-17,P003,R003,C003,7,4340.0,3152.77
2025-12-17,P003,R003,C009,10,6200.0,4456.45
2025-12-17,P003,R004,C004,3,1860.0,1285.8
2025-12-17,P003,R004,C010,3,1860.0,1294.78
2025-12-17,P004,R001,C005,11,2640.0,1714.8
2025-12-17,P004,R001,C011,27,6480.0,4086.01
2025-12-17,P004,R001,C001,40,9600.0,6570.38
2025-12-17,P004,R002,C006,15,3600.0,2393.85
2025-12-17,P004,R002,C012,51,12240.0,7936.5
2025-12-17,P004,R003,C003,13,3120.0,1921.01
2025-12-17,P004,R003,C009,22,5280.0,3445.16
2025-12-17,P004,R004,C010,7,1680.0,1029.79
2025-12-17,P004,R004,C004,10,2400.0,1487.29
2025-12-17,P005,R001,C011,109,4905.0,2701.68
2025-12-17,P005,R001,C001,89,4005.0,2272.25
2025-12-17,P005,R001,C005,34,1530.0,924.54
2025-12-17,P005,R002,C008,55,2475.0,1449.92
2025-12-17,P005,R002,C012,86,3870.0,2093.64
2025-12-17,P005,R002,C006,37,1665.0,933.15
2025-12-17,P005,R003,C003,38,1710.0,937.15
2025-12-17,P005,R003,C009,81,3645.0,2012.02
2025-12-17,P005,R004,C004,24,1080.0,660.09
2025-12-17,P005,R004,C010,29,1305.0,743.89
2025-12-17,P006,R001,C001,69,8280.0,5550.14
2025-12-17,P006,R001,C007,23,2760.0,1770.77
2025-12-17,P006,R001,C011,71,8520.0,5161.15
2025-12-17,P006,R002,C008,20,2400.0,1501.43
2025-12-17,P006,R002,C006,11,1320.0,850.93
2025-12-17,P006,R002,C002,27,3240.0,2130.39
2025-12-17,P006,R002,C012,29,3480.0,2136.29
2025-12-17,P006,R003,C009,43,5160.0,3469.51
2025-12-17,P006,R003,C003,22,2640.0,1752.24
2025-12-17,P006,R004,C010,10,1200.0,761.93
2025-12-17,P006,R004,C004,19,2280.0,1373.46
2025-12-18,P001,R001,C011,57,21660.0,14945.65
2025-12-18,P001,R001,C007,24,9120.0,6463.97
2025-12-18,P001,R002,C006,6,2280.0,1597.66
2025-12-18,P001,R002,C002,9,3420.0,2398.05
2025-12-18,P001,R002,C012,9,3420.0,2235.02
2025-12-18,P001,R002,C008,6,2280.0,1633.02
2025-12-18,P001,R003,C003,11,4180.0,2959.45
2025-12-18,P001,R003,C009,14,5320.0,3700.34
2025-12-18,P001,R004,C010,5,1900.0,1288.22
2025-12-18,P001,R004,C004,7,2660.0,1852.34
2025-12-18,P002,R001,C001,248,21080.0,12972.47
2025-12-18,P002,R001,C005,62,5270.0,3240.98
2025-12-18,P002,R002,C008,110,9350.0,5885.36
2025-12-18,P002,R002,C012,139,11815.0,6955.46
2025-12-18,P002,R003,C003,62,5270.0,3189.01
2025-12-18,P002,R003,C009,89,7565.0,4711.15
2025-12-18,P002,R004,C010,47,3995.0,2347.85
2025-12-18,P002,R004,C004,54,4590.0,2873.78
2025-12-18,P003,R001,C011,12,7440.0,5222.74
2025-12-18,P003,R001,C001,9,5580.0,3812.59
2025-12-18,P003,R001,C007,6,3720.0,2673.86
2025-12-18,P003,R002,C006,7,4340.0,3038.57
2025-12-18,P003,R002,C012,14,8680.0,5823.0
2025-12-18,P003,R003,C003,5,3100.0,2222.87
2025-12-18,P003,R003,C009,6,3720.0,2692.29
2025-12-18,P003,R004,C010,3,1860.0,1277.1
2025-12-18,P003,R004,C004,5,3100.0,2218.65
2025-12-18,P004,R001,C001,37,8880.0,5507.22
2025-12-18,P004,R001,C011,38,9120.0,5745.84
2025-12-18,P004,R002,C012,19,4560.0,3001.99
2025-12-18,P004,R002,C008,12,2880.0,1834.15
2025-12-18,P004,R002,C002,14,3360.0,2149.44
2025-12-18,P004,R002,C006,6,1440.0,944.71
2025-12-18,P004,R003,C003,22,5280.0,3346.44
2025-12-18,P004,R003,C009,23,5520.0,3708.85
2025-12-18,P004,R004,C010,7,1680.0,1066.81
2025-12-18,P004,R004,C004,14,3360.0,2272.73
2025-12-18,P005,R001,C007,53,2385.0,1422.95
2025-12-18,P005,R001,C011,79,3555.0,1955.71
2025-12-18,P005,R001,C005,29,1305.0,742.02
2025-12-18,P005,R001,C001,78,3510.0,2148.52
2025-12-18,P005,R002,C012,79,3555.0,2123.9
2025-12-18,P005,R002,C006,16,720.0,444.25
2025-12-18,P005,R002,C002,79,3555.0,2173.11
2025-12-18,P005,R002,C008,31,1395.0,848.09
2025-12-18,P005,R003,C009,82,3690.0,2220.04
2025-12-18,P005,R003,C003,47,2115.0,1174.34
2025-12-18,P005,R004,C004,31,1395.0,855.39
2025-12-18,P005,R004,C010,26,1170.0,655.98
2025-12-18,P006,R001,C001,57,6840.0,4357.97
2025-12-18,P006,R001,C011,67,8040.0,5237.79
2025-12-18,P006,R002,C012,87,10440.0,6792.77
2025-12-18,P006,R002,C006,23,2760.0,1797.6
2025-12-18,P006,R003,C003,28,3360.0,2195.27
2025-12-18,P006,R003,C009,60,7200.0,4746.04
2025-12-18,P006,R004,C004,24,2880.0,1809.94
2025-12-18,P006,R004,C010,16,1920.0,1225.74
2025-12-19,P001,R001,C001,26,9880.0,7072.21
2025-12-19,P001,R001,C011,22,8360.0,5574.99
2025-12-19,P001,R001,C005,10,3800.0,2713.37
2025-12-19,P001,R002,C008,4,1520.0,1028.06
2025-12-19,P001,R002,C012,14,5320.0,3644.94
2025-12-19,P001,R002,C002,14,5320.0,3818.91
2025-12-19,P001,R002,C006,5,1900.0,1224.15
2025-12-19,P001,R003,C009,15,5700.0,3944.64
2025-12-19,P001,R003,C003,15,5700.0,3816.94
2025-12-19,P001,R004,C004,8,3040.0,2142.56
2025-12-19,P001,R004,C010,5,1900.0,1298.58
2025-12-19,P002,R001,C005,75,6375.0,3955.53
2025-12-19,P002,R001,C011,268,22780.0,14829.26
2025-12-19,P002,R001,C007,136,11560.0,6803.17
2025-12-19,P002,R002,C002,116,9860.0,6481.5
2025-12-19,P002,R002,C012,135,11475.0,7542.93
2025-12-19,P002,R002,C008,40,3400.0,1995.36
2025-12-19,P002,R003,C009,121,10285.0,6750.26
2025-12-19,P002,R003,C003,73,6205.0,3635.14
2025-12-19,P002,R004,C010,30,2550.0,1617.61
2025-12-19,P002,R004,C004,41,3485.0,2031.41
2025-12-19,P003,R001,C005,3,1860.0,1290.37
2025-12-19,P003,R001,C001,15,9300.0,6189.94
2025-12-19,P003,R001,C007,5,3100.0,2169.04
2025-12-19,P003,R001,C011,14,8680.0,5799.66
2025-12-19,P003,R002,C002,5,3100.0,2211.66
2025-12-19,P003,R002,C012,8,4960.0,3351.54
2025-12-19,P003,R002,C008,3,1860.0,1330.28
2025-12-19,P003,R002,C006,2,1240.0,878.6
2025-12-19,P003,R003,C009,8,4960.0,3507.1
2025-12-19,P003,R003,C003,5,3100.0,2220.05
2025-12-19,P003,R004,C010,5,3100.0,2257.45
2025-12-19,P003,R004,C004,5,3100.0,2085.35
2025-12-19,P004,R001,C001,27,6480.0,4006.73
2025-12-19,P004,R001,C007,17,4080.0,2567.34
2025-12-19,P004,R001,C011,44,10560.0,6956.83
2025-12-19,P004,R002,C008,25,6000.0,3986.97
2025-12-19,P004,R002,C006,19,4560.0,2934.49
2025-12-19,P004,R003,C009,20,4800.0,3156.12
2025-12-19,P004,R003,C003,21,5040.0,3266.68
2025-12-19,P004,R004,C004,13,3120.0,1979.3
2025-12-19,P004,R004,C010,14,3360.0,2089.8
2025-12-19,P005,R001,C007,90,4050.0,2280.83
2025-12-19,P005,R001,C011,149,6705.0,3849.47
2025-12-19,P005,R002,C002,47,2115.0,1242.99
2025-12-19,P005,R002,C006,15,675.0,365.94
2025-12-19,P005,R002,C012,43,1935.0,1075.1
2025-12-19,P005,R002,C008,27,1215.0,686.92
2025-12-19,P005,R003,C009,69,3105.0,1686.76
2025-12-19,P005,R003,C003,36,1620.0,955.51
2025-12-19,P005,R004,C004,29,1305.0,765.82
2025-12-19,P005,R004,C010,29,1305.0,737.78
2025-12-19,P006,R001,C011,92,11040.0,6947.6
2025-12-19,P006,R001,C005,45,5400.0,3266.39
2025-12-19,P006,R002,C012,43,5160.0,3472.89
2025-12-19,P006,R002,C008,31,3720.0,2482.77
2025-12-19,P006,R003,C003,37,4440.0,2740.56
2025-12-19,P006,R003,C009,61,7320.0,4512.77
2025-12-19,P006,R004,C004,19,2280.0,1434.72
2025-12-19,P006,R004,C010,15,1800.0,1179.3
2025-12-20,P001,R001,C011,15,5700.0,3748.6
2025-12-20,P001,R001,C001,13,4940.0,3202.1
2025-12-20,P001,R001,C005,3,1140.0,796.46
2025-12-20,P001,R001,C007,7,2660.0,1750.58
2025-12-20,P001,R002,C008,5,1900.0,1253.74
2025-12-20,P001,R002,C006,2,760.0,516.61
2025-12-20,P001,R002,C002,11,4180.0,2966.46
2025-12-20,P001,R002,C012,10,3800.0,2457.09
2025-12-20,P001,R003,C003,7,2660.0,1896.34
2025-12-20,P001,R003,C009,7,2660.0,1862.5
2025-12-20,P001,R004,C004,4,1520.0,1055.38
2025-12-20,P001,R004,C010,3,1140.0,820.31
2025-12-20,P002,R001,C007,77,6545.0,4113.26
2025-12-20,P002,R001,C001,117,9945.0,5974.34
2025-12-20,P002,R001,C011,139,11815.0,6894.62
2025-12-20,P002,R002,C002,62,5270.0,3058.28
2025-12-20,P002,R002,C012,62,5270.0,3148.95
2025-12-20,P002,R002,C006,19,1615.0,1035.51
2025-12-20,P002,R002,C008,23,1955.0,1254.44
2025-12-20,P002,R003,C009,76,6460.0,3985.45
2025-12-20,P002,R003,C003,47,3995.0,2440.46
2025-12-20,P002,R004,C004,25,2125.0,1401.61
2025-12-20,P002,R004,C010,33,2805.0,1781.94
2025-12-20,P003,R001,C005,5,3100.0,2058.42
2025-12-20,P003,R001,C001,14,8680.0,6300.72
2025-12-20,P003,R002,C008,7,4340.0,2962.51
2025-12-20,P003,R002,C006,5,3100.0,2132.27
2025-12-20,P003,R003,C003,4,2480.0,1742.69
2025-12-20,P003,R003,C009,8,4960.0,3594.45
2025-12-20,P003,R004,C004,3,1860.0,1266.23
2025-12-20,P003,R004,C010,2,1240.0,900.41
2025-12-20,P004,R001,C005,15,3600.0,2359.16
2025-12-20,P004,R001,C001,46,11040.0,6769.56
2025-12-20,P004,R002,C008,9,2160.0,1397.9
2025-12-20,P004,R002,C012,21,5040.0,3313.72
2025-12-20,P004,R002,C006,6,1440.0,958.5
2025-12-20,P004,R003,C003,8,1920.0,1296.87
2025-12-20,P004,R003,C009,16,3840.0,2493.82
2025-12-20,P004,R004,C010,9,2160.0,1342.73
2025-12-20,P004,R004,C004,9,2160.0,1338.91
2025-12-20,P005,R001,C007,37,1665.0,970.77
2025-12-20,P005,R001,C005,15,675.0,392.92
2025-12-20,P005,R001,C011,47,2115.0,1288.71
2025-12-20,P005,R001,C001,70,3150.0,1922.94
2025-12-20,P005,R002,C002,38,1710.0,980.98
2025-12-20,P005,R002,C012,38,1710.0,967.57
2025-12-20,P005,R002,C008,17,765.0,429.47
2025-12-20,P005,R003,C003,31,1395.0,855.28
2025-12-20,P005,R003,C009,48,2160.0,1258.27
2025-12-20,P005,R004,C004,24,1080.0,603.26
2025-12-20,P005,R004,C010,18,810.0,438.53
2025-12-20,P006,R001,C005,14,1680.0,1060.95
2025-12-20,P006,R001,C001,42,5040.0,3133.23
2025-12-20,P006,R001,C011,37,4440.0,2810.96
2025-12-20,P006,R002,C006,16,1920.0,1225.44
2025-12-20,P006,R002,C002,70,8400.0,5149.25
2025-12-20,P006,R003,C009,26,3120.0,1914.0
2025-12-20,P006,R003,C003,17,2040.0,1371.0
2025-12-20,P006,R004,C004,8,960.0,650.96
2025-12-20,P006,R004,C010,7,840.0,514.2
2025-12-21,P001,R001,C007,12,4560.0,3196.99
2025-12-21,P001,R001,C011,28,10640.0,7059.26
2025-12-21,P001,R002,C006,3,1140.0,801.43
2025-12-21,P001,R002,C008,5,1900.0,1285.81
2025-12-21,P001,R002,C002,7,2660.0,1763.15
2025-12-21,P001,R002,C012,9,3420.0,2259.3
2025-12-21,P001,R003,C009,11,4180.0,3004.6
2025-12-21,P001,R003,C003,8,3040.0,2138.43
2025-12-21,P001,R004,C004,5,1900.0,1298.26
2025-12-21,P001,R004,C010,3,1140.0,742.09
2025-12-21,P002,R001,C005,89,7565.0,4527.04
2025-12-21,P002,R001,C001,174,14790.0,8783.62
2025-12-21,P002,R002,C012,65,5525.0,3508.94
2025-12-21,P002,R002,C008,25,2125.0,1389.84
2025-12-21,P002,R002,C002,55,4675.0,2864.03
2025-12-21,P002,R002,C006,21,1785.0,1149.89
2025-12-21,P002,R003,C009,60,5100.0,3157.02
2025-12-21,P002,R003,C003,54,4590.0,2800.54
2025-12-21,P002,R004,C004,46,3910.0,2333.76
2025-12-21,P002,R004,C010,23,1955.0,1201.01
2025-12-21,P003,R001,C011,8,4960.0,3562.39
2025-12-21,P003,R001,C001,7,4340.0,3188.33
2025-12-21,P003,R001,C007,4,2480.0,1645.24
2025-12-21,P003,R001,C005,3,1860.0,1228.5
2025-12-21,P003,R002,C006,2,1240.0,897.2
2025-12-21,P003,R002,C008,4,2480.0,1735.86
2025-12-21,P003,R002,C012,6,3720.0,2723.18
2025-12-21,P003,R003,C003,3,1860.0,1351.98
2025-12-21,P003,R003,C009,7,4340.0,3124.7
2025-12-21,P003,R004,C010,2,1240.0,872.19
2025-12-21,P003,R004,C004,2,1240.0,849.33
2025-12-21,P004,R001,C001,22,5280.0,3256.65
2025-12-21,P004,R001,C011,23,5520.0,3662.33
2025-12-21,P004,R001,C007,10,2400.0,1496.12
2025-12-21,P004,R001,C005,7,1680.0,1048.2
2025-12-21,P004,R002,C008,10,2400.0,1642.1
2025-12-21,P004,R002,C002,31,7440.0,4844.44
2025-12-21,P004,R003,C009,13,3120.0,1914.1
2025-12-21,P004,R003,C003,9,2160.0,1484.19
2025-12-21,P004,R004,C010,7,1680.0,1045.02
2025-12-21,P004,R004,C004,6,1440.0,894.33
2025-12-21,P005,R001,C001,127,5715.0,3235.93
2025-12-21,P005,R001,C005,57,2565.0,1385.52
2025-12-21,P005,R002,C006,14,630.0,363.98
2025-12-21,P005,R002,C002,48,2160.0,1253.69
2025-12-21,P005,R002,C012,44,1980.0,1161.02
2025-12-21,P005,R003,C003,40,1800.0,975.69
2025-12-21,P005,R003,C009,61,2745.0,1647.57
2025-12-21,P005,R004,C010,21,945.0,563.76
2025-12-21,P005,R004,C004,28,1260.0,748.1
2025-12-21,P006,R001,C005,14,1680.0,1136.96
2025-12-21,P006,R001,C001,35,4200.0,2638.07
2025-12-21,P006,R001,C011,30,3600.0,2202.1
2025-12-21,P006,R001,C007,16,1920.0,1270.99
2025-12-21,P006,R002,C006,6,720.0,465.21
2025-12-21,P006,R002,C008,9,1080.0,664.42
2025-12-21,P006,R002,C012,15,1800.0,1151.14
2025-12-21,P006,R002,C002,15,1800.0,1120.01
2025-12-21,P006,R003,C003,17,2040.0,1323.14
2025-12-21,P006,R003,C009,27,3240.0,1948.66
2025-12-21,P006,R004,C004,14,1680.0,1122.74
2025-12-21,P006,R004,C010,8,960.0,583.09
2025-12-22,P001,R001,C005,9,3420.0,2244.11
2025-12-22,P001,R001,C001,21,7980.0,5633.17
2025-12-22,P001,R001,C007,15,5700.0,4017.18
2025-12-22,P001,R001,C011,25,9500.0,6085.77
2025-12-22,P001,R002,C006,6,2280.0,1486.6
2025-12-22,P001,R002,C008,8,3040.0,1981.5
2025-12-22,P001,R002,C012,17,6460.0,4391.81
2025-12-22,P001,R002,C002,15,5700.0,3790.21
2025-12-22,P001,R003,C003,13,4940.0,3447.11
2025-12-22,P001,R003,C009,12,4560.0,3039.72
2025-12-22,P001,R004,C004,9,3420.0,2329.18
2025-12-22,P001,R004,C010,5,1900.0,1346.22
2025-12-22,P002,R001,C001,373,31705.0,20284.57
2025-12-22,P002,R001,C005,129,10965.0,7182.3
2025-12-22,P002,R002,C002,69,5865.0,3866.44
2025-12-22,P002,R002,C012,67,5695.0,3704.98
2025-12-22,P002,R002,C008,44,3740.0,2360.07
2025-12-22,P002,R002,C006,37,3145.0,1889.55
2025-12-22,P002,R003,C003,54,4590.0,2730.01
2025-12-22,P002,R003,C009,123,10455.0,6868.23
2025-12-22,P002,R004,C004,51,4335.0,2820.81
2025-12-22,P002,R004,C010,43,3655.0,2404.16
2025-12-22,P003,R001,C011,9,5580.0,3819.32
2025-12-22,P003,R001,C007,7,4340.0,3133.72
2025-12-22,P003,R001,C005,5,3100.0,2193.3
2025-12-22,P003,R001,C001,14,8680.0,6357.02
2025-12-22,P003,R002,C012,7,4340.0,2885.11
2025-12-22,P003,R002,C008,5,3100.0,2125.11
2025-12-22,P003,R002,C006,2,1240.0,829.9
2025-12-22,P003,R002,C002,5,3100.0,2130.99
2025-12-22,P003,R003,C009,10,6200.0,4226.75
2025-12-22,P003,R003,C003,7,4340.0,3110.33
2025-12-22,P003,R004,C004,3,1860.0,1354.17
2025-12-22,P003,R004,C010,3,1860.0,1255.86
2025-12-22,P004,R001,C005,10,2400.0,1557.86
2025-12-22,P004,R001,C001,44,10560.0,6631.76
2025-12-22,P004,R001,C011,30,7200.0,4429.95
2025-12-22,P004,R002,C008,6,1440.0,934.68
2025-12-22,P004,R002,C012,19,4560.0,3031.24
2025-12-22,P004,R002,C002,19,4560.0,2787.88
2025-12-22,P004,R002,C006,6,1440.0,956.66
2025-12-22,P004,R003,C003,19,4560.0,3007.99
2025-12-22,P004,R003,C009,26,6240.0,4270.55
2025-12-22,P004,R004,C010,11,2640.0,1799.12
2025-12-22,P004,R004,C004,12,2880.0,1882.27
2025-12-22,P005,R001,C001,207,9315.0,5278.78
2025-12-22,P005,R001,C005,80,3600.0,2119.53
2025-12-22,P005,R002,C006,30,1350.0,802.93
2025-12-22,P005,R002,C002,63,2835.0,1743.71
2025-12-22,P005,R002,C012,75,3375.0,1959.9
2025-12-22,P005,R003,C009,64,2880.0,1716.67
2025-12-22,P005,R003,C003,43,1935.0,1151.28
2025-12-22,P005,R004,C004,32,1440.0,833.13
2025-12-22,P005,R004,C010,31,1395.0,786.36
2025-12-22,P006,R001,C005,41,4920.0,3169.18
2025-12-22,P006,R001,C001,106,12720.0,8154.81
2025-12-22,P006,R002,C002,36,4320.0,2714.14
2025-12-22,P006,R002,C012,47,5640.0,3503.0
2025-12-22,P006,R002,C006,19,2280.0,1431.67
2025-12-22,P006,R003,C009,48,5760.0,3643.11
2025-12-22,P006,R003,C003,22,2640.0,1631.37
2025-12-22,P006,R004,C010,13,1560.0,1005.75
2025-12-22,P006,R004,C004,25,3000.0,1921.72
2025-12-23,P001,R001,C001,54,20520.0,13792.75
2025-12-23,P001,R001,C007,22,8360.0,5588.5
2025-12-23,P001,R002,C002,16,6080.0,4084.64
2025-12-23,P001,R002,C012,17,6460.0,4461.02
2025-12-23,P001,R003,C009,13,4940.0,3191.06
2025-12-23,P001,R003,C003,12,4560.0,3037.74
2025-12-23,P001,R004,C010,6,2280.0,1632.16
2025-12-23,P001,R004,C004,6,2280.0,1558.69
2025-12-23,P002,R001,C001,249,21165.0,13072.81
2025-12-23,P002,R001,C005,67,5695.0,3334.32
2025-12-23,P002,R001,C007,124,10540.0,6686.96
2025-12-23,P002,R002,C008,42,3570.0,2332.0
2025-12-23,P002,R002,C012,117,9945.0,6551.26
2025-12-23,P002,R002,C006,27,2295.0,1467.3
2025-12-23,P002,R002,C002,107,9095.0,5624.15
2025-12-23,P002,R003,C009,129,10965.0,7084.34
2025-12-23,P002,R003,C003,86,7310.0,4817.73
2025-12-23,P002,R004,C010,33,2805.0,1659.28
2025-12-23,P002,R004,C004,46,3910.0,2325.6
2025-12-23,P003,R001,C007,10,6200.0,4110.19
2025-12-23,P003,R001,C005,5,3100.0,2228.34
2025-12-23,P003,R001,C001,21,13020.0,9221.85
2025-12-23,P003,R002,C008,5,3100.0,2239.96
2025-12-23,P003,R002,C012,11,6820.0,4704.32
2025-12-23,P003,R002,C002,9,5580.0,3785.68
2025-12-23,P003,R003,C003,6,3720.0,2629.96
2025-12-23,P003,R003,C009,10,6200.0,4349.71
2025-12-23,P003,R004,C010,3,1860.0,1362.76
2025-12-23,P003,R004,C004,6,3720.0,2622.03
2025-12-23,P004,R001,C001,62,14880.0,9294.66
2025-12-23,P004,R001,C007,32,7680.0,4705.97
2025-12-23,P004,R002,C008,17,4080.0,2678.0
2025-12-23,P004,R002,C002,35,8400.0,5525.56
2025-12-23,P004,R002,C006,11,2640.0,1667.43
2025-12-23,P004,R003,C003,14,3360.0,2055.48
2025-12-23,P004,R003,C009,19,4560.0,2872.2
2025-12-23,P004,R004,C010,11,2640.0,1703.37
2025-12-23,P004,R004,C004,12,2880.0,1838.22
2025-12-23,P005,R001,C005,26,1170.0,639.51
2025-12-23,P005,R001,C001,74,3330.0,2019.35
2025-12-23,P005,R001,C011,81,3645.0,2037.32
2025-12-23,P005,R001,C007,41,1845.0,1060.97
2025-12-23,P005,R002,C002,96,4320.0,2672.56
2025-12-23,P005,R002,C008,36,1620.0,972.02
2025-12-23,P005,R002,C006,19,855.0,475.09
2025-12-23,P005,R003,C003,53,2385.0,1425.58
2025-12-23,P005,R003,C009,63,2835.0,1586.8
2025-12-23,P005,R004,C004,44,1980.0,1090.79
2025-12-23,P005,R004,C010,20,900.0,540.86
2025-12-23,P006,R001,C011,55,6600.0,4408.54
2025-12-23,P006,R001,C001,79,9480.0,5691.54
2025-12-23,P006,R001,C005,26,3120.0,2070.66
2025-12-23,P006,R002,C012,51,6120.0,3865.74
2025-12-23,P006,R002,C002,41,4920.0,2992.97
2025-12-23,P006,R002,C008,16,1920.0,1295.03
2025-12-23,P006,R003,C003,30,3600.0,2234.92
2025-12-23,P006,R003,C009,29,3480.0,2152.71
2025-12-23,P006,R004,C010,22,2640.0,1615.78
2025-12-23,P006,R004,C004,19,2280.0,1404.73
2025-12-24,P001,R001,C011,21,7980.0,5585.76
2025-12-24,P001,R001,C005,9,3420.0,2406.89
2025-12-24,P001,R001,C007,14,5320.0,3820.9
2025-12-24,P001,R001,C001,22,8360.0,5627.71
2025-12-24,P001,R002,C008,23,8740.0,5865.04
2025-12-24,P001,R002,C006,21,7980.0,5431.22
2025-12-24,P001,R003,C003,15,5700.0,3827.77
2025-12-24,P001,R003,C009,14,5320.0,3593.44
2025-12-24,P001,R004,C010,8,3040.0,2143.88
2025-12-24,P001,R004,C004,10,3800.0,2494.73
2025-12-24,P002,R001,C011,274,23290.0,13817.05
2025-12-24,P002,R001,C005,98,8330.0,5160.6
2025-12-24,P002,R002,C006,43,3655.0,2158.32
2025-12-24,P002,R002,C002,92,7820.0,4692.56
2025-12-24,P002,R002,C012,77,6545.0,4061.14
2025-12-24,P002,R003,C009,92,7820.0,4677.67
2025-12-24,P002,R003,C003,51,4335.0,2808.73
2025-12-24,P002,R004,C004,63,5355.0,3490.53
2025-12-24,P002,R004,C010,57,4845.0,3165.67
2025-12-24,P003,R001,C001,14,8680.0,5923.02
2025-12-24,P003,R001,C005,6,3720.0,2584.05
2025-12-24,P003,R002,C008,7,4340.0,2935.32
2025-12-24,P003,R002,C012,12,7440.0,4933.17
2025-12-24,P003,R002,C006,4,2480.0,1652.4
2025-12-24,P003,R003,C009,9,5580.0,3815.75
2025-12-24,P003,R003,C003,5,3100.0,2202.46
2025-12-24,P003,R004,C010,4,2480.0,1703.75
2025-12-24,P003,R004,C004,3,1860.0,1370.51
2025-12-24,P004,R001,C007,17,4080.0,2582.18
2025-12-24,P004,R001,C001,28,6720.0,4310.5
2025-12-24,P004,R001,C005,13,3120.0,2082.44
2025-12-24,P004,R001,C011,39,9360.0,5928.1
2025-12-24,P004,R002,C006,8,1920.0,1302.9
2025-12-24,P004,R002,C002,24,5760.0,3959.94
2025-12-24,P004,R002,C008,20,4800.0,3044.84
2025-12-24,P004,R003,C003,24,5760.0,3876.37
2025-12-24,P004,R003,C009,24,5760.0,3716.97
2025-12-24,P004,R004,C010,9,2160.0,1343.46
2025-12-24,P004,R004,C004,9,2160.0,1322.53
2025-12-24,P005,R001,C011,200,9000.0,5387.2
2025-12-24,P005,R001,C007,73,3285.0,1876.59
2025-12-24,P005,R002,C006,31,1395.0,760.87
2025-12-24,P005,R002,C012,105,4725.0,2679.28
2025-12-24,P005,R002,C008,56,2520.0,1376.27
2025-12-24,P005,R003,C003,62,2790.0,1562.25
2025-12-24,P005,R003,C009,82,3690.0,2081.91
2025-12-24,P005,R004,C010,31,1395.0,852.89
2025-12-24,P005,R004,C004,37,1665.0,987.36
2025-12-24,P006,R001,C007,87,10440.0,6449.6
2025-12-24,P006,R001,C005,60,7200.0,4857.88
2025-12-24,P006,R002,C012,59,7080.0,4686.52
2025-12-24,P006,R002,C008,26,3120.0,1896.71
2025-12-24,P006,R002,C006,12,1440.0,968.26
2025-12-24,P006,R003,C009,47,5640.0,3565.69
2025-12-24,P006,R003,C003,25,3000.0,1997.65
2025-12-24,P006,R004,C004,21,2520.0,1597.28
2025-12-24,P006,R004,C010,12,1440.0,928.0
2025-12-25,P001,R001,C005,8,3040.0,1999.8
2025-12-25,P001,R001,C007,19,7220.0,5143.63
2025-12-25,P001,R001,C001,24,9120.0,5982.44
2025-12-25,P001,R002,C012,36,13680.0,9446.3
2025-12-25,P001,R002,C006,14,5320.0,3736.31
2025-12-25,P001,R003,C009,15,5700.0,3992.61
2025-12-25,P001,R003,C003,10,3800.0,2629.87
2025-12-25,P001,R004,C004,9,3420.0,2252.62
2025-12-25,P001,R004,C010,6,2280.0,1526.65
2025-12-25,P002,R001,C001,218,18530.0,11487.6
2025-12-25,P002,R001,C005,67,5695.0,3710.51
2025-12-25,P002,R001,C011,202,17170.0,11127.41
2025-12-25,P002,R002,C008,134,11390.0,7219.47
2025-12-25,P002,R002,C006,130,11050.0,6670.26
2025-12-25,P002,R003,C009,91,7735.0,4629.72
2025-12-25,P002,R003,C003,63,5355.0,3290.72
2025-12-25,P002,R004,C010,32,2720.0,1739.5
2025-12-25,P002,R004,C004,42,3570.0,2312.85
2025-12-25,P003,R001,C007,10,6200.0,4503.71
2025-12-25,P003,R001,C011,17,10540.0,7093.3
2025-12-25,P003,R002,C012,5,3100.0,2140.07
2025-12-25,P003,R002,C006,2,1240.0,905.55
2025-12-25,P003,R002,C008,4,2480.0,1773.75
2025-12-25,P003,R002,C002,6,3720.0,2522.67
2025-12-25,P003,R003,C009,7,4340.0,3105.33
2025-12-25,P003,R003,C003,4,2480.0,1728.88
2025-12-25,P003,R004,C010,2,1240.0,849.93
2025-12-25,P003,R004,C004,4,2480.0,1744.83
2025-12-25,P004,R001,C005,14,3360.0,2246.82
2025-12-25,P004,R001,C011,39,9360.0,6181.71
2025-12-25,P004,R001,C001,29,6960.0,4559.05
2025-12-25,P004,R001,C007,24,5760.0,3961.21
2025-12-25,P004,R002,C008,26,6240.0,4162.79
2025-12-25,P004,R002,C002,32,7680.0,4856.48
2025-12-25,P004,R003,C009,23,5520.0,3727.76
2025-12-25,P004,R003,C003,22,5280.0,3252.79
2025-12-25,P004,R004,C010,11,2640.0,1743.45
2025-12-25,P004,R004,C004,9,2160.0,1423.85
2025-12-25,P005,R001,C011,102,4590.0,2585.37
2025-12-25,P005,R001,C007,49,2205.0,1254.8
2025-12-25,P005,R001,C005,28,1260.0,693.8
2025-12-25,P005,R001,C001,60,2700.0,1611.19
2025-12-25,P005,R002,C012,79,3555.0,2013.99
2025-12-25,P005,R002,C002,94,4230.0,2495.65
2025-12-25,P005,R003,C009,61,2745.0,1650.42
2025-12-25,P005,R003,C003,39,1755.0,1087.09
2025-12-25,P005,R004,C004,44,1980.0,1175.77
2025-12-25,P005,R004,C010,32,1440.0,884.15
2025-12-25,P006,R001,C005,59,7080.0,4600.68
2025-12-25,P006,R001,C007,114,13680.0,8863.15
2025-12-25,P006,R002,C002,64,7680.0,4979.7
2025-12-25,P006,R002,C008,24,2880.0,1740.59
2025-12-25,P006,R003,C003,20,2400.0,1591.68
2025-12-25,P006,R003,C009,30,3600.0,2245.77
2025-12-25,P006,R004,C004,18,2160.0,1307.43
2025-12-25,P006,R004,C010,16,1920.0,1197.93
2025-12-26,P001,R001,C007,21,7980.0,5562.29
2025-12-26,P001,R001,C011,43,16340.0,11477.28
2025-12-26,P001,R002,C008,6,2280.0,1620.05
2025-12-26,P001,R002,C012,18,6840.0,4550.29
2025-12-26,P001,R002,C002,16,6080.0,3941.74
2025-12-26,P001,R003,C003,15,5700.0,3897.91
2025-12-26,P001,R003,C009,14,5320.0,3744.21
2025-12-26,P001,R004,C010,9,3420.0,2316.77
2025-12-26,P001,R004,C004,10,3800.0,2608.13
2025-12-26,P002,R001,C007,75,6375.0,4010.67
2025-12-26,P002,R001,C001,177,15045.0,9195.15
2025-12-26,P002,R001,C011,143,12155.0,7604.58
2025-12-26,P002,R001,C005,67,5695.0,3746.35
2025-12-26,P002,R002,C012,106,9010.0,5305.03
2025-12-26,P002,R002,C002,107,9095.0,5350.18
2025-12-26,P002,R002,C008,33,2805.0,1697.61
2025-12-26,P002,R003,C009,128,10880.0,6827.99
2025-12-26,P002,R003,C003,78,6630.0,4330.58
2025-12-26,P002,R004,C004,54,4590.0,2789.45
2025-12-26,P002,R004,C010,50,4250.0,2692.83
2025-12-26,P003,R001,C001,22,13640.0,9432.53
2025-12-26,P003,R001,C005,7,4340.0,3106.6
2025-12-26,P003,R002,C012,13,8060.0,5572.34
2025-12-26,P003,R002,C006,3,1860.0,1332.39
2025-12-26,P003,R002,C008,5,3100.0,2053.37
2025-12-26,P003,R003,C003,6,3720.0,2640.11
2025-12-26,P003,R003,C009,5,3100.0,2207.45
2025-12-26,P003,R004,C010,3,1860.0,1318.61
2025-12-26,P003,R004,C004,3,1860.0,1303.71
2025-12-26,P004,R001,C005,33,7920.0,4981.21
2025-12-26,P004,R001,C001,92,22080.0,13749.97
2025-12-26,P004,R002,C012,20,4800.0,3126.18
2025-12-26,P004,R002,C002,18,4320.0,2673.13
2025-12-26,P004,R002,C008,7,1680.0,1121.22
2025-12-26,P004,R002,C006,7,1680.0,1131.75
2025-12-26,P004,R003,C009,40,9600.0,6380.11
2025-12-26,P004,R003,C003,18,4320.0,2704.1
2025-12-26,P004,R004,C010,8,1920.0,1238.46
2025-12-26,P004,R004,C004,12,2880.0,1982.18
2025-12-26,P005,R001,C001,100,4500.0,2738.66
2025-12-26,P005,R001,C007,36,1620.0,930.79
2025-12-26,P005,R001,C005,24,1080.0,603.26
2025-12-26,P005,R001,C011,106,4770.0,2746.52
2025-12-26,P005,R002,C002,51,2295.0,1272.64
2025-12-26,P005,R002,C008,31,1395.0,846.61
2025-12-26,P005,R002,C012,45,2025.0,1240.29
2025-12-26,P005,R002,C006,13,585.0,329.27
2025-12-26,P005,R003,C009,50,2250.0,1245.61
2025-12-26,P005,R003,C003,36,1620.0,1003.17
2025-12-26,P005,R004,C004,29,1305.0,805.61
2025-12-26,P005,R004,C010,27,1215.0,694.23
2025-12-26,P006,R001,C011,90,10800.0,7338.36
2025-12-26,P006,R001,C001,83,9960.0,6756.69
2025-12-26,P006,R002,C008,41,4920.0,3250.43
2025-12-26,P006,R002,C002,71,8520.0,5759.04
2025-12-26,P006,R003,C009,47,5640.0,3700.42
2025-12-26,P006,R003,C003,37,4440.0,2985.81
2025-12-26,P006,R004,C004,19,2280.0,1505.34
2025-12-26,P006,R004,C010,18,2160.0,1364.72
2025-12-27,P001,R001,C011,15,5700.0,3699.85
2025-12-27,P001,R001,C001,12,4560.0,3101.26
2025-12-27,P001,R001,C007,5,1900.0,1235.85
2025-12-27,P001,R001,C005,5,1900.0,1301.66
2025-12-27,P001,R002,C006,3,1140.0,742.02
2025-12-27,P001,R002,C008,5,1900.0,1237.26
2025-12-27,P001,R002,C012,8,3040.0,1984.18
2025-12-27,P001,R002,C002,10,3800.0,2484.99
2025-12-27,P001,R003,C009,12,4560.0,3168.75
2025-12-27,P001,R003,C003,6,2280.0,1596.15
2025-12-27,P001,R004,C004,6,2280.0,1523.43
2025-12-27,P001,R004,C010,4,1520.0,1031.38
2025-12-27,P002,R001,C001,209,17765.0,10476.62
2025-12-27,P002,R001,C007,119,10115.0,5948.08
2025-12-27,P002,R002,C006,18,1530.0,943.97
2025-12-27,P002,R002,C012,58,4930.0,2947.53
2025-12-27,P002,R002,C002,59,5015.0,3094.54
2025-12-27,P002,R002,C008,22,1870.0,1138.54
2025-12-27,P002,R003,C009,80,6800.0,4406.08
2025-12-27,P002,R003,C003,42,3570.0,2280.24
2025-12-27,P002,R004,C010,22,1870.0,1207.22
2025-12-27,P002,R004,C004,34,2890.0,1716.43
2025-12-27,P003,R001,C001,7,4340.0,2865.52
2025-12-27,P003,R001,C007,4,2480.0,1666.7
2025-12-27,P003,R001,C005,3,1860.0,1234.51
2025-12-27,P003,R002,C002,12,7440.0,5092.3
2025-12-27,P003,R002,C008,4,2480.0,1683.78
2025-12-27,P003,R003,C009,6,3720.0,2695.95
2025-12-27,P003,R003,C003,5,3100.0,2206.51
2025-12-27,P003,R004,C004,2,1240.0,858.82
2025-12-27,P003,R004,C010,2,1240.0,856.12
2025-12-27,P004,R001,C005,10,2400.0,1639.89
2025-12-27,P004,R001,C011,31,7440.0,4695.43
2025-12-27,P004,R001,C007,24,5760.0,3873.12
2025-12-27,P004,R002,C012,15,3600.0,2479.57
2025-12-27,P004,R002,C008,5,1200.0,741.72
2025-12-27,P004,R002,C006,5,1200.0,779.9
2025-12-27,P004,R002,C002,13,3120.0,2124.0
2025-12-27,P004,R003,C009,19,4560.0,2984.96
2025-12-27,P004,R003,C003,9,2160.0,1453.57
2025-12-27,P004,R004,C010,5,1200.0,792.94
2025-12-27,P004,R004,C004,6,1440.0,930.43
2025-12-27,P005,R001,C005,13,585.0,362.36
2025-12-27,P005,R001,C007,31,1395.0,858.59
2025-12-27,P005,R001,C011,39,1755.0,983.17
2025-12-27,P005,R001,C001,60,2700.0,1538.31
2025-12-27,P005,R002,C008,29,1305.0,768.79
2025-12-27,P005,R002,C012,52,2340.0,1403.67
2025-12-27,P005,R002,C002,65,2925.0,1688.57
2025-12-27,P005,R003,C003,31,1395.0,809.61
2025-12-27,P005,R003,C009,45,2025.0,1201.57
2025-12-27,P005,R004,C010,17,765.0,417.72
2025-12-27,P005,R004,C004,25,1125.0,643.08
2025-12-27,P006,R001,C005,13,1560.0,1053.1
2025-12-27,P006,R001,C011,45,5400.0,3523.96
2025-12-27,P006,R001,C001,58,6960.0,4177.71
2025-12-27,P006,R002,C012,47,5640.0,3673.84
2025-12-27,P006,R002,C002,35,4200.0,2724.29
2025-12-27,P006,R003,C003,24,2880.0,1741.98
2025-12-27,P006,R003,C009,30,3600.0,2381.43
2025-12-27,P006,R004,C004,12,1440.0,966.19
2025-12-27,P006,R004,C010,12,1440.0,954.24
2025-12-28,P001,R001,C007,12,4560.0,3217.51
2025-12-28,P001,R001,C001,20,7600.0,5169.11
2025-12-28,P001,R002,C012,6,2280.0,1566.28
2025-12-28,P001,R002,C006,4,1520.0,997.61
2025-12-28,P001,R002,C002,10,3800.0,2605.96
2025-12-28,P001,R002,C008,6,2280.0,1545.08
2025-12-28,P001,R003,C009,14,5320.0,3584.06
2025-12-28,P001,R003,C003,8,3040.0,2147.06
2025-12-28,P001,R004,C010,6,2280.0,1520.09
2025-12-28,P001,R004,C004,4,1520.0,1029.24
2025-12-28,P002,R001,C007,124,10540.0,6523.51
2025-12-28,P002,R001,C011,195,16575.0,10586.57
2025-12-28,P002,R002,C008,70,5950.0,3866.13
2025-12-28,P002,R002,C006,34,2890.0,1719.81
2025-12-28,P002,R002,C012,136,11560.0,7246.88
2025-12-28,P002,R003,C003,71,6035.0,3594.27
2025-12-28,P002,R003,C009,105,8925.0,5527.16
2025-12-28,P002,R004,C010,41,3485.0,2142.65
2025-12-28,P002,R004,C004,37,3145.0,1873.81
2025-12-28,P003,R001,C005,4,2480.0,1754.55
2025-12-28,P003,R001,C011,10,6200.0,4448.34
2025-12-28,P003,R002,C006,1,620.0,436.96
2025-12-28,P003,R002,C012,3,1860.0,1308.34
2025-12-28,P003,R002,C008,3,1860.0,1230.57
2025-12-28,P003,R002,C002,4,2480.0,1819.22
2025-12-28,P003,R003,C003,3,1860.0,1372.66
2025-12-28,P003,R003,C009,4,2480.0,1733.87
2025-12-28,P003,R004,C004,2,1240.0,889.0
2025-12-28,P003,R004,C010,2,1240.0,858.52
2025-12-28,P004,R001,C007,14,3360.0,2313.18
2025-12-28,P004,R001,C005,9,2160.0,1322.84
2025-12-28,P004,R001,C001,26,6240.0,4174.98
2025-12-28,P004,R001,C011,26,6240.0,4220.67
2025-12-28,P004,R002,C012,34,8160.0,5187.4
2025-12-28,P004,R002,C008,11,2640.0,1716.97
2025-12-28,P004,R003,C003,11,2640.0,1716.26
2025-12-28,P004,R003,C009,16,3840.0,2454.12
2025-12-28,P004,R004,C004,7,1680.0,1113.32
2025-12-28,P004,R004,C010,7,1680.0,1031.48
2025-12-28,P005,R001,C007,32,1440.0,831.97
2025-12-28,P005,R001,C005,20,900.0,530.87
2025-12-28,P005,R001,C011,72,3240.0,1864.57
2025-12-28,P005,R001,C001,65,2925.0,1803.5
2025-12-28,P005,R002,C002,33,1485.0,896.82
2025-12-28,P005,R002,C012,59,2655.0,1573.13
2025-12-28,P005,R003,C003,38,1710.0,961.38
2025-12-28,P005,R003,C009,69,3105.0,1881.06
2025-12-28,P005,R004,C010,15,675.0,404.13
2025-12-28,P005,R004,C004,28,1260.0,711.22
2025-12-28,P006,R001,C007,24,2880.0,1753.85
2025-12-28,P006,R001,C001,48,5760.0,3558.71
2025-12-28,P006,R001,C005,11,1320.0,802.06
2025-12-28,P006,R001,C011,36,4320.0,2712.09
2025-12-28,P006,R002,C002,24,2880.0,1887.96
2025-12-28,P006,R002,C012,28,3360.0,2151.04
2025-12-28,P006,R002,C006,7,840.0,552.97
2025-12-28,P006,R003,C009,29,3480.0,2190.22
2025-12-28,P006,R003,C003,17,2040.0,1314.66
2025-12-28,P006,R004,C004,9,1080.0,695.29
2025-12-28,P006,R004,C010,9,1080.0,712.69
2025-12-29,P001,R001,C005,15,5700.0,3748.92
2025-12-29,P001,R001,C001,45,17100.0,10959.58
2025-12-29,P001,R002,C008,13,4940.0,3342.99
2025-12-29,P001,R002,C012,23,8740.0,6113.21
2025-12-29,P001,R003,C003,9,3420.0,2258.1
2025-12-29,P001,R003,C009,23,8740.0,5946.96
2025-12-29,P001,R004,C004,7,2660.0,1780.31
2025-12-29,P001,R004,C010,8,3040.0,2163.86
2025-12-29,P002,R001,C007,58,4930.0,3230.99
2025-12-29,P002,R001,C005,66,5610.0,3264.66
2025-12-29,P002,R001,C011,125,10625.0,6868.39
2025-12-29,P002,R001,C001,165,14025.0,8538.22
2025-12-29,P002,R002,C002,123,10455.0,6406.94
2025-12-29,P002,R002,C012,133,11305.0,7026.86
2025-12-29,P002,R003,C009,97,8245.0,4893.05
2025-12-29,P002,R003,C003,97,8245.0,4920.51
2025-12-29,P002,R004,C004,46,3910.0,2547.45
2025-12-29,P002,R004,C010,30,2550.0,1519.86
2025-12-29,P003,R001,C001,13,8060.0,5777.41
2025-12-29,P003,R001,C011,15,9300.0,6540.07
2025-12-29,P003,R002,C006,5,3100.0,2141.38
2025-12-29,P003,R002,C012,11,6820.0,4608.38
2025-12-29,P003,R002,C008,8,4960.0,3614.73
2025-12-29,P003,R003,C003,5,3100.0,2133.9
2025-12-29,P003,R003,C009,10,6200.0,4234.12
2025-12-29,P003,R004,C004,4,2480.0,1795.64
2025-12-29,P003,R004,C010,4,2480.0,1763.2
2025-12-29,P004,R001,C001,40,9600.0,6069.72
2025-12-29,P004,R001,C007,31,7440.0,4567.02
2025-12-29,P004,R002,C006,14,3360.0,2281.45
2025-12-29,P004,R002,C008,29,6960.0,4797.85
2025-12-29,P004,R003,C003,19,4560.0,2861.47
2025-12-29,P004,R003,C009,25,6000.0,4005.12
2025-12-29,P004,R004,C010,10,2400.0,1527.2
2025-12-29,P004,R004,C004,13,3120.0,2030.57
2025-12-29,P005,R001,C005,34,1530.0,871.15
2025-12-29,P005,R001,C011,122,5490.0,2976.87
2025-12-29,P005,R001,C007,60,2700.0,1645.21
2025-12-29,P005,R001,C001,113,5085.0,2968.11
2025-12-29,P005,R002,C002,77,3465.0,1974.44
2025-12-29,P005,R002,C008,37,1665.0,968.44
2025-12-29,P005,R003,C003,62,2790.0,1726.97
2025-12-29,P005,R003,C009,66,2970.0,1607.86
2025-12-29,P005,R004,C004,30,1350.0,746.86
2025-12-29,P005,R004,C010,28,1260.0,683.92
2025-12-29,P006,R001,C005,17,2040.0,1312.68
2025-12-29,P006,R001,C011,53,6360.0,4123.33
2025-12-29,P006,R001,C007,28,3360.0,2085.66
2025-12-29,P006,R001,C001,31,3720.0,2443.47
2025-12-29,P006,R002,C002,41,4920.0,3336.19
2025-12-29,P006,R002,C008,25,3000.0,2019.36
2025-12-29,P006,R002,C006,12,1440.0,952.5
2025-12-29,P006,R002,C012,48,5760.0,3482.23
2025-12-29,P006,R003,C003,21,2520.0,1582.43
2025-12-29,P006,R003,C009,33,3960.0,2390.32
2025-12-29,P006,R004,C004,19,2280.0,1509.76
2025-12-29,P006,R004,C010,15,1800.0,1206.52
2025-12-30,P001,R001,C007,18,6840.0,4717.74
2025-12-30,P001,R001,C011,41,15580.0,10332.47
2025-12-30,P001,R002,C012,21,7980.0,5663.56
2025-12-30,P001,R002,C008,13,4940.0,3542.91
2025-12-30,P001,R002,C006,7,2660.0,1723.7
2025-12-30,P001,R003,C009,12,4560.0,3251.36
2025-12-30,P001,R003,C003,8,3040.0,2108.35
2025-12-30,P001,R004,C010,5,1900.0,1284.71
2025-12-30,P001,R004,C004,7,2660.0,1806.84
2025-12-30,P002,R001,C011,106,9010.0,5820.11
2025-12-30,P002,R001,C005,42,3570.0,2132.36
2025-12-30,P002,R001,C007,43,3655.0,2378.82
2025-12-30,P002,R001,C001,141,11985.0,7210.34
2025-12-30,P002,R002,C012,155,13175.0,8679.88
2025-12-30,P002,R002,C008,67,5695.0,3394.67
2025-12-30,P002,R003,C009,95,8075.0,4977.48
2025-12-30,P002,R003,C003,72,6120.0,3767.22
2025-12-30,P002,R004,C010,34,2890.0,1861.9
2025-12-30,P002,R004,C004,50,4250.0,2764.77
2025-12-30,P003,R001,C011,14,8680.0,5853.9
2025-12-30,P003,R001,C005,6,3720.0,2519.23
2025-12-30,P003,R001,C001,15,9300.0,6157.88
2025-12-30,P003,R002,C006,5,3100.0,2076.32
2025-12-30,P003,R002,C002,13,8060.0,5783.83
2025-12-30,P003,R003,C003,5,3100.0,2229.79
2025-12-30,P003,R003,C009,10,6200.0,4272.05
2025-12-30,P003,R004,C010,3,1860.0,1357.97
2025-12-30,P003,R004,C004,3,1860.0,1310.99
2025-12-30,P004,R001,C011,37,8880.0,6112.69
2025-12-30,P004,R001,C005,13,3120.0,2134.98
2025-12-30,P004,R001,C007,14,3360.0,2189.5
2025-12-30,P004,R001,C001,35,8400.0,5485.31
2025-12-30,P004,R002,C002,27,6480.0,4103.75
2025-12-30,P004,R002,C008,17,4080.0,2679.39
2025-12-30,P004,R002,C012,19,4560.0,2970.77
2025-12-30,P004,R003,C009,37,8880.0,5542.1
2025-12-30,P004,R003,C003,14,3360.0,2269.4
2025-12-30,P004,R004,C004,8,1920.0,1251.61
2025-12-30,P004,R004,C010,9,2160.0,1488.81
2025-12-30,P005,R001,C005,25,1125.0,661.24
2025-12-30,P005,R001,C007,27,1215.0,690.38
2025-12-30,P005,R001,C011,88,3960.0,2235.16
2025-12-30,P005,R001,C001,54,2430.0,1396.36
2025-12-30,P005,R002,C008,60,2700.0,1563.11
2025-12-30,P005,R002,C012,96,4320.0,2607.64
2025-12-30,P005,R003,C003,52,2340.0,1287.24
2025-12-30,P005,R003,C009,79,3555.0,1958.09
2025-12-30,P005,R004,C010,32,1440.0,881.2
2025-12-30,P005,R004,C004,35,1575.0,959.5
2025-12-30,P006,R001,C007,22,2640.0,1696.13
2025-12-30,P006,R001,C001,51,6120.0,3757.73
2025-12-30,P006,R001,C011,70,8400.0,5364.54
2025-12-30,P006,R002,C008,32,3840.0,2504.56
2025-12-30,P006,R002,C002,86,10320.0,6243.61
2025-12-30,P006,R003,C009,50,6000.0,3686.98
2025-12-30,P006,R003,C003,35,4200.0,2794.03
2025-12-30,P006,R004,C010,14,1680.0,1012.72
2025-12-30,P006,R004,C004,20,2400.0,1623.17
2025-12-31,P001,R001,C001,19,7220.0,4810.74
2025-12-31,P001,R001,C011,30,11400.0,7339.54
2025-12-31,P001,R002,C012,10,3800.0,2519.1
2025-12-31,P001,R002,C006,6,2280.0,1601.07
2025-12-31,P001,R002,C002,11,4180.0,2712.41
2025-12-31,P001,R002,C008,9,3420.0,2226.13
2025-12-31,P001,R003,C009,15,5700.0,3793.13
2025-12-31,P001,R003,C003,11,4180.0,2938.6
2025-12-31,P001,R004,C004,6,2280.0,1545.66
2025-12-31,P001,R004,C010,8,3040.0,2012.92
2025-12-31,P002,R001,C007,123,10455.0,6427.93
2025-12-31,P002,R001,C001,277,23545.0,14656.64
2025-12-31,P002,R001,C005,57,4845.0,3045.27
2025-12-31,P002,R002,C012,199,16915.0,10486.49
2025-12-31,P002,R002,C008,81,6885.0,4079.75
2025-12-31,P002,R002,C006,62,5270.0,3376.15
2025-12-31,P002,R003,C003,96,8160.0,5047.76
2025-12-31,P002,R003,C009,152,12920.0,7679.3
2025-12-31,P002,R004,C004,60,5100.0,2997.26
2025-12-31,P002,R004,C010,32,2720.0,1652.38
2025-12-31,P003,R001,C011,17,10540.0,7199.7
2025-12-31,P003,R001,C007,7,4340.0,3044.52
2025-12-31,P003,R001,C005,7,4340.0,2879.28
2025-12-31,P003,R002,C012,6,3720.0,2580.7
2025-12-31,P003,R002,C008,3,1860.0,1294.16
2025-12-31,P003,R002,C002,5,3100.0,2176.02
2025-12-31,P003,R002,C006,2,1240.0,836.95
2025-12-31,P003,R003,C009,9,5580.0,3961.92
2025-12-31,P003,R003,C003,4,2480.0,1705.2
2025-12-31,P003,R004,C004,3,1860.0,1258.68
2025-12-31,P003,R004,C010,2,1240.0,830.79
2025-12-31,P004,R001,C005,12,2880.0,1970.19
2025-12-31,P004,R001,C011,45,10800.0,6992.59
2025-12-31,P004,R001,C007,19,4560.0,2801.57
2025-12-31,P004,R002,C008,9,2160.0,1402.01
2025-12-31,P004,R002,C006,5,1200.0,763.95
2025-12-31,P004,R002,C012,17,4080.0,2659.08
2025-12-31,P004,R002,C002,14,3360.0,2176.5
2025-12-31,P004,R003,C003,14,3360.0,2109.52
2025-12-31,P004,R003,C009,29,6960.0,4350.59
2025-12-31,P004,R004,C010,7,1680.0,1092.46
2025-12-31,P004,R004,C004,12,2880.0,1869.66
2025-12-31,P005,R001,C001,64,2880.0,1774.39
2025-12-31,P005,R001,C011,71,3195.0,1873.28
2025-12-31,P005,R001,C005,22,990.0,600.34
2025-12-31,P005,R001,C007,51,2295.0,1342.73
2025-12-31,P005,R002,C002,54,2430.0,1347.9
2025-12-31,P005,R002,C012,52,2340.0,1312.95
2025-12-31,P005,R002,C006,19,855.0,514.3
2025-12-31,P005,R003,C003,56,2520.0,1392.66
2025-12-31,P005,R003,C009,79,3555.0,2149.17
2025-12-31,P005,R004,C010,25,1125.0,656.8
2025-12-31,P005,R004,C004,23,1035.0,580.97
2025-12-31,P006,R001,C005,18,2160.0,1329.22
2025-12-31,P006,R001,C007,31,3720.0,2344.42
2025-12-31,P006,R001,C011,80,9600.0,6012.39
2025-12-31,P006,R002,C008,23,2760.0,1744.56
2025-12-31,P006,R002,C012,43,5160.0,3384.46
2025-12-31,P006,R002,C002,40,4800.0,2956.54
2025-12-31,P006,R002,C006,11,1320.0,800.01
2025-12-31,P006,R003,C009,32,3840.0,2462.91
2025-12-31,P006,R003,C003,22,2640.0,1711.01
2025-12-31,P006,R004,C010,15,1800.0,1183.11
2025-12-31,P006,R004,C004,18,2160.0,1463.71
2026-01-01,P001,R001,C001,40,15200.0,10916.92
2026-01-01,P001,R001,C005,18,6840.0,4631.71
2026-01-01,P001,R002,C002,10,3800.0,2575.15
2026-01-01,P001,R002,C008,8,3040.0,2130.62
2026-01-01,P001,R002,C006,3,1140.0,752.62
2026-01-01,P001,R002,C012,17,6460.0,4620.23
2026-01-01,P001,R003,C009,14,5320.0,3483.23
2026-01-01,P001,R003,C003,15,5700.0,4011.75
2026-01-01,P001,R004,C010,8,3040.0,2172.69
2026-01-01,P001,R004,C004,8,3040.0,2163.36
2026-01-01,P002,R001,C011,230,19550.0,12047.98
2026-01-01,P002,R001,C001,199,16915.0,9969.97
2026-01-01,P002,R002,C008,46,3910.0,2469.99
2026-01-01,P002,R002,C002,96,8160.0,5310.4
2026-01-01,P002,R002,C012,111,9435.0,5641.07
2026-01-01,P002,R003,C009,136,11560.0,6723.47
2026-01-01,P002,R003,C003,69,5865.0,3594.18
2026-01-01,P002,R004,C010,28,2380.0,1417.89
2026-01-01,P002,R004,C004,43,3655.0,2364.0
2026-01-01,P003,R001,C007,8,4960.0,3513.4
2026-01-01,P003,R001,C011,18,11160.0,8222.1
2026-01-01,P003,R002,C006,2,1240.0,857.28
2026-01-01,P003,R002,C002,6,3720.0,2667.44
2026-01-01,P003,R002,C008,4,2480.0,1775.39
2026-01-01,P003,R002,C012,7,4340.0,3044.73
2026-01-01,P003,R003,C003,6,3720.0,2485.37
2026-01-01,P003,R003,C009,11,6820.0,4588.07
2026-01-01,P003,R004,C004,3,1860.0,1328.86
2026-01-01,P003,R004,C010,2,1240.0,827.74
2026-01-01,P004,R001,C005,27,6480.0,4093.66
2026-01-01,P004,R001,C001,63,15120.0,10210.66
2026-01-01,P004,R002,C008,8,1920.0,1225.89
2026-01-01,P004,R002,C006,6,1440.0,886.45
2026-01-01,P004,R002,C002,21,5040.0,3252.34
2026-01-01,P004,R002,C012,17,4080.0,2574.83
2026-01-01,P004,R003,C003,18,4320.0,2871.37
2026-01-01,P004,R003,C009,17,4080.0,2732.56
2026-01-01,P004,R004,C004,13,3120.0,1949.26
2026-01-01,P004,R004,C010,8,1920.0,1294.62
2026-01-01,P005,R001,C005,29,1305.0,738.12
2026-01-01,P005,R001,C001,91,4095.0,2488.76
2026-01-01,P005,R001,C011,118,5310.0,2982.35
2026-01-01,P005,R002,C012,121,5445.0,2941.39
2026-01-01,P005,R002,C006,37,1665.0,981.46
2026-01-01,P005,R003,C003,64,2880.0,1727.57
2026-01-01,P005,R003,C009,100,4500.0,2495.82
2026-01-01,P005,R004,C004,25,1125.0,645.47
2026-01-01,P005,R004,C010,29,1305.0,718.97
2026-01-01,P006,R001,C005,28,3360.0,2241.67
2026-01-01,P006,R001,C007,27,3240.0,2029.51
2026-01-01,P006,R001,C011,73,8760.0,5414.83
2026-01-01,P006,R002,C012,78,9360.0,5755.94
2026-01-01,P006,R002,C006,26,3120.0,2036.44
2026-01-01,P006,R003,C009,46,5520.0,3588.83
2026-01-01,P006,R003,C003,29,3480.0,2120.65
2026-01-01,P006,R004,C004,18,2160.0,1378.77
2026-01-01,P006,R004,C010,15,1800.0,1181.62
2026-01-02,P001,R001,C005,8,3040.0,2041.64
2026-01-02,P001,R001,C001,17,6460.0,4487.56
2026-01-02,P001,R001,C007,13,4940.0,3217.21
2026-01-02,P001,R001,C011,18,6840.0,4746.43
2026-01-02,P001,R002,C012,21,7980.0,5402.9
2026-01-02,P001,R002,C006,8,3040.0,2148.91
2026-01-02,P001,R003,C003,8,3040.0,2122.54
2026-01-02,P001,R003,C009,17,6460.0,4206.2
2026-01-02,P001,R004,C010,7,2660.0,1911.53
2026-01-02,P001,R004,C004,9,3420.0,2360.09
2026-01-02,P002,R001,C005,42,3570.0,2077.39
2026-01-02,P002,R001,C011,177,15045.0,9392.81
2026-01-02,P002,R001,C001,146,12410.0,7558.93
2026-01-02,P002,R001,C007,96,8160.0,4936.95
2026-01-02,P002,R002,C012,126,10710.0,6672.21
2026-01-02,P002,R002,C008,47,3995.0,2534.78
2026-01-02,P002,R002,C006,26,2210.0,1365.7
2026-01-02,P002,R002,C002,81,6885.0,4194.85
2026-01-02,P002,R003,C003,59,5015.0,3258.72
2026-01-02,P002,R003,C009,106,9010.0,5619.12
2026-01-02,P002,R004,C010,38,3230.0,2103.15
2026-01-02,P002,R004,C004,50,4250.0,2792.32
2026-01-02,P003,R001,C001,15,9300.0,6295.01
2026-01-02,P003,R001,C005,4,2480.0,1825.78
2026-01-02,P003,R001,C011,15,9300.0,6783.0
2026-01-02,P003,R002,C006,3,1860.0,1330.62
2026-01-02,P003,R002,C012,8,4960.0,3377.83
2026-01-02,P003,R002,C008,4,2480.0,1810.15
2026-01-02,P003,R003,C003,5,3100.0,2161.42
2026-01-02,P003,R003,C009,10,6200.0,4276.28
2026-01-02,P003,R004,C010,2,1240.0,855.61
2026-01-02,P003,R004,C004,4,2480.0,1777.99
2026-01-02,P004,R001,C005,11,2640.0,1630.97
2026-01-02,P004,R001,C011,38,9120.0,5707.81
2026-01-02,P004,R001,C007,18,4320.0,2877.93
2026-01-02,P004,R001,C001,25,6000.0,3693.85
2026-01-02,P004,R002,C002,24,5760.0,3565.89
2026-01-02,P004,R002,C008,8,1920.0,1224.99
2026-01-02,P004,R002,C006,7,1680.0,1067.23
2026-01-02,P004,R002,C012,25,6000.0,3713.68
2026-01-02,P004,R003,C009,31,7440.0,5030.28
2026-01-02,P004,R003,C003,18,4320.0,2682.46
2026-01-02,P004,R004,C010,7,1680.0,1035.69
2026-01-02,P004,R004,C004,11,2640.0,1753.83
2026-01-02,P005,R001,C001,104,4680.0,2841.22
2026-01-02,P005,R001,C011,83,3735.0,2156.17
2026-01-02,P005,R001,C005,31,1395.0,846.96
2026-01-02,P005,R002,C008,32,1440.0,852.29
2026-01-02,P005,R002,C002,54,2430.0,1460.47
2026-01-02,P005,R002,C006,22,990.0,544.96
2026-01-02,P005,R003,C003,40,1800.0,1020.97
2026-01-02,P005,R003,C009,65,2925.0,1701.01
2026-01-02,P005,R004,C004,34,1530.0,877.06
2026-01-02,P005,R004,C010,33,1485.0,859.53
2026-01-02,P006,R001,C011,68,8160.0,5073.75
2026-01-02,P006,R001,C001,74,8880.0,5652.91
2026-01-02,P006,R002,C002,27,3240.0,2192.72
2026-01-02,P006,R002,C006,12,1440.0,935.74
2026-01-02,P006,R002,C012,34,4080.0,2733.09
2026-01-02,P006,R003,C009,40,4800.0,2905.94
2026-01-02,P006,R003,C003,23,2760.0,1737.69
2026-01-02,P006,R004,C010,13,1560.0,1032.56
2026-01-02,P006,R004,C004,23,2760.0,1858.4
2026-01-03,P001,R001,C007,23,8740.0,5832.01
2026-01-03,P001,R001,C005,18,6840.0,4834.16
2026-01-03,P001,R002,C006,7,2660.0,1731.6
2026-01-03,P001,R002,C002,12,4560.0,2994.51
2026-01-03,P001,R003,C003,6,2280.0,1520.64
2026-01-03,P001,R003,C009,14,5320.0,3674.7
2026-01-03,P001,R004,C004,3,1140.0,757.5
2026-01-03,P001,R004,C010,3,1140.0,740.63
2026-01-03,P002,R001,C011,92,7820.0,4782.76
2026-01-03,P002,R001,C005,25,2125.0,1300.77
2026-01-03,P002,R001,C001,71,6035.0,3532.28
2026-01-03,P002,R001,C007,42,3570.0,2245.06
2026-01-03,P002,R002,C006,26,2210.0,1336.62
2026-01-03,P002,R002,C002,106,9010.0,5689.16
2026-01-03,P002,R002,C008,32,2720.0,1621.16
2026-01-03,P002,R003,C009,94,7990.0,4921.52
2026-01-03,P002,R003,C003,70,5950.0,3552.14
2026-01-03,P002,R004,C010,23,1955.0,1156.06
2026-01-03,P002,R004,C004,42,3570.0,2218.13
2026-01-03,P003,R001,C001,6,3720.0,2492.45
2026-01-03,P003,R001,C011,8,4960.0,3546.8
2026-01-03,P003,R001,C005,3,1860.0,1373.33
2026-01-03,P003,R002,C002,4,2480.0,1678.47
2026-01-03,P003,R002,C008,2,1240.0,876.3
2026-01-03,P003,R002,C006,1,620.0,445.74
2026-01-03,P003,R002,C012,4,2480.0,1798.32
2026-01-03,P003,R003,C009,5,3100.0,2086.6
2026-01-03,P003,R003,C003,3,1860.0,1306.08
2026-01-03,P003,R004,C010,1,620.0,439.39
2026-01-03,P003,R004,C004,3,1860.0,1261.74
2026-01-03,P004,R001,C001,25,6000.0,3764.53
2026-01-03,P004,R001,C007,10,2400.0,1620.86
2026-01-03,P004,R001,C005,9,2160.0,1444.56
2026-01-03,P004,R001,C011,19,4560.0,2832.23
2026-01-03,P004,R002,C006,6,1440.0,952.84
2026-01-03,P004,R002,C008,7,1680.0,1090.58
2026-01-03,P004,R002,C002,12,2880.0,1944.01
2026-01-03,P004,R002,C012,10,2400.0,1599.11
2026-01-03,P004,R003,C003,9,2160.0,1417.28
2026-01-03,P004,R003,C009,15,3600.0,2279.67
2026-01-03,P004,R004,C010,6,1440.0,968.4
2026-01-03,P004,R004,C004,6,1440.0,898.45
2026-01-03,P005,R001,C005,25,1125.0,642.08
2026-01-03,P005,R001,C011,57,2565.0,1398.26
2026-01-03,P005,R001,C001,73,3285.0,1873.14
2026-01-03,P005,R001,C007,22,990.0,583.51
2026-01-03,P005,R002,C006,10,450.0,251.52
2026-01-03,P005,R002,C012,49,2205.0,1300.09
2026-01-03,P005,R002,C002,36,1620.0,987.62
2026-01-03,P005,R002,C008,22,990.0,546.4
2026-01-03,P005,R003,C009,31,1395.0,827.54
2026-01-03,P005,R003,C003,25,1125.0,644.94
2026-01-03,P005,R004,C004,20,900.0,520.67
2026-01-03,P005,R004,C010,20,900.0,486.02
2026-01-03,P006,R001,C005,11,1320.0,823.71
2026-01-03,P006,R001,C011,29,3480.0,2204.17
2026-01-03,P006,R001,C007,26,3120.0,1963.76
2026-01-03,P006,R002,C006,10,1200.0,758.25
2026-01-03,P006,R002,C002,28,3360.0,2075.85
2026-01-03,P006,R002,C012,23,2760.0,1751.68
2026-01-03,P006,R003,C009,24,2880.0,1956.06
2026-01-03,P006,R003,C003,18,2160.0,1405.9
2026-01-03,P006,R004,C010,12,1440.0,934.6
2026-01-03,P006,R004,C004,13,1560.0,956.78
2026-01-04,P001,R001,C001,10,3800.0,2507.31
2026-01-04,P001,R001,C007,6,2280.0,1468.91
2026-01-04,P001,R001,C005,5,1900.0,1281.15
2026-01-04,P001,R001,C011,9,3420.0,2450.56
2026-01-04,P001,R002,C008,6,2280.0,1626.74
2026-01-04,P001,R002,C006,5,1900.0,1235.01
2026-01-04,P001,R002,C002,15,5700.0,3936.44
2026-01-04,P001,R003,C003,7,2660.0,1913.39
2026-01-04,P001,R003,C009,8,3040.0,2092.23
2026-01-04,P001,R004,C010,5,1900.0,1289.23
2026-01-04,P001,R004,C004,5,1900.0,1254.57
2026-01-04,P002,R001,C007,74,6290.0,3781.24
2026-01-04,P002,R001,C001,89,7565.0,4950.01
2026-01-04,P002,R001,C005,38,3230.0,1984.08
2026-01-04,P002,R002,C006,24,2040.0,1198.31
2026-01-04,P002,R002,C002,56,4760.0,2929.96
2026-01-04,P002,R002,C008,24,2040.0,1277.24
2026-01-04,P002,R002,C012,59,5015.0,3164.35
2026-01-04,P002,R003,C009,44,3740.0,2213.14
2026-01-04,P002,R003,C003,36,3060.0,1958.57
2026-01-04,P002,R004,C010,31,2635.0,1581.64
2026-01-04,P002,R004,C004,39,3315.0,2187.08
2026-01-04,P003,R001,C001,10,6200.0,4135.77
2026-01-04,P003,R001,C005,4,2480.0,1772.02
2026-01-04,P003,R002,C006,3,1860.0,1338.98
2026-01-04,P003,R002,C002,11,6820.0,4696.34
2026-01-04,P003,R003,C009,6,3720.0,2677.08
2026-01-04,P003,R003,C003,4,2480.0,1688.48
2026-01-04,P003,R004,C010,2,1240.0,819.35
2026-01-04,P003,R004,C004,2,1240.0,884.98
2026-01-04,P004,R001,C011,18,4320.0,2793.13
2026-01-04,P004,R001,C001,19,4560.0,3000.68
2026-01-04,P004,R001,C005,8,1920.0,1312.2
2026-01-04,P004,R001,C007,13,3120.0,1920.13
2026-01-04,P004,R002,C006,13,3120.0,2036.01
2026-01-04,P004,R002,C008,21,5040.0,3162.6
2026-01-04,P004,R003,C009,12,2880.0,1877.98
2026-01-04,P004,R003,C003,7,1680.0,1061.03
2026-01-04,P004,R004,C004,6,1440.0,905.41
2026-01-04,P004,R004,C010,4,960.0,603.94
2026-01-04,P005,R001,C007,28,1260.0,762.39
2026-01-04,P005,R001,C005,17,765.0,465.1
2026-01-04,P005,R001,C011,42,1890.0,1157.77
2026-01-04,P005,R001,C001,34,1530.0,841.28
2026-01-04,P005,R002,C002,66,2970.0,1681.95
2026-01-04,P005,R002,C006,22,990.0,593.39
2026-01-04,P005,R003,C003,26,1170.0,700.08
2026-01-04,P005,R003,C009,34,1530.0,875.12
2026-01-04,P005,R004,C004,20,900.0,542.93
2026-01-04,P005,R004,C010,16,720.0,390.07
2026-01-04,P006,R001,C001,33,3960.0,2657.95
2026-01-04,P006,R001,C007,25,3000.0,1801.04
2026-01-04,P006,R001,C005,15,1800.0,1162.41
2026-01-04,P006,R002,C012,33,3960.0,2397.37
2026-01-04,P006,R002,C002,28,3360.0,2197.95
2026-01-04,P006,R003,C009,29,3480.0,2178.45
2026-01-04,P006,R003,C003,17,2040.0,1301.85
2026-01-04,P006,R004,C010,8,960.0,598.17
2026-01-04,P006,R004,C004,17,2040.0,1315.72
2026-01-05,P001,R001,C005,9,3420.0,2434.42
2026-01-05,P001,R001,C007,10,3800.0,2649.78
2026-01-05,P001,R001,C001,31,11780.0,8334.58
2026-01-05,P001,R002,C012,9,3420.0,2265.51
2026-01-05,P001,R002,C002,11,4180.0,2786.31
2026-01-05,P001,R002,C008,7,2660.0,1793.72
2026-01-05,P001,R002,C006,4,1520.0,987.45
2026-01-05,P001,R003,C003,10,3800.0,2459.61
2026-01-05,P001,R003,C009,14,5320.0,3700.9
2026-01-05,P001,R004,C010,6,2280.0,1585.96
2026-01-05,P001,R004,C004,7,2660.0,1878.3
2026-01-05,P002,R001,C005,141,11985.0,7675.33
2026-01-05,P002,R001,C007,223,18955.0,11578.84
2026-01-05,P002,R002,C002,155,13175.0,8027.12
2026-01-05,P002,R002,C006,83,7055.0,4466.42
2026-01-05,P002,R003,C003,49,4165.0,2508.39
2026-01-05,P002,R003,C009,89,7565.0,4900.11
2026-01-05,P002,R004,C010,35,2975.0,1844.95
2026-01-05,P002,R004,C004,33,2805.0,1660.84
2026-01-05,P003,R001,C007,7,4340.0,2964.98
2026-01-05,P003,R001,C001,18,11160.0,7554.01
2026-01-05,P003,R002,C008,10,6200.0,4575.31
2026-01-05,P003,R002,C006,10,6200.0,4239.53
2026-01-05,P003,R003,C009,10,6200.0,4344.8
2026-01-05,P003,R003,C003,6,3720.0,2581.73
2026-01-05,P003,R004,C004,4,2480.0,1818.68
2026-01-05,P003,R004,C010,3,1860.0,1288.27
2026-01-05,P004,R001,C007,24,5760.0,3889.88
2026-01-05,P004,R001,C001,44,10560.0,7115.59
2026-01-05,P004,R001,C011,29,6960.0,4262.49
2026-01-05,P004,R002,C002,20,4800.0,3089.23
2026-01-05,P004,R002,C008,7,1680.0,1128.66
2026-01-05,P004,R002,C006,5,1200.0,788.65
2026-01-05,P004,R002,C012,16,3840.0,2645.54
2026-01-05,P004,R003,C003,17,4080.0,2501.22
2026-01-05,P004,R003,C009,28,6720.0,4376.85
2026-01-05,P004,R004,C004,8,1920.0,1311.2
2026-01-05,P004,R004,C010,8,1920.0,1231.86
2026-01-05,P005,R001,C011,106,4770.0,2841.78
2026-01-05,P005,R001,C001,91,4095.0,2266.26
2026-01-05,P005,R002,C008,23,1035.0,563.67
2026-01-05,P005,R002,C002,42,1890.0,1113.29
2026-01-05,P005,R002,C006,22,990.0,612.79
2026-01-05,P005,R002,C012,47,2115.0,1148.79
2026-01-05,P005,R003,C003,45,2025.0,1254.59
2026-01-05,P005,R003,C009,67,3015.0,1772.16
2026-01-05,P005,R004,C004,25,1125.0,615.0
2026-01-05,P005,R004,C010,33,1485.0,830.95
2026-01-05,P006,R001,C001,87,10440.0,6861.95
2026-01-05,P006,R001,C005,32,3840.0,2554.54
2026-01-05,P006,R001,C007,40,4800.0,3046.78
2026-01-05,P006,R002,C008,18,2160.0,1323.53
2026-01-05,P006,R002,C006,9,1080.0,650.18
2026-01-05,P006,R002,C002,23,2760.0,1705.35
2026-01-05,P006,R002,C012,33,3960.0,2656.49
2026-01-05,P006,R003,C009,54,6480.0,4061.13
2026-01-05,P006,R003,C003,38,4560.0,2889.85
2026-01-05,P006,R004,C010,13,1560.0,1007.71
2026-01-05,P006,R004,C004,19,2280.0,1446.11
2026-01-06,P001,R001,C001,28,10640.0,7321.16
2026-01-06,P001,R001,C007,11,4180.0,2822.08
2026-01-06,P001,R001,C011,20,7600.0,5181.94
2026-01-06,P001,R002,C012,16,6080.0,4108.47
2026-01-06,P001,R002,C008,10,3800.0,2526.05
2026-01-06,P001,R002,C002,19,7220.0,4846.59
2026-01-06,P001,R003,C003,12,4560.0,2931.63
2026-01-06,P001,R003,C009,14,5320.0,3528.09
2026-01-06,P001,R004,C004,6,2280.0,1545.81
2026-01-06,P001,R004,C010,5,1900.0,1306.62
2026-01-06,P002,R001,C011,106,9010.0,5702.31
2026-01-06,P002,R001,C005,59,5015.0,3121.17
2026-01-06,P002,R001,C001,120,10200.0,6229.49
2026-01-06,P002,R001,C007,79,6715.0,4134.51
2026-01-06,P002,R002,C006,19,1615.0,964.06
2026-01-06,P002,R002,C012,64,5440.0,3300.23
2026-01-06,P002,R002,C008,39,3315.0,2175.34
2026-01-06,P002,R002,C002,60,5100.0,2983.59
2026-01-06,P002,R003,C009,136,11560.0,7081.18
2026-01-06,P002,R003,C003,88,7480.0,4412.52
2026-01-06,P002,R004,C004,33,2805.0,1696.85
2026-01-06,P002,R004,C010,39,3315.0,2176.11
2026-01-06,P003,R001,C005,5,3100.0,2192.22
2026-01-06,P003,R001,C007,11,6820.0,4554.93
2026-01-06,P003,R001,C001,21,13020.0,9533.87
2026-01-06,P003,R002,C006,8,4960.0,3328.29
2026-01-06,P003,R002,C008,11,6820.0,4551.24
2026-01-06,P003,R003,C003,4,2480.0,1825.03
2026-01-06,P003,R003,C009,6,3720.0,2735.18
2026-01-06,P003,R004,C010,3,1860.0,1248.2
2026-01-06,P003,R004,C004,3,1860.0,1350.81
2026-01-06,P004,R001,C001,48,11520.0,7417.72
2026-01-06,P004,R001,C007,24,5760.0,3905.94
2026-01-06,P004,R001,C005,10,2400.0,1510.28
2026-01-06,P004,R002,C006,8,1920.0,1292.91
2026-01-06,P004,R002,C002,22,5280.0,3333.15
2026-01-06,P004,R002,C012,19,4560.0,2964.79
2026-01-06,P004,R003,C003,18,4320.0,2684.16
2026-01-06,P004,R003,C009,20,4800.0,2939.97
2026-01-06,P004,R004,C010,8,1920.0,1295.06
2026-01-06,P004,R004,C004,9,2160.0,1464.14
2026-01-06,P005,R001,C007,79,3555.0,1995.3
2026-01-06,P005,R001,C011,117,5265.0,2925.68
2026-01-06,P005,R002,C002,95,4275.0,2328.16
2026-01-06,P005,R002,C008,44,1980.0,1114.74
2026-01-06,P005,R003,C009,63,2835.0,1573.68
2026-01-06,P005,R003,C003,44,1980.0,1087.48
2026-01-06,P005,R004,C004,24,1080.0,637.51
2026-01-06,P005,R004,C010,18,810.0,453.71
2026-01-06,P006,R001,C005,21,2520.0,1643.7
2026-01-06,P006,R001,C011,65,7800.0,5163.21
2026-01-06,P006,R001,C007,32,3840.0,2412.1
2026-01-06,P006,R001,C001,36,4320.0,2598.88
2026-01-06,P006,R002,C006,13,1560.0,1024.0
2026-01-06,P006,R002,C002,22,2640.0,1646.65
2026-01-06,P006,R002,C012,34,4080.0,2542.17
2026-01-06,P006,R002,C008,15,1800.0,1179.51
2026-01-06,P006,R003,C009,56,6720.0,4559.49
2026-01-06,P006,R003,C003,28,3360.0,2250.16
2026-01-06,P006,R004,C004,15,1800.0,1176.14
2026-01-06,P006,R004,C010,11,1320.0,799.63
2026-01-07,P001,R001,C011,26,9880.0,6779.09
2026-01-07,P001,R001,C001,21,7980.0,5388.11
2026-01-07,P001,R001,C005,7,2660.0,1742.04
2026-01-07,P001,R002,C002,12,4560.0,3073.66
2026-01-07,P001,R002,C008,4,1520.0,1054.34
2026-01-07,P001,R002,C006,3,1140.0,793.93
2026-01-07,P001,R002,C012,13,4940.0,3290.51
2026-01-07,P001,R003,C009,19,7220.0,4813.24
2026-01-07,P001,R003,C003,8,3040.0,2006.23
2026-01-07,P001,R004,C010,5,1900.0,1223.75
2026-01-07,P001,R004,C004,10,3800.0,2696.72
2026-01-07,P002,R001,C007,65,5525.0,3598.74
2026-01-07,P002,R001,C001,178,15130.0,9793.92
2026-01-07,P002,R001,C011,102,8670.0,5586.34
2026-01-07,P002,R001,C005,42,3570.0,2327.54
2026-01-07,P002,R002,C002,56,4760.0,3092.65
2026-01-07,P002,R002,C012,83,7055.0,4214.8
2026-01-07,P002,R002,C006,24,2040.0,1198.69
2026-01-07,P002,R002,C008,29,2465.0,1570.11
2026-01-07,P002,R003,C003,85,7225.0,4656.76
2026-01-07,P002,R003,C009,150,12750.0,7509.48
2026-01-07,P002,R004,C004,33,2805.0,1704.4
2026-01-07,P002,R004,C010,40,3400.0,2058.07
2026-01-07,P003,R001,C005,6,3720.0,2583.58
2026-01-07,P003,R001,C011,14,8680.0,6286.21
2026-01-07,P003,R001,C007,8,4960.0,3597.7
2026-01-07,P003,R002,C012,5,3100.0,2151.87
2026-01-07,P003,R002,C002,5,3100.0,2236.83
2026-01-07,P003,R002,C008,3,1860.0,1231.47
2026-01-07,P003,R002,C006,2,1240.0,870.16
2026-01-07,P003,R003,C003,5,3100.0,2102.33
2026-01-07,P003,R003,C009,5,3100.0,2159.82
2026-01-07,P003,R004,C010,3,1860.0,1332.07
2026-01-07,P003,R004,C004,4,2480.0,1725.8
2026-01-07,P004,R001,C011,27,6480.0,4205.58
2026-01-07,P004,R001,C001,35,8400.0,5236.91
2026-01-07,P004,R001,C005,8,1920.0,1194.31
2026-01-07,P004,R001,C007,11,2640.0,1797.22
2026-01-07,P004,R002,C008,19,4560.0,2797.92
2026-01-07,P004,R002,C006,8,1920.0,1280.3
2026-01-07,P004,R002,C002,31,7440.0,4731.27
2026-01-07,P004,R003,C003,14,3360.0,2194.68
2026-01-07,P004,R003,C009,21,5040.0,3460.15
2026-01-07,P004,R004,C004,14,3360.0,2120.57
2026-01-07,P004,R004,C010,10,2400.0,1652.23
2026-01-07,P005,R001,C001,93,4185.0,2382.97
2026-01-07,P005,R001,C011,66,2970.0,1719.78
2026-01-07,P005,R001,C005,22,990.0,557.61
2026-01-07,P005,R002,C002,54,2430.0,1387.11
2026-01-07,P005,R002,C006,18,810.0,499.87
2026-01-07,P005,R002,C008,21,945.0,532.88
2026-01-07,P005,R002,C012,63,2835.0,1688.26
2026-01-07,P005,R003,C009,50,2250.0,1251.47
2026-01-07,P005,R003,C003,43,1935.0,1146.13
2026-01-07,P005,R004,C010,33,1485.0,886.05
2026-01-07,P005,R004,C004,29,1305.0,756.15
2026-01-07,P006,R001,C007,46,5520.0,3729.07
2026-01-07,P006,R001,C001,78,9360.0,6015.14
2026-01-07,P006,R002,C012,43,5160.0,3285.41
2026-01-07,P006,R002,C008,16,1920.0,1281.53
2026-01-07,P006,R002,C006,15,1800.0,1175.77
2026-01-07,P006,R002,C002,50,6000.0,4015.03
2026-01-07,P006,R003,C003,31,3720.0,2420.05
2026-01-07,P006,R003,C009,36,4320.0,2696.53
2026-01-07,P006,R004,C010,12,1440.0,877.15
2026-01-07,P006,R004,C004,15,1800.0,1088.87
2026-01-08,P001,R001,C001,17,6460.0,4499.08
2026-01-08,P001,R001,C007,15,5700.0,4038.57
2026-01-08,P001,R001,C005,8,3040.0,2055.28
2026-01-08,P001,R001,C011,22,8360.0,5948.47
2026-01-08,P001,R002,C006,7,2660.0,1840.21
2026-01-08,P001,R002,C008,10,3800.0,2469.43
2026-01-08,P001,R002,C002,19,7220.0,5057.45
2026-01-08,P001,R003,C003,13,4940.0,3517.92
2026-01-08,P001,R003,C009,17,6460.0,4168.64
2026-01-08,P001,R004,C010,6,2280.0,1517.55
2026-01-08,P001,R004,C004,7,2660.0,1756.17
2026-01-08,P002,R001,C007,73,6205.0,4046.36
2026-01-08,P002,R001,C011,132,11220.0,7349.68
2026-01-08,P002,R001,C001,163,13855.0,8679.41
2026-01-08,P002,R001,C005,57,4845.0,3003.99
2026-01-08,P002,R002,C006,97,8245.0,5303.98
2026-01-08,P002,R002,C008,152,12920.0,8122.21
2026-01-08,P002,R003,C003,73,6205.0,4032.54
2026-01-08,P002,R003,C009,148,12580.0,7879.04
2026-01-08,P002,R004,C004,48,4080.0,2534.9
2026-01-08,P002,R004,C010,32,2720.0,1689.48
2026-01-08,P003,R001,C007,8,4960.0,3339.57
2026-01-08,P003,R001,C001,15,9300.0,6872.1
2026-01-08,P003,R001,C005,3,1860.0,1246.25
2026-01-08,P003,R002,C012,6,3720.0,2599.39
2026-01-08,P003,R002,C006,3,1860.0,1255.19
2026-01-08,P003,R002,C002,9,5580.0,3727.97
2026-01-08,P003,R003,C009,8,4960.0,3581.28
2026-01-08,P003,R003,C003,4,2480.0,1783.75
2026-01-08,P003,R004,C010,3,1860.0,1306.44
2026-01-08,P003,R004,C004,4,2480.0,1703.55
2026-01-08,P004,R001,C005,14,3360.0,2188.1
2026-01-08,P004,R001,C011,51,12240.0,8335.11
2026-01-08,P004,R001,C007,21,5040.0,3304.5
2026-01-08,P004,R002,C008,12,2880.0,1913.69
2026-01-08,P004,R002,C002,20,4800.0,3302.88
2026-01-08,P004,R002,C006,11,2640.0,1687.59
2026-01-08,P004,R003,C009,23,5520.0,3466.73
2026-01-08,P004,R003,C003,17,4080.0,2504.11
2026-01-08,P004,R004,C010,9,2160.0,1432.19
2026-01-08,P004,R004,C004,9,2160.0,1345.55
2026-01-08,P005,R001,C011,134,6030.0,3665.14
2026-01-08,P005,R001,C005,54,2430.0,1430.93
2026-01-08,P005,R002,C012,45,2025.0,1123.94
2026-01-08,P005,R002,C002,53,2385.0,1296.07
2026-01-08,P005,R002,C006,16,720.0,402.45
2026-01-08,P005,R002,C008,22,990.0,590.99
2026-01-08,P005,R003,C003,62,2790.0,1515.6
2026-01-08,P005,R003,C009,57,2565.0,1566.99
2026-01-08,P005,R004,C010,24,1080.0,643.75
2026-01-08,P005,R004,C004,35,1575.0,874.99
2026-01-08,P006,R001,C011,82,9840.0,6316.77
2026-01-08,P006,R001,C007,50,6000.0,4028.27
2026-01-08,P006,R002,C012,63,7560.0,4652.77
2026-01-08,P006,R002,C008,28,3360.0,2243.3
2026-01-08,P006,R003,C009,32,3840.0,2322.52
2026-01-08,P006,R003,C003,28,3360.0,2028.53
2026-01-08,P006,R004,C004,19,2280.0,1372.57
2026-01-08,P006,R004,C010,14,1680.0,1111.76
2026-01-09,P001,R001,C001,24,9120.0,5932.92
2026-01-09,P001,R001,C011,22,8360.0,5524.57
2026-01-09,P001,R002,C012,13,4940.0,3455.49
2026-01-09,P001,R002,C002,17,6460.0,4494.96
2026-01-09,P001,R002,C008,5,1900.0,1312.14
2026-01-09,P001,R003,C009,17,6460.0,4582.18
2026-01-09,P001,R003,C003,10,3800.0,2557.27
2026-01-09,P001,R004,C010,5,1900.0,1291.41
2026-01-09,P001,R004,C004,7,2660.0,1851.02
2026-01-09,P002,R001,C001,162,13770.0,8893.56
2026-01-09,P002,R001,C005,46,3910.0,2540.32
2026-01-09,P002,R001,C011,144,12240.0,7931.73
2026-01-09,P002,R002,C006,93,7905.0,4834.58
2026-01-09,P002,R002,C008,124,10540.0,6349.65
2026-01-09,P002,R003,C003,87,7395.0,4577.4
2026-01-09,P002,R003,C009,120,10200.0,6172.83
2026-01-09,P002,R004,C004,38,3230.0,1964.95
2026-01-09,P002,R004,C010,33,2805.0,1810.04
2026-01-09,P003,R001,C011,15,9300.0,6742.17
2026-01-09,P003,R001,C001,13,8060.0,5444.65
2026-01-09,P003,R001,C005,3,1860.0,1255.34
2026-01-09,P003,R002,C006,2,1240.0,830.1
2026-01-09,P003,R002,C008,2,1240.0,838.09
2026-01-09,P003,R002,C012,5,3100.0,2150.76
2026-01-09,P003,R002,C002,5,3100.0,2190.66
2026-01-09,P003,R003,C009,8,4960.0,3292.03
2026-01-09,P003,R003,C003,7,4340.0,3134.17
2026-01-09,P003,R004,C010,2,1240.0,877.31
2026-01-09,P003,R004,C004,4,2480.0,1771.51
2026-01-09,P004,R001,C005,9,2160.0,1441.36
2026-01-09,P004,R001,C001,30,7200.0,4691.04
2026-01-09,P004,R001,C011,31,7440.0,4874.39
2026-01-09,P004,R001,C007,12,2880.0,1859.48
2026-01-09,P004,R002,C012,20,4800.0,2986.97
2026-01-09,P004,R002,C008,7,1680.0,1127.33
2026-01-09,P004,R002,C002,22,5280.0,3503.35
2026-01-09,P004,R002,C006,5,1200.0,800.76
2026-01-09,P004,R003,C009,30,7200.0,4686.6
2026-01-09,P004,R003,C003,23,5520.0,3649.0
2026-01-09,P004,R004,C004,9,2160.0,1480.28
2026-01-09,P004,R004,C010,10,2400.0,1545.8
2026-01-09,P005,R001,C005,29,1305.0,754.22
2026-01-09,P005,R001,C001,63,2835.0,1620.52
2026-01-09,P005,R001,C007,27,1215.0,745.94
2026-01-09,P005,R001,C011,55,2475.0,1361.53
2026-01-09,P005,R002,C008,58,2610.0,1436.05
2026-01-09,P005,R002,C012,86,3870.0,2356.47
2026-01-09,P005,R003,C003,43,1935.0,1133.11
2026-01-09,P005,R003,C009,85,3825.0,2214.59
2026-01-09,P005,R004,C010,35,1575.0,958.6
2026-01-09,P005,R004,C004,24,1080.0,640.35
2026-01-09,P006,R001,C005,22,2640.0,1654.16
2026-01-09,P006,R001,C001,62,7440.0,4548.83
2026-01-09,P006,R001,C011,59,7080.0,4754.7
2026-01-09,P006,R002,C006,8,960.0,644.79
2026-01-09,P006,R002,C008,16,1920.0,1242.03
2026-01-09,P006,R002,C012,20,2400.0,1461.94
2026-01-09,P006,R002,C002,34,4080.0,2604.21
2026-01-09,P006,R003,C009,59,7080.0,4385.27
2026-01-09,P006,R003,C003,25,3000.0,2013.44
2026-01-09,P006,R004,C010,13,1560.0,1023.15
2026-01-09,P006,R004,C004,25,3000.0,1871.47
2026-01-10,P001,R001,C011,20,7600.0,5332.48
2026-01-10,P001,R001,C005,6,2280.0,1547.76
2026-01-10,P001,R002,C008,3,1140.0,747.48
2026-01-10,P001,R002,C012,9,3420.0,2444.46
2026-01-10,P001,R002,C002,10,3800.0,2720.35
2026-01-10,P001,R002,C006,3,1140.0,777.07
2026-01-10,P001,R003,C003,5,1900.0,1364.09
2026-01-10,P001,R003,C009,7,2660.0,1811.03
2026-01-10,P001,R004,C004,4,1520.0,1028.99
2026-01-10,P001,R004,C010,3,1140.0,747.63
2026-01-10,P002,R001,C011,159,13515.0,8512.59
2026-01-10,P002,R001,C001,126,10710.0,6896.78
2026-01-10,P002,R002,C008,51,4335.0,2755.91
2026-01-10,P002,R002,C002,110,9350.0,6091.96
2026-01-10,P002,R002,C006,34,2890.0,1860.41
2026-01-10,P002,R003,C009,80,6800.0,4028.45
2026-01-10,P002,R003,C003,34,2890.0,1734.49
2026-01-10,P002,R004,C010,34,2890.0,1735.55
2026-01-10,P002,R004,C004,45,3825.0,2427.58
2026-01-10,P003,R001,C005,2,1240.0,867.16
2026-01-10,P003,R001,C001,5,3100.0,2203.33
2026-01-10,P003,R001,C007,3,1860.0,1319.89
2026-01-10,P003,R001,C011,5,3100.0,2074.67
2026-01-10,P003,R002,C006,2,1240.0,821.17
2026-01-10,P003,R002,C012,4,2480.0,1659.48
2026-01-10,P003,R002,C008,3,1860.0,1242.39
2026-01-10,P003,R003,C003,3,1860.0,1373.37
2026-01-10,P003,R003,C009,6,3720.0,2515.42
2026-01-10,P003,R004,C010,2,1240.0,844.71
2026-01-10,P003,R004,C004,2,1240.0,849.6
2026-01-10,P004,R001,C005,8,1920.0,1267.16
2026-01-10,P004,R001,C001,21,5040.0,3426.15
2026-01-10,P004,R001,C007,16,3840.0,2640.95
2026-01-10,P004,R002,C008,8,1920.0,1253.75
2026-01-10,P004,R002,C006,5,1200.0,762.2
2026-01-10,P004,R002,C002,17,4080.0,2741.08
2026-01-10,P004,R002,C012,12,2880.0,1861.96
2026-01-10,P004,R003,C003,10,2400.0,1612.45
2026-01-10,P004,R003,C009,17,4080.0,2592.58
2026-01-10,P004,R004,C010,6,1440.0,883.93
2026-01-10,P004,R004,C004,9,2160.0,1355.07
2026-01-10,P005,R001,C005,15,675.0,407.47
2026-01-10,P005,R001,C001,49,2205.0,1283.17
2026-01-10,P005,R001,C007,24,1080.0,669.09
2026-01-10,P005,R001,C011,45,2025.0,1164.8
2026-01-10,P005,R002,C012,52,2340.0,1288.14
2026-01-10,P005,R002,C008,32,1440.0,810.15
2026-01-10,P005,R003,C009,33,1485.0,807.89
2026-01-10,P005,R003,C003,22,990.0,564.35
2026-01-10,P005,R004,C004,17,765.0,450.35
2026-01-10,P005,R004,C010,24,1080.0,583.41
2026-01-10,P006,R001,C007,13,1560.0,988.05
2026-01-10,P006,R001,C011,35,4200.0,2724.77
2026-01-10,P006,R001,C001,31,3720.0,2524.18
2026-01-10,P006,R001,C005,13,1560.0,972.94
2026-01-10,P006,R002,C008,14,1680.0,1024.33
2026-01-10,P006,R002,C006,5,600.0,362.94
2026-01-10,P006,R002,C002,26,3120.0,2029.57
2026-01-10,P006,R002,C012,20,2400.0,1627.98
2026-01-10,P006,R003,C009,33,3960.0,2515.72
2026-01-10,P006,R003,C003,22,2640.0,1701.01
2026-01-10,P006,R004,C010,7,840.0,559.4
2026-01-10,P006,R004,C004,8,960.0,625.82
2026-01-11,P001,R001,C005,6,2280.0,1494.89
2026-01-11,P001,R001,C001,17,6460.0,4320.13
2026-01-11,P001,R002,C012,7,2660.0,1726.52
2026-01-11,P001,R002,C002,11,4180.0,2932.14
2026-01-11,P001,R002,C008,4,1520.0,990.7
2026-01-11,P001,R002,C006,3,1140.0,769.57
2026-01-11,P001,R003,C009,11,4180.0,2681.64
2026-01-11,P001,R003,C003,8,3040.0,2037.13
2026-01-11,P001,R004,C004,5,1900.0,1282.98
2026-01-11,P001,R004,C010,4,1520.0,988.0
2026-01-11,P002,R001,C001,78,6630.0,4361.33
2026-01-11,P002,R001,C011,55,4675.0,2716.25
2026-01-11,P002,R001,C005,20,1700.0,1102.77
2026-01-11,P002,R001,C007,37,3145.0,1896.7
2026-01-11,P002,R002,C006,19,1615.0,1035.83
2026-01-11,P002,R002,C012,47,3995.0,2635.72
2026-01-11,P002,R002,C008,35,2975.0,1805.28
2026-01-11,P002,R002,C002,56,4760.0,3064.08
2026-01-11,P002,R003,C003,32,2720.0,1646.02
2026-01-11,P002,R003,C009,72,6120.0,3856.83
2026-01-11,P002,R004,C010,30,2550.0,1607.44
2026-01-11,P002,R004,C004,37,3145.0,2066.33
2026-01-11,P003,R001,C011,7,4340.0,2921.56
2026-01-11,P003,R001,C001,9,5580.0,3997.35
2026-01-11,P003,R001,C005,2,1240.0,880.16
2026-01-11,P003,R002,C012,7,4340.0,2978.26
2026-01-11,P003,R002,C008,3,1860.0,1275.32
2026-01-11,P003,R002,C006,2,1240.0,838.05
2026-01-11,P003,R003,C003,3,1860.0,1237.74
2026-01-11,P003,R003,C009,6,3720.0,2580.19
2026-01-11,P003,R004,C010,2,1240.0,870.05
2026-01-11,P003,R004,C004,2,1240.0,900.1
2026-01-11,P004,R001,C011,16,3840.0,2484.26
2026-01-11,P004,R001,C001,16,3840.0,2384.95
2026-01-11,P004,R001,C005,8,1920.0,1176.56
2026-01-11,P004,R002,C002,11,2640.0,1703.63
2026-01-11,P004,R002,C012,11,2640.0,1619.44
2026-01-11,P004,R002,C008,8,1920.0,1320.1
2026-01-11,P004,R003,C003,14,3360.0,2149.53
2026-01-11,P004,R003,C009,19,4560.0,3090.31
2026-01-11,P004,R004,C010,6,1440.0,882.57
2026-01-11,P004,R004,C004,8,1920.0,1179.39
2026-01-11,P005,R001,C005,14,630.0,357.05
2026-01-11,P005,R001,C001,63,2835.0,1614.57
2026-01-11,P005,R001,C011,57,2565.0,1495.65
2026-01-11,P005,R001,C007,34,1530.0,921.59
2026-01-11,P005,R002,C002,71,3195.0,1739.62
2026-01-11,P005,R002,C006,23,1035.0,583.87
2026-01-11,P005,R003,C009,33,1485.0,873.79
2026-01-11,P005,R003,C003,21,945.0,539.48
2026-01-11,P005,R004,C004,21,945.0,551.53
2026-01-11,P005,R004,C010,14,630.0,388.02
2026-01-11,P006,R001,C001,24,2880.0,1907.09
2026-01-11,P006,R001,C007,13,1560.0,1028.68
2026-01-11,P006,R001,C005,10,1200.0,744.36
2026-01-11,P006,R001,C011,26,3120.0,1973.22
2026-01-11,P006,R002,C012,47,5640.0,3541.43
2026-01-11,P006,R002,C008,16,1920.0,1178.96
2026-01-11,P006,R003,C003,18,2160.0,1361.9
2026-01-11,P006,R003,C009,36,4320.0,2894.75
2026-01-11,P006,R004,C010,12,1440.0,890.13
2026-01-11,P006,R004,C004,16,1920.0,1295.57
2026-01-12,P001,R001,C007,22,8360.0,5542.9
2026-01-12,P001,R001,C005,12,4560.0,3008.33
2026-01-12,P001,R001,C001,31,11780.0,8282.17
2026-01-12,P001,R002,C002,11,4180.0,2904.02
2026-01-12,P001,R002,C012,13,4940.0,3275.54
2026-01-12,P001,R002,C008,7,2660.0,1904.18
2026-01-12,P001,R002,C006,4,1520.0,1079.12
2026-01-12,P001,R003,C009,19,7220.0,4846.86
2026-01-12,P001,R003,C003,12,4560.0,3063.45
2026-01-12,P001,R004,C010,6,2280.0,1532.58
2026-01-12,P001,R004,C004,5,1900.0,1259.16
2026-01-12,P002,R001,C001,155,13175.0,8228.7
2026-01-12,P002,R001,C007,89,7565.0,4975.08
2026-01-12,P002,R001,C005,62,5270.0,3092.26
2026-01-12,P002,R002,C008,70,5950.0,3679.99
2026-01-12,P002,R002,C012,84,7140.0,4495.65
2026-01-12,P002,R002,C002,146,12410.0,7839.49
2026-01-12,P002,R003,C009,113,9605.0,5957.7
2026-01-12,P002,R003,C003,50,4250.0,2498.03
2026-01-12,P002,R004,C010,48,4080.0,2385.42
2026-01-12,P002,R004,C004,60,5100.0,3195.2
2026-01-12,P003,R001,C005,3,1860.0,1232.44
2026-01-12,P003,R001,C001,12,7440.0,5328.28
2026-01-12,P003,R001,C011,14,8680.0,6192.21
2026-01-12,P003,R001,C007,5,3100.0,2046.96
2026-01-12,P003,R002,C006,4,2480.0,1746.65
2026-01-12,P003,R002,C012,11,6820.0,4770.13
2026-01-12,P003,R003,C003,5,3100.0,2180.23
2026-01-12,P003,R003,C009,10,6200.0,4468.22
2026-01-12,P003,R004,C010,2,1240.0,850.05
2026-01-12,P003,R004,C004,2,1240.0,866.55
2026-01-12,P004,R001,C005,13,3120.0,1911.06
2026-01-12,P004,R001,C001,39,9360.0,6080.46
2026-01-12,P004,R001,C007,17,4080.0,2650.24
2026-01-12,P004,R002,C002,35,8400.0,5201.66
2026-01-12,P004,R002,C012,37,8880.0,5809.43
2026-01-12,P004,R003,C009,17,4080.0,2687.27
2026-01-12,P004,R003,C003,15,3600.0,2309.38
2026-01-12,P004,R004,C004,8,1920.0,1239.69
2026-01-12,P004,R004,C010,7,1680.0,1068.56
2026-01-12,P005,R001,C007,79,3555.0,2047.82
2026-01-12,P005,R001,C011,215,9675.0,5765.91
2026-01-12,P005,R002,C006,34,1530.0,931.43
2026-01-12,P005,R002,C012,90,4050.0,2459.02
2026-01-12,P005,R003,C009,58,2610.0,1530.86
2026-01-12,P005,R003,C003,49,2205.0,1365.55
2026-01-12,P005,R004,C010,33,1485.0,891.39
2026-01-12,P005,R004,C004,27,1215.0,698.67
2026-01-12,P006,R001,C011,61,7320.0,4573.99
2026-01-12,P006,R001,C001,64,7680.0,5151.98
2026-01-12,P006,R001,C007,23,2760.0,1746.4
2026-01-12,P006,R002,C006,47,5640.0,3642.6
2026-01-12,P006,R002,C008,45,5400.0,3341.37
2026-01-12,P006,R003,C003,26,3120.0,2027.71
2026-01-12,P006,R003,C009,51,6120.0,4158.08
2026-01-12,P006,R004,C010,19,2280.0,1501.53
2026-01-12,P006,R004,C004,17,2040.0,1278.45
2026-01-13,P001,R001,C005,4,1520.0,1047.48
2026-01-13,P001,R001,C011,18,6840.0,4818.54
2026-01-13,P001,R001,C007,9,3420.0,2339.95
2026-01-13,P001,R001,C001,15,5700.0,4072.22
2026-01-13,P001,R002,C002,13,4940.0,3185.29
2026-01-13,P001,R002,C012,10,3800.0,2646.51
2026-01-13,P001,R002,C006,5,1900.0,1298.2
2026-01-13,P001,R002,C008,7,2660.0,1713.64
2026-01-13,P001,R003,C003,11,4180.0,2803.24
2026-01-13,P001,R003,C009,19,7220.0,4928.12
2026-01-13,P001,R004,C004,9,3420.0,2314.38
2026-01-13,P001,R004,C010,7,2660.0,1713.91
2026-01-13,P002,R001,C011,318,27030.0,16265.2
2026-01-13,P002,R001,C005,89,7565.0,4879.33
2026-01-13,P002,R002,C008,59,5015.0,3016.45
2026-01-13,P002,R002,C002,158,13430.0,8651.37
2026-01-13,P002,R003,C009,74,6290.0,4051.03
2026-01-13,P002,R003,C003,63,5355.0,3327.64
2026-01-13,P002,R004,C010,50,4250.0,2483.01
2026-01-13,P002,R004,C004,44,3740.0,2316.71
2026-01-13,P003,R001,C001,13,8060.0,5555.52
2026-01-13,P003,R001,C011,21,13020.0,8912.71
2026-01-13,P003,R002,C002,6,3720.0,2680.82
2026-01-13,P003,R002,C012,8,4960.0,3368.29
2026-01-13,P003,R002,C006,2,1240.0,891.59
2026-01-13,P003,R003,C009,5,3100.0,2067.92
2026-01-13,P003,R003,C003,5,3100.0,2075.42
2026-01-13,P003,R004,C010,3,1860.0,1349.21
2026-01-13,P003,R004,C004,5,3100.0,2103.69
2026-01-13,P004,R001,C011,63,15120.0,10263.43
2026-01-13,P004,R001,C005,21,5040.0,3133.25
2026-01-13,P004,R002,C006,22,5280.0,3279.12
2026-01-13,P004,R002,C008,35,8400.0,5322.95
2026-01-13,P004,R003,C003,12,2880.0,1762.19
2026-01-13,P004,R003,C009,27,6480.0,3983.23
2026-01-13,P004,R004,C004,10,2400.0,1485.12
2026-01-13,P004,R004,C010,9,2160.0,1342.7
2026-01-13,P005,R001,C007,35,1575.0,956.08
2026-01-13,P005,R001,C001,70,3150.0,1929.56
2026-01-13,P005,R001,C011,71,3195.0,1912.81
2026-01-13,P005,R002,C006,70,3150.0,1711.54
2026-01-13,P005,R002,C008,89,4005.0,2278.23
2026-01-13,P005,R003,C003,49,2205.0,1277.4
2026-01-13,P005,R003,C009,59,2655.0,1465.89
2026-01-13,P005,R004,C004,24,1080.0,641.7
2026-01-13,P005,R004,C010,26,1170.0,723.01
2026-01-13,P006,R001,C007,51,6120.0,3838.36
2026-01-13,P006,R001,C001,123,14760.0,9106.91
2026-01-13,P006,R002,C006,32,3840.0,2572.15
2026-01-13,P006,R002,C012,83,9960.0,6734.75
2026-01-13,P006,R003,C003,22,2640.0,1682.99
2026-01-13,P006,R003,C009,23,2760.0,1746.64
2026-01-13,P006,R004,C004,13,1560.0,1004.49
2026-01-13,P006,R004,C010,16,1920.0,1221.69
2026-01-14,P001,R001,C007,12,4560.0,3076.45
2026-01-14,P001,R001,C011,27,10260.0,6895.89
2026-01-14,P001,R001,C001,19,7220.0,4716.7
2026-01-14,P001,R002,C008,13,4940.0,3291.85
2026-01-14,P001,R002,C012,24,9120.0,6230.97
2026-01-14,P001,R002,C006,7,2660.0,1887.29
2026-01-14,P001,R003,C009,17,6460.0,4607.97
2026-01-14,P001,R003,C003,13,4940.0,3192.05
2026-01-14,P001,R004,C004,7,2660.0,1722.7
2026-01-14,P001,R004,C010,5,1900.0,1302.0
2026-01-14,P002,R001,C005,44,3740.0,2369.26
2026-01-14,P002,R001,C011,76,6460.0,4140.93
2026-01-14,P002,R001,C007,48,4080.0,2622.67
2026-01-14,P002,R001,C001,116,9860.0,6341.9
2026-01-14,P002,R002,C006,56,4760.0,2915.57
2026-01-14,P002,R002,C008,53,4505.0,2691.95
2026-01-14,P002,R002,C012,136,11560.0,7181.31
2026-01-14,P002,R003,C009,66,5610.0,3685.0
2026-01-14,P002,R003,C003,64,5440.0,3536.56
2026-01-14,P002,R004,C004,55,4675.0,2791.2
2026-01-14,P002,R004,C010,50,4250.0,2639.3
2026-01-14,P003,R001,C001,9,5580.0,3991.37
2026-01-14,P003,R001,C005,3,1860.0,1294.29
2026-01-14,P003,R001,C011,11,6820.0,4745.97
2026-01-14,P003,R001,C007,5,3100.0,2172.04
2026-01-14,P003,R002,C002,5,3100.0,2046.93
2026-01-14,P003,R002,C008,3,1860.0,1316.25
2026-01-14,P003,R002,C006,3,1860.0,1246.79
2026-01-14,P003,R002,C012,6,3720.0,2594.17
2026-01-14,P003,R003,C003,6,3720.0,2746.79
2026-01-14,P003,R003,C009,11,6820.0,4663.75
2026-01-14,P003,R004,C004,3,1860.0,1268.39
2026-01-14,P003,R004,C010,2,1240.0,902.14
2026-01-14,P004,R001,C001,30,7200.0,4583.69
2026-01-14,P004,R001,C005,7,1680.0,1126.12
2026-01-14,P004,R001,C011,24,5760.0,3570.94
2026-01-14,P004,R001,C007,15,3600.0,2398.27
2026-01-14,P004,R002,C008,17,4080.0,2572.86
2026-01-14,P004,R002,C012,35,8400.0,5409.83
2026-01-14,P004,R003,C003,13,3120.0,1992.89
2026-01-14,P004,R003,C009,29,6960.0,4543.53
2026-01-14,P004,R004,C010,11,2640.0,1630.26
2026-01-14,P004,R004,C004,12,2880.0,1759.07
2026-01-14,P005,R001,C011,122,5490.0,3325.05
2026-01-14,P005,R001,C001,83,3735.0,2149.88
2026-01-14,P005,R001,C007,51,2295.0,1288.94
2026-01-14,P005,R001,C005,41,1845.0,1095.61
2026-01-14,P005,R002,C002,165,7425.0,4261.14
2026-01-14,P005,R002,C006,36,1620.0,906.69
2026-01-14,P005,R003,C009,63,2835.0,1709.15
2026-01-14,P005,R003,C003,59,2655.0,1638.81
2026-01-14,P005,R004,C004,41,1845.0,1051.63
2026-01-14,P005,R004,C010,33,1485.0,882.9
2026-01-14,P006,R001,C011,84,10080.0,6532.55
2026-01-14,P006,R001,C005,29,3480.0,2356.49
2026-01-14,P006,R002,C006,11,1320.0,794.91
2026-01-14,P006,R002,C012,32,3840.0,2348.95
2026-01-14,P006,R002,C008,11,1320.0,818.18
2026-01-14,P006,R002,C002,31,3720.0,2265.16
2026-01-14,P006,R003,C009,26,3120.0,2092.09
2026-01-14,P006,R003,C003,24,2880.0,1893.47
2026-01-14,P006,R004,C004,22,2640.0,1747.27
2026-01-14,P006,R004,C010,20,2400.0,1623.75
2026-01-15,P001,R001,C011,34,12920.0,8997.78
2026-01-15,P001,R001,C005,13,4940.0,3508.95
2026-01-15,P001,R002,C002,15,5700.0,4031.01
2026-01-15,P001,R002,C008,10,3800.0,2526.36
2026-01-15,P001,R002,C006,6,2280.0,1463.91
2026-01-15,P001,R003,C009,11,4180.0,2764.72
2026-01-15,P001,R003,C003,7,2660.0,1733.53
2026-01-15,P001,R004,C004,5,1900.0,1267.77
2026-01-15,P001,R004,C010,6,2280.0,1482.42
2026-01-15,P002,R001,C011,159,13515.0,8058.48
2026-01-15,P002,R001,C005,44,3740.0,2281.66
2026-01-15,P002,R001,C007,55,4675.0,2723.16
2026-01-15,P002,R001,C001,115,9775.0,5966.67
2026-01-15,P002,R002,C008,37,3145.0,1868.11
2026-01-15,P002,R002,C002,122,10370.0,6329.21
2026-01-15,P002,R002,C012,115,9775.0,5925.68
2026-01-15,P002,R002,C006,34,2890.0,1801.05
2026-01-15,P002,R003,C003,69,5865.0,3544.11
2026-01-15,P002,R003,C009,106,9010.0,5340.34
2026-01-15,P002,R004,C010,55,4675.0,2915.34
2026-01-15,P002,R004,C004,55,4675.0,2751.34
2026-01-15,P003,R001,C001,15,9300.0,6827.32
2026-01-15,P003,R001,C005,4,2480.0,1676.11
2026-01-15,P003,R001,C011,11,6820.0,4617.51
2026-01-15,P003,R002,C002,12,7440.0,4916.76
2026-01-15,P003,R002,C006,5,3100.0,2290.97
2026-01-15,P003,R003,C009,7,4340.0,2968.01
2026-01-15,P003,R003,C003,7,4340.0,3119.08
2026-01-15,P003,R004,C010,3,1860.0,1287.79
2026-01-15,P003,R004,C004,4,2480.0,1808.14
2026-01-15,P004,R001,C007,10,2400.0,1640.51
2026-01-15,P004,R001,C005,7,1680.0,1146.17
2026-01-15,P004,R001,C001,31,7440.0,4914.66
2026-01-15,P004,R001,C011,26,6240.0,3952.17
2026-01-15,P004,R002,C006,12,2880.0,1941.03
2026-01-15,P004,R002,C002,29,6960.0,4425.17
2026-01-15,P004,R002,C012,32,7680.0,4743.99
2026-01-15,P004,R003,C003,15,3600.0,2326.65
2026-01-15,P004,R003,C009,30,7200.0,4755.15
2026-01-15,P004,R004,C004,14,3360.0,2150.92
2026-01-15,P004,R004,C010,9,2160.0,1396.53
2026-01-15,P005,R001,C005,36,1620.0,1002.42
2026-01-15,P005,R001,C001,91,4095.0,2453.38
2026-01-15,P005,R001,C011,87,3915.0,2312.34
2026-01-15,P005,R001,C007,45,2025.0,1110.17
2026-01-15,P005,R002,C012,62,2790.0,1606.14
2026-01-15,P005,R002,C006,24,1080.0,667.6
2026-01-15,P005,R002,C002,45,2025.0,1186.68
2026-01-15,P005,R002,C008,24,1080.0,612.01
2026-01-15,P005,R003,C003,29,1305.0,739.95
2026-01-15,P005,R003,C009,57,2565.0,1410.83
2026-01-15,P005,R004,C004,47,2115.0,1199.36
2026-01-15,P005,R004,C010,29,1305.0,770.72
2026-01-15,P006,R001,C007,34,4080.0,2576.02
2026-01-15,P006,R001,C005,15,1800.0,1219.15
2026-01-15,P006,R001,C001,66,7920.0,4962.16
2026-01-15,P006,R001,C011,69,8280.0,5158.23
2026-01-15,P006,R002,C002,69,8280.0,5487.14
2026-01-15,P006,R002,C008,39,4680.0,3007.38
2026-01-15,P006,R003,C003,39,4680.0,2992.79
2026-01-15,P006,R003,C009,44,5280.0,3310.76
2026-01-15,P006,R004,C010,15,1800.0,1105.81
2026-01-15,P006,R004,C004,15,1800.0,1210.16
2026-01-16,P001,R001,C007,20,7600.0,5083.2
2026-01-16,P001,R001,C001,38,14440.0,10037.41
2026-01-16,P001,R002,C008,7,2660.0,1890.48
2026-01-16,P001,R002,C012,14,5320.0,3566.01
2026-01-16,P001,R002,C002,9,3420.0,2449.84
2026-01-16,P001,R002,C006,5,1900.0,1259.54
2026-01-16,P001,R003,C009,14,5320.0,3770.28
2026-01-16,P001,R003,C003,10,3800.0,2522.68
2026-01-16,P001,R004,C010,5,1900.0,1335.38
2026-01-16,P001,R004,C004,7,2660.0,1747.97
2026-01-16,P002,R001,C001,145,12325.0,7300.4
2026-01-16,P002,R001,C005,38,3230.0,2065.41
2026-01-16,P002,R001,C011,158,13430.0,8502.42
2026-01-16,P002,R001,C007,78,6630.0,4212.29
2026-01-16,P002,R002,C002,193,16405.0,10149.28
2026-01-16,P002,R002,C006,50,4250.0,2751.31
2026-01-16,P002,R003,C003,68,5780.0,3583.9
2026-01-16,P002,R003,C009,87,7395.0,4819.76
2026-01-16,P002,R004,C004,36,3060.0,1778.88
2026-01-16,P002,R004,C010,40,3400.0,2192.32
2026-01-16,P003,R001,C011,12,7440.0,5069.09
2026-01-16,P003,R001,C007,7,4340.0,3031.63
2026-01-16,P003,R001,C001,11,6820.0,4991.16
2026-01-16,P003,R002,C012,9,5580.0,4065.81
2026-01-16,P003,R002,C006,4,2480.0,1753.24
2026-01-16,P003,R002,C008,6,3720.0,2701.45
2026-01-16,P003,R003,C009,7,4340.0,2867.78
2026-01-16,P003,R003,C003,5,3100.0,2063.5
2026-01-16,P003,R004,C010,3,1860.0,1236.26
2026-01-16,P003,R004,C004,2,1240.0,844.03
2026-01-16,P004,R001,C007,14,3360.0,2167.81
2026-01-16,P004,R001,C001,36,8640.0,5333.31
2026-01-16,P004,R001,C011,34,8160.0,5271.31
2026-01-16,P004,R001,C005,11,2640.0,1794.06
2026-01-16,P004,R002,C006,11,2640.0,1803.73
2026-01-16,P004,R002,C012,34,8160.0,5130.38
2026-01-16,P004,R002,C008,17,4080.0,2602.26
2026-01-16,P004,R003,C003,19,4560.0,3068.6
2026-01-16,P004,R003,C009,30,7200.0,4511.24
2026-01-16,P004,R004,C004,7,1680.0,1134.12
2026-01-16,P004,R004,C010,6,1440.0,943.68
2026-01-16,P005,R001,C001,168,7560.0,4533.27
2026-01-16,P005,R001,C005,44,1980.0,1201.38
2026-01-16,P005,R002,C006,27,1215.0,672.16
2026-01-16,P005,R002,C008,31,1395.0,819.29
2026-01-16,P005,R002,C012,70,3150.0,1839.19
2026-01-16,P005,R003,C009,74,3330.0,1904.42
2026-01-16,P005,R003,C003,56,2520.0,1536.77
2026-01-16,P005,R004,C010,27,1215.0,704.77
2026-01-16,P005,R004,C004,21,945.0,569.49
2026-01-16,P006,R001,C011,36,4320.0,2926.3
2026-01-16,P006,R001,C005,14,1680.0,1018.78
2026-01-16,P006,R001,C007,26,3120.0,2104.57
2026-01-16,P006,R001,C001,39,4680.0,2829.53
2026-01-16,P006,R002,C008,23,2760.0,1838.13
2026-01-16,P006,R002,C012,35,4200.0,2805.39
2026-01-16,P006,R002,C002,52,6240.0,3936.51
2026-01-16,P006,R003,C009,48,5760.0,3804.41
2026-01-16,P006,R003,C003,39,4680.0,2970.85
2026-01-16,P006,R004,C010,14,1680.0,1043.61
2026-01-16,P006,R004,C004,13,1560.0,985.44
2026-01-17,P001,R001,C011,15,5700.0,3910.38
2026-01-17,P001,R001,C001,10,3800.0,2637.75
2026-01-17,P001,R001,C005,4,1520.0,1054.74
2026-01-17,P001,R001,C007,9,3420.0,2234.94
2026-01-17,P001,R002,C006,5,1900.0,1351.97
2026-01-17,P001,R002,C002,12,4560.0,3015.69
2026-01-17,P001,R002,C012,12,4560.0,3225.45
2026-01-17,P001,R003,C009,9,3420.0,2377.52
2026-01-17,P001,R003,C003,5,1900.0,1299.28
2026-01-17,P001,R004,C004,6,2280.0,1613.0
2026-01-17,P001,R004,C010,3,1140.0,764.49
2026-01-17,P002,R001,C007,35,2975.0,1881.3
2026-01-17,P002,R001,C011,83,7055.0,4305.74
2026-01-17,P002,R001,C001,58,4930.0,3100.8
2026-01-17,P002,R001,C005,25,2125.0,1270.52
2026-01-17,P002,R002,C008,32,2720.0,1607.68
2026-01-17,P002,R002,C002,58,4930.0,2955.01
2026-01-17,P002,R002,C012,43,3655.0,2333.62
2026-01-17,P002,R003,C009,65,5525.0,3386.69
2026-01-17,P002,R003,C003,38,3230.0,2129.93
2026-01-17,P002,R004,C004,28,2380.0,1445.75
2026-01-17,P002,R004,C010,34,2890.0,1707.76
2026-01-17,P003,R001,C005,3,1860.0,1246.75
2026-01-17,P003,R001,C011,7,4340.0,3003.01
2026-01-17,P003,R001,C001,6,3720.0,2750.79
2026-01-17,P003,R001,C007,5,3100.0,2088.57
2026-01-17,P003,R002,C002,6,3720.0,2703.23
2026-01-17,P003,R002,C012,7,4340.0,3060.56
2026-01-17,P003,R002,C008,3,1860.0,1262.51
2026-01-17,P003,R003,C009,4,2480.0,1647.57
2026-01-17,P003,R003,C003,3,1860.0,1282.88
2026-01-17,P003,R004,C010,2,1240.0,846.55
2026-01-17,P003,R004,C004,2,1240.0,875.46
2026-01-17,P004,R001,C001,17,4080.0,2783.63
2026-01-17,P004,R001,C007,10,2400.0,1631.9
2026-01-17,P004,R001,C011,16,3840.0,2376.36
2026-01-17,P004,R002,C006,6,1440.0,891.22
2026-01-17,P004,R002,C002,20,4800.0,3247.45
2026-01-17,P004,R003,C003,10,2400.0,1525.29
2026-01-17,P004,R003,C009,13,3120.0,1947.05
2026-01-17,P004,R004,C010,8,1920.0,1307.11
2026-01-17,P004,R004,C004,7,1680.0,1080.82
2026-01-17,P005,R001,C001,63,2835.0,1695.53
2026-01-17,P005,R001,C005,14,630.0,360.82
2026-01-17,P005,R001,C011,61,2745.0,1518.42
2026-01-17,P005,R001,C007,21,945.0,579.55
2026-01-17,P005,R002,C012,48,2160.0,1220.63
2026-01-17,P005,R002,C008,26,1170.0,636.64
2026-01-17,P005,R002,C002,36,1620.0,984.42
2026-01-17,P005,R003,C009,66,2970.0,1794.81
2026-01-17,P005,R003,C003,28,1260.0,681.0
2026-01-17,P005,R004,C010,17,765.0,446.25
2026-01-17,P005,R004,C004,15,675.0,397.0
2026-01-17,P006,R001,C001,60,7200.0,4894.5
2026-01-17,P006,R001,C007,24,2880.0,1898.8
2026-01-17,P006,R002,C002,26,3120.0,1907.18
2026-01-17,P006,R002,C008,15,1800.0,1168.23
2026-01-17,P006,R002,C012,29,3480.0,2298.83
2026-01-17,P006,R002,C006,10,1200.0,761.2
2026-01-17,P006,R003,C003,17,2040.0,1329.28
2026-01-17,P006,R003,C009,17,2040.0,1379.23
2026-01-17,P006,R004,C004,12,1440.0,877.26
2026-01-17,P006,R004,C010,11,1320.0,882.57
2026-01-18,P001,R001,C001,19,7220.0,5130.43
2026-01-18,P001,R001,C011,16,6080.0,4134.01
2026-01-18,P001,R001,C007,10,3800.0,2604.43
2026-01-18,P001,R002,C012,16,6080.0,3892.35
2026-01-18,P001,R002,C006,6,2280.0,1477.68
2026-01-18,P001,R003,C003,7,2660.0,1846.46
2026-01-18,P001,R003,C009,11,4180.0,2849.63
2026-01-18,P001,R004,C004,6,2280.0,1473.71
2026-01-18,P001,R004,C010,5,1900.0,1324.43
2026-01-18,P002,R001,C005,33,2805.0,1675.86
2026-01-18,P002,R001,C011,111,9435.0,6145.05
2026-01-18,P002,R001,C007,49,4165.0,2713.35
2026-01-18,P002,R002,C008,23,1955.0,1139.12
2026-01-18,P002,R002,C006,21,1785.0,1077.48
2026-01-18,P002,R002,C002,62,5270.0,3373.02
2026-01-18,P002,R002,C012,57,4845.0,3122.34
2026-01-18,P002,R003,C009,53,4505.0,2672.89
2026-01-18,P002,R003,C003,54,4590.0,2734.11
2026-01-18,P002,R004,C010,25,2125.0,1355.65
2026-01-18,P002,R004,C004,41,3485.0,2253.64
2026-01-18,P003,R001,C005,3,1860.0,1374.1
2026-01-18,P003,R001,C007,3,1860.0,1320.09
2026-01-18,P003,R001,C011,7,4340.0,3040.3
2026-01-18,P003,R001,C001,6,3720.0,2553.61
2026-01-18,P003,R002,C002,5,3100.0,2062.41
2026-01-18,P003,R002,C012,4,2480.0,1711.12
2026-01-18,P003,R002,C006,1,620.0,419.93
2026-01-18,P003,R002,C008,2,1240.0,872.98
2026-01-18,P003,R003,C003,4,2480.0,1753.05
2026-01-18,P003,R003,C009,4,2480.0,1683.76
2026-01-18,P003,R004,C010,2,1240.0,896.06
2026-01-18,P003,R004,C004,2,1240.0,902.2
2026-01-18,P004,R001,C007,10,2400.0,1596.79
2026-01-18,P004,R001,C005,5,1200.0,806.95
2026-01-18,P004,R001,C011,20,4800.0,2968.64
2026-01-18,P004,R001,C001,15,3600.0,2310.14
2026-01-18,P004,R002,C002,19,4560.0,2880.99
2026-01-18,P004,R002,C008,10,2400.0,1478.42
2026-01-18,P004,R003,C009,15,3600.0,2271.14
2026-01-18,P004,R003,C003,15,3600.0,2255.23
2026-01-18,P004,R004,C010,7,1680.0,1138.15
2026-01-18,P004,R004,C004,8,1920.0,1246.4
2026-01-18,P005,R001,C001,69,3105.0,1685.47
2026-01-18,P005,R001,C005,32,1440.0,861.39
2026-01-18,P005,R002,C012,41,1845.0,1103.79
2026-01-18,P005,R002,C002,44,1980.0,1213.38
2026-01-18,P005,R002,C008,19,855.0,483.99
2026-01-18,P005,R002,C006,16,720.0,392.28
2026-01-18,P005,R003,C003,23,1035.0,641.19
2026-01-18,P005,R003,C009,38,1710.0,959.79
2026-01-18,P005,R004,C010,11,495.0,268.78
2026-01-18,P005,R004,C004,20,900.0,544.22
2026-01-18,P006,R001,C007,14,1680.0,1117.14
2026-01-18,P006,R001,C011,28,3360.0,2203.52
2026-01-18,P006,R001,C001,26,3120.0,1888.46
2026-01-18,P006,R001,C005,13,1560.0,986.51
2026-01-18,P006,R002,C006,7,840.0,558.05
2026-01-18,P006,R002,C012,15,1800.0,1214.65
2026-01-18,P006,R002,C008,11,1320.0,860.76
2026-01-18,P006,R002,C002,15,1800.0,1171.03
2026-01-18,P006,R003,C009,26,3120.0,1875.56
2026-01-18,P006,R003,C003,17,2040.0,1380.79
2026-01-18,P006,R004,C004,14,1680.0,1094.61
2026-01-18,P006,R004,C010,9,1080.0,666.32
2026-01-19,P001,R001,C001,34,12920.0,8615.64
2026-01-19,P001,R001,C011,40,15200.0,10745.73
2026-01-19,P001,R002,C012,10,3800.0,2469.01
2026-01-19,P001,R002,C006,4,1520.0,1073.5
2026-01-19,P001,R002,C002,11,4180.0,2717.65
2026-01-19,P001,R002,C008,8,3040.0,2024.62
2026-01-19,P001,R003,C003,14,5320.0,3648.12
2026-01-19,P001,R003,C009,18,6840.0,4835.88
2026-01-19,P001,R004,C010,7,2660.0,1881.93
2026-01-19,P001,R004,C004,6,2280.0,1550.23
2026-01-19,P002,R001,C005,139,11815.0,7291.39
2026-01-19,P002,R001,C001,365,31025.0,20072.78
2026-01-19,P002,R002,C012,135,11475.0,7454.04
2026-01-19,P002,R002,C002,128,10880.0,7168.94
2026-01-19,P002,R003,C003,90,7650.0,4618.55
2026-01-19,P002,R003,C009,151,12835.0,7838.57
2026-01-19,P002,R004,C010,41,3485.0,2130.32
2026-01-19,P002,R004,C004,40,3400.0,2051.0
2026-01-19,P003,R001,C011,25,15500.0,10366.61
2026-01-19,P003,R001,C005,7,4340.0,2875.14
2026-01-19,P003,R002,C008,11,6820.0,4573.76
2026-01-19,P003,R002,C006,9,5580.0,3906.76
2026-01-19,P003,R003,C003,7,4340.0,3063.35
2026-01-19,P003,R003,C009,11,6820.0,4618.52
2026-01-19,P003,R004,C004,3,1860.0,1313.06
2026-01-19,P003,R004,C010,3,1860.0,1284.87
2026-01-19,P004,R001,C001,43,10320.0,6357.44
2026-01-19,P004,R001,C011,36,8640.0,5708.48
2026-01-19,P004,R001,C005,14,3360.0,2204.08
2026-01-19,P004,R002,C008,11,2640.0,1759.4
2026-01-19,P004,R002,C002,24,5760.0,3543.65
2026-01-19,P004,R002,C012,28,6720.0,4184.34
2026-01-19,P004,R003,C003,14,3360.0,2095.05
2026-01-19,P004,R003,C009,24,5760.0,3842.57
2026-01-19,P004,R004,C004,9,2160.0,1398.84
2026-01-19,P004,R004,C010,12,2880.0,1788.94
2026-01-19,P005,R001,C005,29,1305.0,798.92
2026-01-19,P005,R001,C011,70,3150.0,1752.88
2026-01-19,P005,R001,C001,78,3510.0,1939.8
2026-01-19,P005,R001,C007,31,1395.0,852.29
2026-01-19,P005,R002,C006,21,945.0,568.5
2026-01-19,P005,R002,C012,52,2340.0,1301.66
2026-01-19,P005,R002,C008,22,990.0,562.33
2026-01-19,P005,R002,C002,39,1755.0,1040.19
2026-01-19,P005,R003,C003,35,1575.0,860.22
2026-01-19,P005,R003,C009,65,2925.0,1739.11
2026-01-19,P005,R004,C010,38,1710.0,1047.53
2026-01-19,P005,R004,C004,32,1440.0,850.87
2026-01-19,P006,R001,C005,27,3240.0,2145.14
2026-01-19,P006,R001,C011,119,14280.0,9409.19
2026-01-19,P006,R002,C008,15,1800.0,1214.07
2026-01-19,P006,R002,C006,8,960.0,639.34
2026-01-19,P006,R002,C012,29,3480.0,2303.48
2026-01-19,P006,R002,C002,24,2880.0,1764.8
2026-01-19,P006,R003,C009,48,5760.0,3470.26
2026-01-19,P006,R003,C003,31,3720.0,2425.12
2026-01-19,P006,R004,C004,26,3120.0,1906.4
2026-01-19,P006,R004,C010,20,2400.0,1563.97
2026-01-20,P001,R001,C001,27,10260.0,7385.91
2026-01-20,P001,R001,C005,9,3420.0,2249.43
2026-01-20,P001,R001,C011,29,11020.0,7202.12
2026-01-20,P001,R002,C006,9,3420.0,2313.89
2026-01-20,P001,R002,C012,21,7980.0,5165.68
2026-01-20,P001,R003,C009,19,7220.0,4940.64
2026-01-20,P001,R003,C003,7,2660.0,1769.15
2026-01-20,P001,R004,C010,6,2280.0,1489.76
2026-01-20,P001,R004,C004,7,2660.0,1861.04
2026-01-20,P002,R001,C005,55,4675.0,2883.27
2026-01-20,P002,R001,C011,191,16235.0,9705.2
2026-01-20,P002,R001,C001,189,16065.0,10270.86
2026-01-20,P002,R001,C007,87,7395.0,4498.43
2026-01-20,P002,R002,C002,144,12240.0,7170.34
2026-01-20,P002,R002,C008,68,5780.0,3464.18
2026-01-20,P002,R002,C012,103,8755.0,5167.91
2026-01-20,P002,R003,C003,78,6630.0,4312.24
2026-01-20,P002,R003,C009,125,10625.0,6345.84
2026-01-20,P002,R004,C010,47,3995.0,2347.41
2026-01-20,P002,R004,C004,56,4760.0,2928.49
2026-01-20,P003,R001,C001,20,12400.0,9065.61
2026-01-20,P003,R001,C005,6,3720.0,2524.29
2026-01-20,P003,R001,C007,6,3720.0,2735.21
2026-01-20,P003,R002,C012,9,5580.0,3768.52
2026-01-20,P003,R002,C002,8,4960.0,3649.91
2026-01-20,P003,R003,C003,5,3100.0,2050.32
2026-01-20,P003,R003,C009,6,3720.0,2622.62
2026-01-20,P003,R004,C004,4,2480.0,1728.08
2026-01-20,P003,R004,C010,2,1240.0,821.89
2026-01-20,P004,R001,C001,35,8400.0,5176.81
2026-01-20,P004,R001,C011,38,9120.0,5896.03
2026-01-20,P004,R001,C005,11,2640.0,1716.85
2026-01-20,P004,R001,C007,23,5520.0,3539.8
2026-01-20,P004,R002,C002,44,10560.0,7279.91
2026-01-20,P004,R002,C006,11,2640.0,1624.52
2026-01-20,P004,R003,C003,21,5040.0,3145.0
2026-01-20,P004,R003,C009,29,6960.0,4466.45
2026-01-20,P004,R004,C010,10,2400.0,1586.56
2026-01-20,P004,R004,C004,8,1920.0,1232.21
2026-01-20,P005,R001,C011,70,3150.0,1840.29
2026-01-20,P005,R001,C001,85,3825.0,2107.33
2026-01-20,P005,R001,C005,23,1035.0,561.57
2026-01-20,P005,R001,C007,45,2025.0,1161.73
2026-01-20,P005,R002,C012,69,3105.0,1825.12
2026-01-20,P005,R002,C008,24,1080.0,592.21
2026-01-20,P005,R002,C002,46,2070.0,1166.72
2026-01-20,P005,R002,C006,17,765.0,442.74
2026-01-20,P005,R003,C003,46,2070.0,1147.86
2026-01-20,P005,R003,C009,61,2745.0,1674.61
2026-01-20,P005,R004,C004,21,945.0,538.85
2026-01-20,P005,R004,C010,24,1080.0,666.95
2026-01-20,P006,R001,C005,16,1920.0,1195.25
2026-01-20,P006,R001,C001,58,6960.0,4500.72
2026-01-20,P006,R001,C007,25,3000.0,1800.66
2026-01-20,P006,R001,C011,36,4320.0,2651.83
2026-01-20,P006,R002,C002,53,6360.0,4119.62
2026-01-20,P006,R002,C012,36,4320.0,2669.63
2026-01-20,P006,R002,C008,25,3000.0,1884.53
2026-01-20,P006,R003,C009,48,5760.0,3589.11
2026-01-20,P006,R003,C003,35,4200.0,2725.81
2026-01-20,P006,R004,C004,27,3240.0,2087.36
2026-01-20,P006,R004,C010,14,1680.0,1112.39
2026-01-21,P001,R001,C005,6,2280.0,1523.25
2026-01-21,P001,R001,C001,23,8740.0,5713.41
2026-01-21,P001,R001,C011,18,6840.0,4700.31
2026-01-21,P001,R001,C007,14,5320.0,3502.04
2026-01-21,P001,R002,C002,20,7600.0,4934.71
2026-01-21,P001,R002,C012,18,6840.0,4752.96
2026-01-21,P001,R002,C006,7,2660.0,1811.11
2026-01-21,P001,R003,C009,15,5700.0,3689.73
2026-01-21,P001,R003,C003,11,4180.0,2782.48
2026-01-21,P001,R004,C004,8,3040.0,2098.72
2026-01-21,P001,R004,C010,7,2660.0,1773.81
2026-01-21,P002,R001,C007,94,7990.0,4896.45
2026-01-21,P002,R001,C001,255,21675.0,13424.48
2026-01-21,P002,R002,C002,236,20060.0,12957.51
2026-01-21,P002,R002,C008,72,6120.0,3650.26
2026-01-21,P002,R003,C003,73,6205.0,3658.86
2026-01-21,P002,R003,C009,82,6970.0,4144.92
2026-01-21,P002,R004,C010,41,3485.0,2283.69
2026-01-21,P002,R004,C004,51,4335.0,2669.95
2026-01-21,P003,R001,C007,4,2480.0,1763.92
2026-01-21,P003,R001,C005,3,1860.0,1369.73
2026-01-21,P003,R001,C011,9,5580.0,4087.82
2026-01-21,P003,R001,C001,7,4340.0,2921.47
2026-01-21,P003,R002,C008,6,3720.0,2625.46
2026-01-21,P003,R002,C012,14,8680.0,6198.26
2026-01-21,P003,R002,C006,5,3100.0,2154.21
2026-01-21,P003,R003,C003,5,3100.0,2048.42
2026-01-21,P003,R003,C009,9,5580.0,3890.3
2026-01-21,P003,R004,C004,4,2480.0,1698.54
2026-01-21,P003,R004,C010,2,1240.0,876.21
2026-01-21,P004,R001,C007,16,3840.0,2536.55
2026-01-21,P004,R001,C005,11,2640.0,1671.07
2026-01-21,P004,R001,C011,33,7920.0,5307.56
2026-01-21,P004,R002,C002,36,8640.0,5641.86
2026-01-21,P004,R002,C008,24,5760.0,3831.73
2026-01-21,P004,R003,C003,13,3120.0,2083.1
2026-01-21,P004,R003,C009,33,7920.0,5348.04
2026-01-21,P004,R004,C010,10,2400.0,1599.86
2026-01-21,P004,R004,C004,14,3360.0,2202.49
2026-01-21,P005,R001,C005,52,2340.0,1285.66
2026-01-21,P005,R001,C011,83,3735.0,2048.3
2026-01-21,P005,R001,C001,126,5670.0,3483.24
2026-01-21,P005,R002,C008,45,2025.0,1230.23
2026-01-21,P005,R002,C012,79,3555.0,2157.64
2026-01-21,P005,R002,C006,36,1620.0,877.59
2026-01-21,P005,R003,C009,98,4410.0,2444.09
2026-01-21,P005,R003,C003,41,1845.0,1115.77
2026-01-21,P005,R004,C004,23,1035.0,620.51
2026-01-21,P005,R004,C010,26,1170.0,678.53
2026-01-21,P006,R001,C005,30,3600.0,2192.67
2026-01-21,P006,R001,C001,142,17040.0,11099.57
2026-01-21,P006,R002,C006,16,1920.0,1299.87
2026-01-21,P006,R002,C008,23,2760.0,1682.68
2026-01-21,P006,R002,C002,58,6960.0,4555.17
2026-01-21,P006,R003,C003,28,3360.0,2067.82
2026-01-21,P006,R003,C009,28,3360.0,2249.02
2026-01-21,P006,R004,C010,14,1680.0,1101.5
2026-01-21,P006,R004,C004,22,2640.0,1598.89
2026-01-22,P001,R001,C005,11,4180.0,2943.07
2026-01-22,P001,R001,C001,33,12540.0,8608.87
2026-01-22,P001,R002,C008,8,3040.0,2098.69
2026-01-22,P001,R002,C012,15,5700.0,3693.7
2026-01-22,P001,R002,C006,6,2280.0,1557.48
2026-01-22,P001,R002,C002,10,3800.0,2500.67
2026-01-22,P001,R003,C003,9,3420.0,2296.25
2026-01-22,P001,R003,C009,18,6840.0,4693.93
2026-01-22,P001,R004,C004,8,3040.0,1986.95
2026-01-22,P001,R004,C010,7,2660.0,1705.98
2026-01-22,P002,R001,C001,158,13430.0,8269.97
2026-01-22,P002,R001,C011,151,12835.0,8213.15
2026-01-22,P002,R001,C007,83,7055.0,4514.52
2026-01-22,P002,R001,C005,46,3910.0,2526.63
2026-01-22,P002,R002,C012,88,7480.0,4896.88
2026-01-22,P002,R002,C006,32,2720.0,1644.66
2026-01-22,P002,R002,C002,126,10710.0,6232.43
2026-01-22,P002,R002,C008,65,5525.0,3511.97
2026-01-22,P002,R003,C009,114,9690.0,6004.25
2026-01-22,P002,R003,C003,64,5440.0,3282.6
2026-01-22,P002,R004,C004,43,3655.0,2409.09
2026-01-22,P002,R004,C010,44,3740.0,2214.94
2026-01-22,P003,R001,C005,5,3100.0,2246.7
2026-01-22,P003,R001,C011,17,10540.0,7769.61
2026-01-22,P003,R001,C001,12,7440.0,5225.22
2026-01-22,P003,R002,C006,5,3100.0,2060.63
2026-01-22,P003,R002,C002,12,7440.0,5426.55
2026-01-22,P003,R003,C009,11,6820.0,4672.86
2026-01-22,P003,R003,C003,6,3720.0,2549.58
2026-01-22,P003,R004,C004,4,2480.0,1668.84
2026-01-22,P003,R004,C010,2,1240.0,837.81
2026-01-22,P004,R001,C007,25,6000.0,3843.58
2026-01-22,P004,R001,C011,75,18000.0,11338.62
2026-01-22,P004,R002,C012,37,8880.0,6040.93
2026-01-22,P004,R002,C006,13,3120.0,1996.07
2026-01-22,P004,R003,C003,20,4800.0,2948.39
2026-01-22,P004,R003,C009,33,7920.0,5215.05
2026-01-22,P004,R004,C004,13,3120.0,1966.09
2026-01-22,P004,R004,C010,11,2640.0,1615.85
2026-01-22,P005,R001,C007,110,4950.0,3027.82
2026-01-22,P005,R001,C005,61,2745.0,1663.95
2026-01-22,P005,R002,C006,49,2205.0,1206.39
2026-01-22,P005,R002,C008,89,4005.0,2320.88
2026-01-22,P005,R003,C009,54,2430.0,1362.47
2026-01-22,P005,R003,C003,57,2565.0,1543.85
2026-01-22,P005,R004,C010,20,900.0,496.03
2026-01-22,P005,R004,C004,31,1395.0,781.87
2026-01-22,P006,R001,C001,61,7320.0,4885.73
2026-01-22,P006,R001,C007,22,2640.0,1611.87
2026-01-22,P006,R001,C005,22,2640.0,1730.17
2026-01-22,P006,R001,C011,61,7320.0,4964.21
2026-01-22,P006,R002,C012,47,5640.0,3812.15
2026-01-22,P006,R002,C002,43,5160.0,3170.86
2026-01-22,P006,R003,C009,29,3480.0,2091.59
2026-01-22,P006,R003,C003,28,3360.0,2189.83
2026-01-22,P006,R004,C004,28,3360.0,2224.49
2026-01-22,P006,R004,C010,21,2520.0,1711.23
2026-01-23,P001,R001,C005,9,3420.0,2426.62
2026-01-23,P001,R001,C001,34,12920.0,8995.78
2026-01-23,P001,R001,C007,19,7220.0,4919.92
2026-01-23,P001,R002,C008,17,6460.0,4596.22
2026-01-23,P001,R002,C006,11,4180.0,2959.59
2026-01-23,P001,R003,C009,17,6460.0,4278.63
2026-01-23,P001,R003,C003,14,5320.0,3751.43
2026-01-23,P001,R004,C004,7,2660.0,1710.78
2026-01-23,P001,R004,C010,5,1900.0,1348.54
2026-01-23,P002,R001,C011,125,10625.0,6661.04
2026-01-23,P002,R001,C005,51,4335.0,2847.48
2026-01-23,P002,R001,C001,194,16490.0,10103.55
2026-01-23,P002,R002,C006,47,3995.0,2545.14
2026-01-23,P002,R002,C002,83,7055.0,4412.68
2026-01-23,P002,R002,C008,64,5440.0,3325.37
2026-01-23,P002,R003,C003,57,4845.0,3152.39
2026-01-23,P002,R003,C009,120,10200.0,6471.28
2026-01-23,P002,R004,C010,39,3315.0,2167.4
2026-01-23,P002,R004,C004,68,5780.0,3358.88
2026-01-23,P003,R001,C005,5,3100.0,2240.24
2026-01-23,P003,R001,C011,17,10540.0,7213.04
2026-01-23,P003,R001,C007,7,4340.0,3015.65
2026-01-23,P003,R002,C006,2,1240.0,890.26
2026-01-23,P003,R002,C012,4,2480.0,1687.19
2026-01-23,P003,R002,C002,6,3720.0,2752.27
2026-01-23,P003,R002,C008,2,1240.0,908.08
2026-01-23,P003,R003,C009,8,4960.0,3330.87
2026-01-23,P003,R003,C003,5,3100.0,2189.79
2026-01-23,P003,R004,C010,4,2480.0,1686.58
2026-01-23,P003,R004,C004,3,1860.0,1300.18
2026-01-23,P004,R001,C007,12,2880.0,1957.96
2026-01-23,P004,R001,C011,26,6240.0,3969.26
2026-01-23,P004,R001,C005,9,2160.0,1399.46
2026-01-23,P004,R001,C001,26,6240.0,4303.24
2026-01-23,P004,R002,C008,13,3120.0,2079.76
2026-01-23,P004,R002,C012,29,6960.0,4319.94
2026-01-23,P004,R003,C009,22,5280.0,3524.78
2026-01-23,P004,R003,C003,19,4560.0,2815.3
2026-01-23,P004,R004,C010,9,2160.0,1446.49
2026-01-23,P004,R004,C004,15,3600.0,2301.78
2026-01-23,P005,R001,C005,37,1665.0,1029.83
2026-01-23,P005,R001,C007,61,2745.0,1650.68
2026-01-23,P005,R001,C001,113,5085.0,2943.55
2026-01-23,P005,R001,C011,66,2970.0,1732.54
2026-01-23,P005,R002,C002,53,2385.0,1469.55
2026-01-23,P005,R002,C006,19,855.0,528.66
2026-01-23,P005,R002,C012,77,3465.0,2096.05
2026-01-23,P005,R003,C003,43,1935.0,1053.81
2026-01-23,P005,R003,C009,63,2835.0,1684.69
2026-01-23,P005,R004,C004,25,1125.0,692.44
2026-01-23,P005,R004,C010,21,945.0,521.3
2026-01-23,P006,R001,C007,25,3000.0,2015.2
2026-01-23,P006,R001,C005,22,2640.0,1597.09
2026-01-23,P006,R001,C001,55,6600.0,4350.76
2026-01-23,P006,R001,C011,70,8400.0,5431.56
2026-01-23,P006,R002,C006,11,1320.0,826.2
2026-01-23,P006,R002,C002,26,3120.0,2033.29
2026-01-23,P006,R002,C012,33,3960.0,2628.71
2026-01-23,P006,R002,C008,12,1440.0,927.92
2026-01-23,P006,R003,C003,30,3600.0,2429.29
2026-01-23,P006,R003,C009,39,4680.0,2815.71
2026-01-23,P006,R004,C004,21,2520.0,1627.94
2026-01-23,P006,R004,C010,16,1920.0,1300.7
2026-01-24,P001,R001,C011,9,3420.0,2287.84
2026-01-24,P001,R001,C005,4,1520.0,999.34
2026-01-24,P001,R001,C001,11,4180.0,2760.81
2026-01-24,P001,R001,C007,8,3040.0,2106.15
2026-01-24,P001,R002,C002,10,3800.0,2723.81
2026-01-24,P001,R002,C012,9,3420.0,2385.08
2026-01-24,P001,R002,C008,4,1520.0,976.11
2026-01-24,P001,R003,C003,10,3800.0,2501.35
2026-01-24,P001,R003,C009,12,4560.0,3205.65
2026-01-24,P001,R004,C010,4,1520.0,1021.86
2026-01-24,P001,R004,C004,6,2280.0,1506.99
2026-01-24,P002,R001,C005,24,2040.0,1224.4
2026-01-24,P002,R001,C001,93,7905.0,5016.35
2026-01-24,P002,R001,C007,55,4675.0,2766.45
2026-01-24,P002,R001,C011,98,8330.0,5406.17
2026-01-24,P002,R002,C012,62,5270.0,3404.57
2026-01-24,P002,R002,C002,69,5865.0,3443.09
2026-01-24,P002,R002,C006,26,2210.0,1332.23
2026-01-24,P002,R003,C003,57,4845.0,2844.11
2026-01-24,P002,R003,C009,69,5865.0,3747.31
2026-01-24,P002,R004,C004,29,2465.0,1530.13
2026-01-24,P002,R004,C010,27,2295.0,1401.92
2026-01-24,P003,R001,C001,4,2480.0,1745.14
2026-01-24,P003,R001,C007,3,1860.0,1347.48
2026-01-24,P003,R001,C011,6,3720.0,2740.68
2026-01-24,P003,R002,C002,6,3720.0,2656.85
2026-01-24,P003,R002,C012,5,3100.0,2199.64
2026-01-24,P003,R003,C009,7,4340.0,3054.15
2026-01-24,P003,R003,C003,4,2480.0,1821.82
2026-01-24,P003,R004,C004,3,1860.0,1374.08
2026-01-24,P003,R004,C010,2,1240.0,872.74
2026-01-24,P004,R001,C005,7,1680.0,1094.72
2026-01-24,P004,R001,C007,7,1680.0,1037.6
2026-01-24,P004,R001,C011,19,4560.0,2799.68
2026-01-24,P004,R001,C001,19,4560.0,2839.78
2026-01-24,P004,R002,C002,31,7440.0,4885.13
2026-01-24,P004,R002,C008,17,4080.0,2767.19
2026-01-24,P004,R003,C003,11,2640.0,1680.97
2026-01-24,P004,R003,C009,17,4080.0,2725.32
2026-01-24,P004,R004,C004,6,1440.0,943.9
2026-01-24,P004,R004,C010,8,1920.0,1176.16
2026-01-24,P005,R001,C007,102,4590.0,2645.85
2026-01-24,P005,R001,C005,91,4095.0,2493.66
2026-01-24,P005,R002,C008,22,990.0,538.13
2026-01-24,P005,R002,C012,47,2115.0,1212.13
2026-01-24,P005,R002,C002,48,2160.0,1245.72
2026-01-24,P005,R002,C006,13,585.0,360.86
2026-01-24,P005,R003,C003,18,810.0,496.15
2026-01-24,P005,R003,C009,30,1350.0,756.5
2026-01-24,P005,R004,C004,18,810.0,483.07
2026-01-24,P005,R004,C010,13,585.0,347.32
2026-01-24,P006,R001,C007,27,3240.0,2196.08
2026-01-24,P006,R001,C001,48,5760.0,3712.1
2026-01-24,P006,R002,C008,23,2760.0,1700.72
2026-01-24,P006,R002,C002,50,6000.0,3764.39
2026-01-24,P006,R002,C006,11,1320.0,838.37
2026-01-24,P006,R003,C009,27,3240.0,2040.79
2026-01-24,P006,R003,C003,18,2160.0,1296.45
2026-01-24,P006,R004,C004,12,1440.0,893.74
2026-01-24,P006,R004,C010,8,960.0,625.95
2026-01-25,P001,R001,C007,10,3800.0,2466.56
2026-01-25,P001,R001,C011,19,7220.0,5077.52
2026-01-25,P001,R002,C008,7,2660.0,1764.01
2026-01-25,P001,R002,C006,4,1520.0,1023.46
2026-01-25,P001,R002,C012,8,3040.0,2020.53
2026-01-25,P001,R003,C003,6,2280.0,1570.69
2026-01-25,P001,R003,C009,8,3040.0,1983.35
2026-01-25,P001,R004,C010,3,1140.0,806.21
2026-01-25,P001,R004,C004,3,1140.0,756.57
2026-01-25,P002,R001,C001,140,11900.0,7470.82
2026-01-25,P002,R001,C007,51,4335.0,2859.45
2026-01-25,P002,R002,C002,97,8245.0,4890.53
2026-01-25,P002,R002,C008,44,3740.0,2347.97
2026-01-25,P002,R002,C006,33,2805.0,1709.86
2026-01-25,P002,R003,C003,37,3145.0,2043.98
2026-01-25,P002,R003,C009,47,3995.0,2566.32
2026-01-25,P002,R004,C004,22,1870.0,1142.77
2026-01-25,P002,R004,C010,21,1785.0,1087.82
2026-01-25,P003,R001,C001,7,4340.0,3033.37
2026-01-25,P003,R001,C011,10,6200.0,4551.01
2026-01-25,P003,R002,C006,3,1860.0,1328.97
2026-01-25,P003,R002,C002,9,5580.0,3686.65
2026-01-25,P003,R003,C003,3,1860.0,1240.29
2026-01-25,P003,R003,C009,8,4960.0,3614.22
2026-01-25,P003,R004,C004,2,1240.0,899.37
2026-01-25,P003,R004,C010,2,1240.0,878.78
2026-01-25,P004,R001,C011,30,7200.0,4940.64
2026-01-25,P004,R001,C007,14,3360.0,2163.61
2026-01-25,P004,R001,C005,7,1680.0,1124.39
2026-01-25,P004,R002,C008,5,1200.0,784.97
2026-01-25,P004,R002,C012,10,2400.0,1610.58
2026-01-25,P004,R002,C002,14,3360.0,2108.52
2026-01-25,P004,R002,C006,4,960.0,610.53
2026-01-25,P004,R003,C009,14,3360.0,2259.12
2026-01-25,P004,R003,C003,11,2640.0,1757.72
2026-01-25,P004,R004,C004,7,1680.0,1088.89
2026-01-25,P004,R004,C010,6,1440.0,881.25
2026-01-25,P005,R001,C005,14,630.0,342.25
2026-01-25,P005,R001,C011,37,1665.0,922.61
2026-01-25,P005,R001,C007,24,1080.0,598.24
2026-01-25,P005,R001,C001,41,1845.0,1037.91
2026-01-25,P005,R002,C008,26,1170.0,670.65
2026-01-25,P005,R002,C002,36,1620.0,888.09
2026-01-25,P005,R002,C012,44,1980.0,1095.26
2026-01-25,P005,R003,C009,47,2115.0,1226.14
2026-01-25,P005,R003,C003,24,1080.0,646.59
2026-01-25,P005,R004,C004,20,900.0,525.2
2026-01-25,P005,R004,C010,21,945.0,535.75
2026-01-25,P006,R001,C007,33,3960.0,2519.39
2026-01-25,P006,R001,C011,66,7920.0,5117.4
2026-01-25,P006,R002,C006,11,1320.0,876.19
2026-01-25,P006,R002,C012,30,3600.0,2301.34
2026-01-25,P006,R002,C002,23,2760.0,1749.22
2026-01-25,P006,R003,C009,20,2400.0,1611.82
2026-01-25,P006,R003,C003,20,2400.0,1554.28
2026-01-25,P006,R004,C004,14,1680.0,1138.16
2026-01-25,P006,R004,C010,7,840.0,553.38
2026-01-26,P001,R001,C007,22,8360.0,5636.9
2026-01-26,P001,R001,C001,53,20140.0,13800.54
2026-01-26,P001,R002,C008,11,4180.0,2855.68
2026-01-26,P001,R002,C012,23,8740.0,5952.76
2026-01-26,P001,R003,C009,17,6460.0,4454.89
2026-01-26,P001,R003,C003,9,3420.0,2454.04
2026-01-26,P001,R004,C004,5,1900.0,1283.83
2026-01-26,P001,R004,C010,5,1900.0,1277.6
2026-01-26,P002,R001,C007,110,9350.0,5769.03
2026-01-26,P002,R001,C011,215,18275.0,11683.12
2026-01-26,P002,R001,C005,99,8415.0,4964.11
2026-01-26,P002,R002,C002,151,12835.0,8370.52
2026-01-26,P002,R002,C012,133,11305.0,6617.81
2026-01-26,P002,R003,C009,136,11560.0,7144.8
2026-01-26,P002,R003,C003,62,5270.0,3281.39
2026-01-26,P002,R004,C004,43,3655.0,2266.27
2026-01-26,P002,R004,C010,39,3315.0,2109.35
2026-01-26,P003,R001,C001,17,10540.0,7407.13
2026-01-26,P003,R001,C005,8,4960.0,3434.35
2026-01-26,P003,R002,C012,8,4960.0,3336.57
2026-01-26,P003,R002,C006,3,1860.0,1364.89
2026-01-26,P003,R002,C008,4,2480.0,1729.21
2026-01-26,P003,R003,C003,7,4340.0,3111.57
2026-01-26,P003,R003,C009,7,4340.0,3061.42
2026-01-26,P003,R004,C004,4,2480.0,1706.21
2026-01-26,P003,R004,C010,3,1860.0,1234.96
2026-01-26,P004,R001,C001,32,7680.0,4935.8
2026-01-26,P004,R001,C005,18,4320.0,2862.87
2026-01-26,P004,R001,C007,27,6480.0,4072.03
2026-01-26,P004,R002,C006,31,7440.0,4665.88
2026-01-26,P004,R002,C008,38,9120.0,5672.33
2026-01-26,P004,R003,C003,11,2640.0,1815.04
2026-01-26,P004,R003,C009,19,4560.0,2798.88
2026-01-26,P004,R004,C010,8,1920.0,1173.23
2026-01-26,P004,R004,C004,11,2640.0,1747.59
2026-01-26,P005,R001,C007,90,4050.0,2202.06
2026-01-26,P005,R001,C001,170,7650.0,4257.24
2026-01-26,P005,R002,C006,29,1305.0,758.06
2026-01-26,P005,R002,C012,79,3555.0,2103.2
2026-01-26,P005,R002,C002,58,2610.0,1540.6
2026-01-26,P005,R003,C009,72,3240.0,1896.84
2026-01-26,P005,R003,C003,52,2340.0,1378.18
2026-01-26,P005,R004,C010,24,1080.0,595.24
2026-01-26,P005,R004,C004,36,1620.0,942.8
2026-01-26,P006,R001,C001,66,7920.0,5006.48
2026-01-26,P006,R001,C005,16,1920.0,1228.57
2026-01-26,P006,R001,C011,59,7080.0,4456.64
2026-01-26,P006,R001,C007,26,3120.0,1914.31
2026-01-26,P006,R002,C008,14,1680.0,1035.72
2026-01-26,P006,R002,C006,8,960.0,596.19
2026-01-26,P006,R002,C002,23,2760.0,1852.48
2026-01-26,P006,R002,C012,20,2400.0,1581.09
2026-01-26,P006,R003,C009,32,3840.0,2311.28
2026-01-26,P006,R003,C003,24,2880.0,1811.47
2026-01-26,P006,R004,C010,16,1920.0,1203.64
2026-01-26,P006,R004,C004,12,1440.0,883.94
2026-01-27,P001,R001,C007,8,3040.0,2183.62
2026-01-27,P001,R001,C011,23,8740.0,6208.88
2026-01-27,P001,R001,C001,16,6080.0,4011.79
2026-01-27,P001,R001,C005,5,1900.0,1324.6
2026-01-27,P001,R002,C002,9,3420.0,2295.59
2026-01-27,P001,R002,C008,6,2280.0,1565.54
2026-01-27,P001,R002,C006,3,1140.0,808.44
2026-01-27,P001,R002,C012,12,4560.0,3005.88
2026-01-27,P001,R003,C003,9,3420.0,2401.04
2026-01-27,P001,R003,C009,15,5700.0,4103.26
2026-01-27,P001,R004,C004,9,3420.0,2435.99
2026-01-27,P001,R004,C010,6,2280.0,1483.91
2026-01-27,P002,R001,C011,127,10795.0,6326.13
2026-01-27,P002,R001,C007,91,7735.0,5022.29
2026-01-27,P002,R001,C001,108,9180.0,5425.22
2026-01-27,P002,R002,C012,125,10625.0,6849.04
2026-01-27,P002,R002,C008,104,8840.0,5400.82
2026-01-27,P002,R003,C003,48,4080.0,2475.33
2026-01-27,P002,R003,C009,81,6885.0,4291.49
2026-01-27,P002,R004,C004,45,3825.0,2452.47
2026-01-27,P002,R004,C010,45,3825.0,2337.88
2026-01-27,P003,R001,C001,10,6200.0,4505.24
2026-01-27,P003,R001,C007,4,2480.0,1669.37
2026-01-27,P003,R001,C011,10,6200.0,4121.75
2026-01-27,P003,R001,C005,3,1860.0,1235.09
2026-01-27,P003,R002,C002,12,7440.0,5052.38
2026-01-27,P003,R002,C008,5,3100.0,2111.42
2026-01-27,P003,R003,C009,7,4340.0,2948.27
2026-01-27,P003,R003,C003,6,3720.0,2601.09
2026-01-27,P003,R004,C010,3,1860.0,1343.29
2026-01-27,P003,R004,C004,4,2480.0,1731.68
2026-01-27,P004,R001,C005,18,4320.0,2837.05
2026-01-27,P004,R001,C011,54,12960.0,7955.99
2026-01-27,P004,R002,C002,20,4800.0,3054.41
2026-01-27,P004,R002,C012,15,3600.0,2306.29
2026-01-27,P004,R002,C008,8,1920.0,1238.91
2026-01-27,P004,R002,C006,8,1920.0,1248.61
2026-01-27,P004,R003,C009,23,5520.0,3704.91
2026-01-27,P004,R003,C003,17,4080.0,2796.48
2026-01-27,P004,R004,C010,12,2880.0,1911.08
2026-01-27,P004,R004,C004,11,2640.0,1745.16
2026-01-27,P005,R001,C001,111,4995.0,2869.42
2026-01-27,P005,R001,C007,65,2925.0,1705.63
2026-01-27,P005,R001,C005,32,1440.0,812.56
2026-01-27,P005,R002,C002,58,2610.0,1607.03
2026-01-27,P005,R002,C006,25,1125.0,650.76
2026-01-27,P005,R002,C012,74,3330.0,2037.08
2026-01-27,P005,R003,C003,39,1755.0,1067.16
2026-01-27,P005,R003,C009,64,2880.0,1594.83
2026-01-27,P005,R004,C004,21,945.0,568.52
2026-01-27,P005,R004,C010,24,1080.0,630.39
2026-01-27,P006,R001,C011,125,15000.0,9213.31
2026-01-27,P006,R001,C007,46,5520.0,3435.02
2026-01-27,P006,R002,C012,53,6360.0,3828.63
2026-01-27,P006,R002,C006,19,2280.0,1383.66
2026-01-27,P006,R003,C003,31,3720.0,2371.86
2026-01-27,P006,R003,C009,47,5640.0,3631.07
2026-01-27,P006,R004,C010,13,1560.0,1021.15
2026-01-27,P006,R004,C004,21,2520.0,1693.69
2026-01-28,P001,R001,C005,18,6840.0,4719.06
2026-01-28,P001,R001,C001,54,20520.0,13553.08
2026-01-28,P001,R002,C012,20,7600.0,5145.45
2026-01-28,P001,R002,C002,20,7600.0,5421.0
2026-01-28,P001,R002,C006,5,1900.0,1329.1
2026-01-28,P001,R003,C009,14,5320.0,3787.57
2026-01-28,P001,R003,C003,8,3040.0,2165.24
2026-01-28,P001,R004,C004,6,2280.0,1621.84
2026-01-28,P001,R004,C010,5,1900.0,1243.58
2026-01-28,P002,R001,C001,181,15385.0,9784.85
2026-01-28,P002,R001,C011,153,13005.0,8423.9
2026-01-28,P002,R001,C005,66,5610.0,3470.75
2026-01-28,P002,R001,C007,80,6800.0,4003.95
2026-01-28,P002,R002,C002,80,6800.0,4467.85
2026-01-28,P002,R002,C012,67,5695.0,3541.95
2026-01-28,P002,R002,C006,31,2635.0,1719.22
2026-01-28,P002,R002,C008,56,4760.0,2917.45
2026-01-28,P002,R003,C009,124,10540.0,6149.61
2026-01-28,P002,R003,C003,87,7395.0,4825.81
2026-01-28,P002,R004,C004,49,4165.0,2700.97
2026-01-28,P002,R004,C010,43,3655.0,2131.76
2026-01-28,P003,R001,C007,7,4340.0,3064.94
2026-01-28,P003,R001,C001,8,4960.0,3298.91
2026-01-28,P003,R001,C005,3,1860.0,1265.21
2026-01-28,P003,R001,C011,13,8060.0,5597.37
2026-01-28,P003,R002,C002,9,5580.0,3862.08
2026-01-28,P003,R002,C012,6,3720.0,2576.16
2026-01-28,P003,R002,C006,2,1240.0,823.67
2026-01-28,P003,R002,C008,3,1860.0,1266.53
2026-01-28,P003,R003,C009,10,6200.0,4309.29
2026-01-28,P003,R003,C003,4,2480.0,1712.38
2026-01-28,P003,R004,C010,3,1860.0,1355.84
2026-01-28,P003,R004,C004,3,1860.0,1247.5
2026-01-28,P004,R001,C011,86,20640.0,12865.87
2026-01-28,P004,R001,C005,18,4320.0,2801.92
2026-01-28,P004,R002,C012,46,11040.0,7173.16
2026-01-28,P004,R002,C006,15,3600.0,2324.54
2026-01-28,P004,R003,C009,24,5760.0,3719.68
2026-01-28,P004,R003,C003,15,3600.0,2385.34
2026-01-28,P004,R004,C004,9,2160.0,1329.72
2026-01-28,P004,R004,C010,11,2640.0,1804.11
2026-01-28,P005,R001,C007,81,3645.0,2016.23
2026-01-28,P005,R001,C011,135,6075.0,3386.55
2026-01-28,P005,R002,C006,34,1530.0,865.75
2026-01-28,P005,R002,C002,93,4185.0,2314.35
2026-01-28,P005,R002,C008,58,2610.0,1411.05
2026-01-28,P005,R003,C003,41,1845.0,1007.51
2026-01-28,P005,R003,C009,39,1755.0,1028.32
2026-01-28,P005,R004,C004,19,855.0,483.92
2026-01-28,P005,R004,C010,19,855.0,516.52
2026-01-28,P006,R001,C005,35,4200.0,2688.39
2026-01-28,P006,R001,C001,144,17280.0,10707.87
2026-01-28,P006,R002,C006,19,2280.0,1480.74
2026-01-28,P006,R002,C012,66,7920.0,4778.56
2026-01-28,P006,R003,C003,22,2640.0,1780.6
2026-01-28,P006,R003,C009,33,3960.0,2512.49
2026-01-28,P006,R004,C010,17,2040.0,1327.67
2026-01-28,P006,R004,C004,18,2160.0,1320.66
2026-01-29,P001,R001,C005,8,3040.0,2046.43
2026-01-29,P001,R001,C001,25,9500.0,6807.9
2026-01-29,P001,R001,C007,14,5320.0,3746.92
2026-01-29,P001,R002,C008,12,4560.0,3068.28
2026-01-29,P001,R002,C002,30,11400.0,7632.73
2026-01-29,P001,R003,C003,12,4560.0,2951.47
2026-01-29,P001,R003,C009,20,7600.0,4964.31
2026-01-29,P001,R004,C010,4,1520.0,1078.21
2026-01-29,P001,R004,C004,8,3040.0,1997.62
2026-01-29,P002,R001,C001,216,18360.0,11214.44
2026-01-29,P002,R001,C007,112,9520.0,5534.92
2026-01-29,P002,R001,C005,60,5100.0,3351.1
2026-01-29,P002,R002,C002,99,8415.0,5207.62
2026-01-29,P002,R002,C012,103,8755.0,5324.38
2026-01-29,P002,R002,C008,47,3995.0,2586.92
2026-01-29,P002,R002,C006,31,2635.0,1593.51
2026-01-29,P002,R003,C009,101,8585.0,5226.16
2026-01-29,P002,R003,C003,87,7395.0,4585.93
2026-01-29,P002,R004,C010,50,4250.0,2545.01
2026-01-29,P002,R004,C004,68,5780.0,3467.45
2026-01-29,P003,R001,C005,7,4340.0,2866.71
2026-01-29,P003,R001,C001,17,10540.0,7571.46
2026-01-29,P003,R001,C007,7,4340.0,3120.58
2026-01-29,P003,R002,C002,8,4960.0,3415.61
2026-01-29,P003,R002,C012,9,5580.0,3943.25
2026-01-29,P003,R003,C003,8,4960.0,3302.59
2026-01-29,P003,R003,C009,9,5580.0,4010.24
2026-01-29,P003,R004,C004,3,1860.0,1305.09
2026-01-29,P003,R004,C010,3,1860.0,1298.41
2026-01-29,P004,R001,C007,32,7680.0,4846.28
2026-01-29,P004,R001,C005,22,5280.0,3410.53
2026-01-29,P004,R001,C001,69,16560.0,10786.73
2026-01-29,P004,R002,C002,40,9600.0,6084.84
2026-01-29,P004,R002,C008,23,5520.0,3715.36
2026-01-29,P004,R003,C009,24,5760.0,3606.45
2026-01-29,P004,R003,C003,22,5280.0,3297.43
2026-01-29,P004,R004,C004,11,2640.0,1765.37
2026-01-29,P004,R004,C010,6,1440.0,904.67
2026-01-29,P005,R001,C005,40,1800.0,980.29
2026-01-29,P005,R001,C011,99,4455.0,2755.95
2026-01-29,P005,R001,C007,67,3015.0,1635.0
2026-01-29,P005,R002,C012,55,2475.0,1348.35
2026-01-29,P005,R002,C002,63,2835.0,1607.83
2026-01-29,P005,R002,C008,46,2070.0,1259.47
2026-01-29,P005,R003,C009,79,3555.0,1937.48
2026-01-29,P005,R003,C003,40,1800.0,1026.55
2026-01-29,P005,R004,C010,31,1395.0,753.37
2026-01-29,P005,R004,C004,34,1530.0,828.29
2026-01-29,P006,R001,C007,55,6600.0,4141.59
2026-01-29,P006,R001,C005,53,6360.0,4313.37
2026-01-29,P006,R002,C006,48,5760.0,3633.12
2026-01-29,P006,R002,C008,60,7200.0,4659.14
2026-01-29,P006,R003,C009,38,4560.0,2757.23
2026-01-29,P006,R003,C003,17,2040.0,1365.16
2026-01-29,P006,R004,C004,25,3000.0,2004.48
2026-01-29,P006,R004,C010,14,1680.0,1107.84
2026-01-30,P001,R001,C007,23,8740.0,5616.39
2026-01-30,P001,R001,C011,46,17480.0,12229.28
2026-01-30,P001,R002,C006,12,4560.0,3233.73
2026-01-30,P001,R002,C008,17,6460.0,4273.82
2026-01-30,P001,R003,C009,19,7220.0,4991.43
2026-01-30,P001,R003,C003,11,4180.0,2945.77
2026-01-30,P001,R004,C010,5,1900.0,1223.89
2026-01-30,P001,R004,C004,8,3040.0,2017.23
2026-01-30,P002,R001,C001,207,17595.0,10686.64
2026-01-30,P002,R001,C007,151,12835.0,7582.41
2026-01-30,P002,R002,C002,95,8075.0,4913.33
2026-01-30,P002,R002,C006,21,1785.0,1053.02
2026-01-30,P002,R002,C008,38,3230.0,1903.86
2026-01-30,P002,R002,C012,105,8925.0,5533.57
2026-01-30,P002,R003,C009,153,13005.0,7764.57
2026-01-30,P002,R003,C003,78,6630.0,4062.74
2026-01-30,P002,R004,C010,35,2975.0,1798.71
2026-01-30,P002,R004,C004,50,4250.0,2603.66
2026-01-30,P003,R001,C007,7,4340.0,2919.21
2026-01-30,P003,R001,C001,12,7440.0,5323.21
2026-01-30,P003,R001,C011,11,6820.0,4679.78
2026-01-30,P003,R002,C006,5,3100.0,2239.35
2026-01-30,P003,R002,C008,7,4340.0,3124.66
2026-01-30,P003,R002,C002,11,6820.0,4715.5
2026-01-30,P003,R003,C009,6,3720.0,2468.24
2026-01-30,P003,R003,C003,4,2480.0,1713.44
2026-01-30,P003,R004,C010,3,1860.0,1277.01
2026-01-30,P003,R004,C004,4,2480.0,1687.08
2026-01-30,P004,R001,C001,34,8160.0,5058.6
2026-01-30,P004,R001,C007,24,5760.0,3649.74
2026-01-30,P004,R001,C005,16,3840.0,2452.53
2026-01-30,P004,R002,C008,13,3120.0,2091.06
2026-01-30,P004,R002,C012,24,5760.0,3826.88
2026-01-30,P004,R002,C002,29,6960.0,4723.23
2026-01-30,P004,R003,C003,16,3840.0,2625.26
2026-01-30,P004,R003,C009,21,5040.0,3074.77
2026-01-30,P004,R004,C004,13,3120.0,1970.6
2026-01-30,P004,R004,C010,10,2400.0,1519.07
2026-01-30,P005,R001,C001,88,3960.0,2424.19
2026-01-30,P005,R001,C011,83,3735.0,2089.45
2026-01-30,P005,R001,C005,30,1350.0,801.59
2026-01-30,P005,R001,C007,36,1620.0,927.0
2026-01-30,P005,R002,C012,56,2520.0,1536.85
2026-01-30,P005,R002,C006,23,1035.0,631.91
2026-01-30,P005,R002,C002,55,2475.0,1349.86
2026-01-30,P005,R003,C009,48,2160.0,1210.34
2026-01-30,P005,R003,C003,51,2295.0,1394.11
2026-01-30,P005,R004,C010,21,945.0,535.8
2026-01-30,P005,R004,C004,37,1665.0,992.44
2026-01-30,P006,R001,C011,91,10920.0,6752.13
2026-01-30,P006,R001,C007,46,5520.0,3475.3
2026-01-30,P006,R002,C008,16,1920.0,1224.74
2026-01-30,P006,R002,C012,28,3360.0,2117.94
2026-01-30,P006,R002,C006,10,1200.0,789.43
2026-01-30,P006,R002,C002,26,3120.0,1889.56
2026-01-30,P006,R003,C003,21,2520.0,1545.09
2026-01-30,P006,R003,C009,43,5160.0,3400.55
2026-01-30,P006,R004,C010,15,1800.0,1135.02
2026-01-30,P006,R004,C004,20,2400.0,1577.32
2026-01-31,P001,R001,C007,8,3040.0,2108.25
2026-01-31,P001,R001,C011,13,4940.0,3320.8
2026-01-31,P001,R001,C005,6,2280.0,1515.07
2026-01-31,P001,R002,C008,12,4560.0,3022.8
2026-01-31,P001,R002,C002,17,6460.0,4266.09
2026-01-31,P001,R003,C009,9,3420.0,2356.65
2026-01-31,P001,R003,C003,9,3420.0,2222.24
2026-01-31,P001,R004,C004,5,1900.0,1303.26
2026-01-31,P001,R004,C010,5,1900.0,1239.04
2026-01-31,P002,R001,C011,148,12580.0,8261.01
2026-01-31,P002,R001,C007,52,4420.0,2628.15
2026-01-31,P002,R001,C005,44,3740.0,2261.91
2026-01-31,P002,R002,C002,57,4845.0,2921.38
2026-01-31,P002,R002,C008,24,2040.0,1282.27
2026-01-31,P002,R002,C006,13,1105.0,680.49
2026-01-31,P002,R002,C012,39,3315.0,2078.52
2026-01-31,P002,R003,C009,74,6290.0,3984.97
2026-01-31,P002,R003,C003,35,2975.0,1888.18
2026-01-31,P002,R004,C010,33,2805.0,1675.74
2026-01-31,P002,R004,C004,41,3485.0,2224.66
2026-01-31,P003,R001,C001,8,4960.0,3394.18
2026-01-31,P003,R001,C007,3,1860.0,1373.92
2026-01-31,P003,R001,C011,7,4340.0,2956.74
2026-01-31,P003,R002,C012,6,3720.0,2628.35
2026-01-31,P003,R002,C002,6,3720.0,2685.94
2026-01-31,P003,R002,C008,3,1860.0,1370.64
2026-01-31,P003,R003,C009,5,3100.0,2269.93
2026-01-31,P003,R003,C003,4,2480.0,1672.04
2026-01-31,P003,R004,C010,2,1240.0,877.07
2026-01-31,P003,R004,C004,3,1860.0,1242.0
2026-01-31,P004,R001,C011,40,9600.0,6261.15
2026-01-31,P004,R001,C005,14,3360.0,2142.29
2026-01-31,P004,R001,C007,16,3840.0,2435.45
2026-01-31,P004,R002,C012,15,3600.0,2323.23
2026-01-31,P004,R002,C006,5,1200.0,777.24
2026-01-31,P004,R002,C002,10,2400.0,1552.93
2026-01-31,P004,R002,C008,8,1920.0,1205.39
2026-01-31,P004,R003,C003,10,2400.0,1618.44
2026-01-31,P004,R003,C009,13,3120.0,1932.05
2026-01-31,P004,R004,C004,6,1440.0,981.74
2026-01-31,P004,R004,C010,6,1440.0,932.29
2026-01-31,P005,R001,C005,53,2385.0,1416.04
2026-01-31,P005,R001,C007,85,3825.0,2070.72
2026-01-31,P005,R002,C008,19,855.0,522.97
2026-01-31,P005,R002,C012,31,1395.0,772.04
2026-01-31,P005,R002,C006,13,585.0,351.26
2026-01-31,P005,R002,C002,33,1485.0,858.09
2026-01-31,P005,R003,C003,25,1125.0,617.99
2026-01-31,P005,R003,C009,49,2205.0,1209.15
2026-01-31,P005,R004,C004,12,540.0,333.21
2026-01-31,P005,R004,C010,15,675.0,416.69
2026-01-31,P006,R001,C007,21,2520.0,1591.45
2026-01-31,P006,R001,C001,34,4080.0,2507.27
2026-01-31,P006,R001,C011,25,3000.0,1822.75
2026-01-31,P006,R002,C002,65,7800.0,5204.39
2026-01-31,P006,R002,C006,22,2640.0,1611.8
2026-01-31,P006,R003,C009,37,4440.0,2938.72
2026-01-31,P006,R003,C003,23,2760.0,1745.85
2026-01-31,P006,R004,C010,13,1560.0,983.52
2026-01-31,P006,R004,C004,13,1560.0,1035.7
2026-02-01,P001,R001,C005,3,1140.0,792.32
2026-02-01,P001,R001,C011,8,3040.0,2020.14
2026-02-01,P001,R001,C001,10,3800.0,2633.59
2026-02-01,P001,R002,C006,2,760.0,536.23
2026-02-01,P001,R002,C012,7,2660.0,1842.81
2026-02-01,P001,R002,C008,2,760.0,514.57
2026-02-01,P001,R002,C002,5,1900.0,1344.41
2026-02-01,P001,R003,C009,6,2280.0,1515.14
2026-02-01,P001,R003,C003,4,1520.0,1006.03
2026-02-01,P001,R004,C010,3,1140.0,806.69
2026-02-01,P001,R004,C004,3,1140.0,751.53
2026-02-01,P002,R001,C011,128,10880.0,6590.61
2026-02-01,P002,R001,C005,46,3910.0,2478.64
2026-02-01,P002,R002,C006,12,1020.0,630.51
2026-02-01,P002,R002,C008,26,2210.0,1342.53
2026-02-01,P002,R002,C012,43,3655.0,2185.0
2026-02-01,P002,R002,C002,43,3655.0,2234.32
2026-02-01,P002,R003,C009,68,5780.0,3599.02
2026-02-01,P002,R003,C003,34,2890.0,1900.18
2026-02-01,P002,R004,C010,15,1275.0,825.76
2026-02-01,P002,R004,C004,18,1530.0,889.09
2026-02-01,P003,R001,C011,5,3100.0,2198.55
2026-02-01,P003,R001,C001,6,3720.0,2743.51
2026-02-01,P003,R001,C005,1,620.0,434.41
2026-02-01,P003,R001,C007,3,1860.0,1279.63
2026-02-01,P003,R002,C012,6,3720.0,2623.73
2026-02-01,P003,R002,C008,4,2480.0,1691.62
2026-02-01,P003,R003,C003,3,1860.0,1305.88
2026-02-01,P003,R003,C009,4,2480.0,1677.44
2026-02-01,P003,R004,C010,2,1240.0,888.61
2026-02-01,P003,R004,C004,3,1860.0,1270.56
2026-02-01,P004,R001,C011,14,3360.0,2157.83
2026-02-01,P004,R001,C007,8,1920.0,1213.45
2026-02-01,P004,R001,C001,20,4800.0,3204.96
2026-02-01,P004,R001,C005,4,960.0,629.46
2026-02-01,P004,R002,C008,7,1680.0,1141.16
2026-02-01,P004,R002,C002,17,4080.0,2551.47
2026-02-01,P004,R003,C009,16,3840.0,2497.06
2026-02-01,P004,R003,C003,7,1680.0,1071.11
2026-02-01,P004,R004,C010,6,1440.0,899.33
2026-02-01,P004,R004,C004,6,1440.0,894.69
2026-02-01,P005,R001,C001,38,1710.0,952.65
2026-02-01,P005,R001,C005,13,585.0,330.35
2026-02-01,P005,R001,C011,40,1800.0,976.31
2026-02-01,P005,R001,C007,21,945.0,563.98
2026-02-01,P005,R002,C012,34,1530.0,878.84
2026-02-01,P005,R002,C002,39,1755.0,973.97
2026-02-01,P005,R003,C009,37,1665.0,928.31
2026-02-01,P005,R003,C003,26,1170.0,724.51
2026-02-01,P005,R004,C004,14,630.0,347.8
2026-02-01,P005,R004,C010,10,450.0,244.02
2026-02-01,P006,R001,C001,29,3480.0,2117.21
2026-02-01,P006,R001,C005,8,960.0,624.53
2026-02-01,P006,R001,C011,29,3480.0,2189.19
2026-02-01,P006,R001,C007,18,2160.0,1452.89
2026-02-01,P006,R002,C006,5,600.0,376.28
2026-02-01,P006,R002,C008,8,960.0,642.07
2026-02-01,P006,R002,C012,13,1560.0,949.53
2026-02-01,P006,R002,C002,17,2040.0,1229.38
2026-02-01,P006,R003,C009,16,1920.0,1269.31
2026-02-01,P006,R003,C003,13,1560.0,974.43
2026-02-01,P006,R004,C004,9,1080.0,705.71
2026-02-01,P006,R004,C010,7,840.0,515.47
2026-02-02,P001,R001,C011,19,7220.0,5034.18
2026-02-02,P001,R001,C001,13,4940.0,3488.12
2026-02-02,P001,R001,C007,9,3420.0,2347.02
2026-02-02,P001,R002,C002,8,3040.0,1994.9
2026-02-02,P001,R002,C006,4,1520.0,1060.13
2026-02-02,P001,R002,C008,4,1520.0,998.5
2026-02-02,P001,R002,C012,10,3800.0,2646.73
2026-02-02,P001,R003,C003,7,2660.0,1807.08
2026-02-02,P001,R003,C009,15,5700.0,4091.58
2026-02-02,P001,R004,C004,4,1520.0,1092.25
2026-02-02,P001,R004,C010,5,1900.0,1264.92
2026-02-02,P002,R001,C011,144,12240.0,7967.08
2026-02-02,P002,R001,C001,142,12070.0,7244.53
2026-02-02,P002,R002,C012,92,7820.0,5021.68
2026-02-02,P002,R002,C008,46,3910.0,2283.0
2026-02-02,P002,R002,C002,89,7565.0,4485.66
2026-02-02,P002,R003,C009,90,7650.0,4954.37
2026-02-02,P002,R003,C003,47,3995.0,2575.38
2026-02-02,P002,R004,C004,54,4590.0,3026.41
2026-02-02,P002,R004,C010,44,3740.0,2353.07
2026-02-02,P003,R001,C001,8,4960.0,3303.34
2026-02-02,P003,R001,C007,3,1860.0,1276.22
2026-02-02,P003,R001,C011,9,5580.0,3775.89
2026-02-02,P003,R001,C005,2,1240.0,871.99
2026-02-02,P003,R002,C008,7,4340.0,3112.02
2026-02-02,P003,R002,C006,5,3100.0,2078.38
2026-02-02,P003,R003,C003,4,2480.0,1674.91
2026-02-02,P003,R003,C009,8,4960.0,3654.72
2026-02-02,P003,R004,C010,2,1240.0,837.97
2026-02-02,P003,R004,C004,4,2480.0,1783.94
2026-02-02,P004,R001,C011,21,5040.0,3123.74
2026-02-02,P004,R001,C005,9,2160.0,1317.77
2026-02-02,P004,R001,C001,19,4560.0,3077.07
2026-02-02,P004,R002,C002,25,6000.0,4129.96
2026-02-02,P004,R002,C006,10,2400.0,1622.33
2026-02-02,P004,R002,C008,18,4320.0,2822.98
2026-02-02,P004,R003,C009,16,3840.0,2570.38
2026-02-02,P004,R003,C003,10,2400.0,1484.03
2026-02-02,P004,R004,C010,7,1680.0,1142.22
2026-02-02,P004,R004,C004,6,1440.0,955.52
2026-02-02,P005,R001,C001,101,4545.0,2649.23
2026-02-02,P005,R001,C011,63,2835.0,1618.31
2026-02-02,P005,R001,C005,33,1485.0,917.85
2026-02-02,P005,R002,C002,42,1890.0,1141.71
2026-02-02,P005,R002,C012,39,1755.0,1053.96
2026-02-02,P005,R002,C006,10,450.0,243.46
2026-02-02,P005,R002,C008,19,855.0,503.85
2026-02-02,P005,R003,C003,25,1125.0,696.96
2026-02-02,P005,R003,C009,30,1350.0,740.54
2026-02-02,P005,R004,C004,17,765.0,422.54
2026-02-02,P005,R004,C010,16,720.0,397.78
2026-02-02,P006,R001,C011,23,2760.0,1806.63
2026-02-02,P006,R001,C007,14,1680.0,1033.64
2026-02-02,P006,R001,C001,37,4440.0,2670.21
2026-02-02,P006,R001,C005,10,1200.0,786.91
2026-02-02,P006,R002,C002,23,2760.0,1693.45
2026-02-02,P006,R002,C012,26,3120.0,2094.07
2026-02-02,P006,R002,C006,11,1320.0,830.52
2026-02-02,P006,R003,C003,22,2640.0,1719.86
2026-02-02,P006,R003,C009,28,3360.0,2224.77
2026-02-02,P006,R004,C004,11,1320.0,836.98
2026-02-02,P006,R004,C010,9,1080.0,712.24
2026-02-03,P001,R001,C007,6,2280.0,1640.96
2026-02-03,P001,R001,C011,13,4940.0,3432.51
2026-02-03,P001,R001,C005,6,2280.0,1561.71
2026-02-03,P001,R001,C001,10,3800.0,2550.91
2026-02-03,P001,R002,C008,10,3800.0,2467.08
2026-02-03,P001,R002,C002,16,6080.0,4261.74
2026-02-03,P001,R003,C009,18,6840.0,4805.41
2026-02-03,P001,R003,C003,12,4560.0,3190.07
2026-02-03,P001,R004,C004,6,2280.0,1464.21
2026-02-03,P001,R004,C010,3,1140.0,783.98
2026-02-03,P002,R001,C001,82,6970.0,4254.48
2026-02-03,P002,R001,C011,116,9860.0,6457.75
2026-02-03,P002,R001,C007,40,3400.0,2000.61
2026-02-03,P002,R002,C002,151,12835.0,7556.68
2026-02-03,P002,R002,C006,48,4080.0,2621.83
2026-02-03,P002,R003,C009,104,8840.0,5695.65
2026-02-03,P002,R003,C003,75,6375.0,3928.7
2026-02-03,P002,R004,C004,41,3485.0,2191.79
2026-02-03,P002,R004,C010,26,2210.0,1321.89
2026-02-03,P003,R001,C007,8,4960.0,3530.86
2026-02-03,P003,R001,C005,4,2480.0,1740.37
2026-02-03,P003,R001,C011,15,9300.0,6798.48
2026-02-03,P003,R002,C002,8,4960.0,3582.93
2026-02-03,P003,R002,C012,5,3100.0,2243.5
2026-02-03,P003,R002,C008,3,1860.0,1228.62
2026-02-03,P003,R003,C003,4,2480.0,1790.43
2026-02-03,P003,R003,C009,8,4960.0,3317.8
2026-02-03,P003,R004,C010,3,1860.0,1235.32
2026-02-03,P003,R004,C004,4,2480.0,1697.25
2026-02-03,P004,R001,C005,11,2640.0,1629.42
2026-02-03,P004,R001,C011,34,8160.0,5451.53
2026-02-03,P004,R001,C001,41,9840.0,6571.78
2026-02-03,P004,R002,C006,16,3840.0,2604.81
2026-02-03,P004,R002,C002,29,6960.0,4519.17
2026-02-03,P004,R003,C009,22,5280.0,3233.32
2026-02-03,P004,R003,C003,15,3600.0,2293.09
2026-02-03,P004,R004,C010,6,1440.0,991.9
2026-02-03,P004,R004,C004,5,1200.0,773.06
2026-02-03,P005,R001,C007,46,2070.0,1202.95
2026-02-03,P005,R001,C005,30,1350.0,732.9
2026-02-03,P005,R001,C011,75,3375.0,1989.66
2026-02-03,P005,R002,C012,77,3465.0,2124.05
2026-02-03,P005,R002,C008,26,1170.0,708.42
2026-02-03,P005,R003,C003,37,1665.0,941.91
2026-02-03,P005,R003,C009,48,2160.0,1254.28
2026-02-03,P005,R004,C004,17,765.0,473.94
2026-02-03,P005,R004,C010,19,855.0,470.57
2026-02-03,P006,R001,C011,43,5160.0,3380.98
2026-02-03,P006,R001,C007,15,1800.0,1083.66
2026-02-03,P006,R001,C001,41,4920.0,3097.15
2026-02-03,P006,R001,C005,18,2160.0,1456.62
2026-02-03,P006,R002,C008,28,3360.0,2230.28
2026-02-03,P006,R002,C002,32,3840.0,2543.14
2026-02-03,P006,R003,C009,26,3120.0,2063.24
2026-02-03,P006,R003,C003,19,2280.0,1430.1
2026-02-03,P006,R004,C004,13,1560.0,1039.78
2026-02-03,P006,R004,C010,9,1080.0,680.28
2026-02-04,P001,R001,C005,7,2660.0,1705.44
2026-02-04,P001,R001,C001,16,6080.0,4345.66
2026-02-04,P001,R001,C011,16,6080.0,4163.22
2026-02-04,P001,R002,C012,11,4180.0,2901.88
2026-02-04,P001,R002,C002,17,6460.0,4510.26
2026-02-04,P001,R003,C003,6,2280.0,1484.46
2026-02-04,P001,R003,C009,11,4180.0,2934.48
2026-02-04,P001,R004,C004,4,1520.0,977.79
2026-02-04,P001,R004,C010,4,1520.0,1036.83
2026-02-04,P002,R001,C005,63,5355.0,3180.52
2026-02-04,P002,R001,C007,123,10455.0,6197.4
2026-02-04,P002,R001,C001,164,13940.0,9040.03
2026-02-04,P002,R002,C012,86,7310.0,4255.95
2026-02-04,P002,R002,C002,82,6970.0,4467.22
2026-02-04,P002,R003,C009,51,4335.0,2629.47
2026-02-04,P002,R003,C003,36,3060.0,1958.74
2026-02-04,P002,R004,C004,41,3485.0,2233.52
2026-02-04,P002,R004,C010,41,3485.0,2078.9
2026-02-04,P003,R001,C011,5,3100.0,2287.81
2026-02-04,P003,R001,C005,3,1860.0,1311.58
2026-02-04,P003,R001,C001,7,4340.0,3102.37
2026-02-04,P003,R001,C007,4,2480.0,1645.14
2026-02-04,P003,R002,C008,2,1240.0,824.57
2026-02-04,P003,R002,C006,2,1240.0,819.88
2026-02-04,P003,R002,C002,5,3100.0,2278.83
2026-02-04,P003,R002,C012,6,3720.0,2603.41
2026-02-04,P003,R003,C009,5,3100.0,2054.03
2026-02-04,P003,R003,C003,4,2480.0,1790.79
2026-02-04,P003,R004,C010,2,1240.0,818.54
2026-02-04,P003,R004,C004,2,1240.0,835.59
2026-02-04,P004,R001,C011,19,4560.0,2912.8
2026-02-04,P004,R001,C007,11,2640.0,1677.39
2026-02-04,P004,R001,C001,21,5040.0,3134.15
2026-02-04,P004,R001,C005,6,1440.0,879.93
2026-02-04,P004,R002,C008,12,2880.0,1958.66
2026-02-04,P004,R002,C002,21,5040.0,3399.72
2026-02-04,P004,R002,C006,9,2160.0,1391.12
2026-02-04,P004,R003,C009,13,3120.0,2146.26
2026-02-04,P004,R003,C003,12,2880.0,1924.4
2026-02-04,P004,R004,C010,8,1920.0,1194.96
2026-02-04,P004,R004,C004,9,2160.0,1439.02
2026-02-04,P005,R001,C011,69,3105.0,1829.88
2026-02-04,P005,R001,C007,42,1890.0,1109.9
2026-02-04,P005,R001,C005,32,1440.0,779.68
2026-02-04,P005,R001,C001,76,3420.0,2073.97
2026-02-04,P005,R002,C002,96,4320.0,2491.53
2026-02-04,P005,R002,C008,44,1980.0,1224.63
2026-02-04,P005,R003,C003,47,2115.0,1232.36
2026-02-04,P005,R003,C009,44,1980.0,1166.89
2026-02-04,P005,R004,C010,26,1170.0,722.68
2026-02-04,P005,R004,C004,25,1125.0,696.4
2026-02-04,P006,R001,C001,75,9000.0,5569.54
2026-02-04,P006,R001,C007,33,3960.0,2570.69
2026-02-04,P006,R001,C005,26,3120.0,1978.24
2026-02-04,P006,R002,C008,12,1440.0,870.72
2026-02-04,P006,R002,C006,9,1080.0,670.46
2026-02-04,P006,R002,C002,32,3840.0,2361.64
2026-02-04,P006,R002,C012,20,2400.0,1499.8
2026-02-04,P006,R003,C003,24,2880.0,1881.84
2026-02-04,P006,R003,C009,27,3240.0,2024.17
2026-02-04,P006,R004,C004,16,1920.0,1207.28
2026-02-04,P006,R004,C010,8,960.0,637.02
2026-02-05,P001,R001,C007,10,3800.0,2434.09
2026-02-05,P001,R001,C011,24,9120.0,6076.37
2026-02-05,P001,R002,C006,7,2660.0,1862.17
2026-02-05,P001,R002,C008,12,4560.0,2931.11
2026-02-05,P001,R003,C009,9,3420.0,2372.15
2026-02-05,P001,R003,C003,7,2660.0,1851.4
2026-02-05,P001,R004,C004,6,2280.0,1467.6
2026-02-05,P001,R004,C010,3,1140.0,739.53
2026-02-05,P002,R001,C005,46,3910.0,2515.86
2026-02-05,P002,R001,C011,133,11305.0,7321.91
2026-02-05,P002,R001,C001,132,11220.0,6985.08
2026-02-05,P002,R002,C006,25,2125.0,1375.54
2026-02-05,P002,R002,C012,73,6205.0,3946.24
2026-02-05,P002,R002,C002,78,6630.0,4180.22
2026-02-05,P002,R002,C008,44,3740.0,2274.32
2026-02-05,P002,R003,C003,40,3400.0,2166.94
2026-02-05,P002,R003,C009,65,5525.0,3631.96
2026-02-05,P002,R004,C004,28,2380.0,1556.3
2026-02-05,P002,R004,C010,20,1700.0,1089.28
2026-02-05,P003,R001,C001,10,6200.0,4312.07
2026-02-05,P003,R001,C005,5,3100.0,2069.93
2026-02-05,P003,R001,C007,6,3720.0,2713.38
2026-02-05,P003,R002,C002,5,3100.0,2290.23
2026-02-05,P003,R002,C012,6,3720.0,2667.4
2026-02-05,P003,R002,C008,3,1860.0,1279.55
2026-02-05,P003,R002,C006,2,1240.0,850.52
2026-02-05,P003,R003,C009,5,3100.0,2122.77
2026-02-05,P003,R003,C003,3,1860.0,1290.68
2026-02-05,P003,R004,C004,2,1240.0,826.74
2026-02-05,P003,R004,C010,2,1240.0,855.63
2026-02-05,P004,R001,C001,35,8400.0,5359.09
2026-02-05,P004,R001,C007,17,4080.0,2687.17
2026-02-05,P004,R002,C006,8,1920.0,1295.07
2026-02-05,P004,R002,C002,26,6240.0,4261.1
2026-02-05,P004,R002,C012,16,3840.0,2399.34
2026-02-05,P004,R003,C003,15,3600.0,2219.47
2026-02-05,P004,R003,C009,24,5760.0,3767.61
2026-02-05,P004,R004,C004,7,1680.0,1136.67
2026-02-05,P004,R004,C010,7,1680.0,1049.14
2026-02-05,P005,R001,C005,21,945.0,524.94
2026-02-05,P005,R001,C007,29,1305.0,781.25
2026-02-05,P005,R001,C001,81,3645.0,1985.39
2026-02-05,P005,R001,C011,57,2565.0,1451.77
2026-02-05,P005,R002,C012,50,2250.0,1218.0
2026-02-05,P005,R002,C002,58,2610.0,1577.13
2026-02-05,P005,R003,C009,69,3105.0,1856.0
2026-02-05,P005,R003,C003,32,1440.0,862.08
2026-02-05,P005,R004,C004,20,900.0,538.95
2026-02-05,P005,R004,C010,14,630.0,354.09
2026-02-05,P006,R001,C001,40,4800.0,3056.02
2026-02-05,P006,R001,C005,10,1200.0,724.93
2026-02-05,P006,R001,C011,38,4560.0,2775.86
2026-02-05,P006,R002,C012,29,3480.0,2220.37
2026-02-05,P006,R002,C002,23,2760.0,1666.7
2026-02-05,P006,R002,C006,11,1320.0,805.1
2026-02-05,P006,R003,C009,35,4200.0,2710.11
2026-02-05,P006,R003,C003,15,1800.0,1116.74
2026-02-05,P006,R004,C004,15,1800.0,1139.78
2026-02-05,P006,R004,C010,12,1440.0,866.71
2026-02-06,P001,R001,C007,17,6460.0,4263.63
2026-02-06,P001,R001,C011,35,13300.0,8957.53
2026-02-06,P001,R002,C006,10,3800.0,2608.23
2026-02-06,P001,R002,C008,16,6080.0,4124.99
2026-02-06,P001,R003,C003,7,2660.0,1897.39
2026-02-06,P001,R003,C009,17,6460.0,4582.31
2026-02-06,P001,R004,C004,7,2660.0,1877.4
2026-02-06,P001,R004,C010,5,1900.0,1357.63
2026-02-06,P002,R001,C001,131,11135.0,6865.36
2026-02-06,P002,R001,C007,80,6800.0,4337.63
2026-02-06,P002,R001,C005,54,4590.0,3017.01
2026-02-06,P002,R002,C006,26,2210.0,1293.28
2026-02-06,P002,R002,C008,38,3230.0,1951.44
2026-02-06,P002,R002,C002,72,6120.0,3737.03
2026-02-06,P002,R002,C012,49,4165.0,2721.47
2026-02-06,P002,R003,C003,38,3230.0,2122.91
2026-02-06,P002,R003,C009,83,7055.0,4348.51
2026-02-06,P002,R004,C010,39,3315.0,1951.88
2026-02-06,P002,R004,C004,36,3060.0,1779.27
2026-02-06,P003,R001,C001,14,8680.0,6331.66
2026-02-06,P003,R001,C011,14,8680.0,6034.52
2026-02-06,P003,R002,C002,11,6820.0,5005.67
2026-02-06,P003,R002,C006,4,2480.0,1678.85
2026-02-06,P003,R003,C009,6,3720.0,2581.53
2026-02-06,P003,R003,C003,4,2480.0,1805.9
2026-02-06,P003,R004,C004,3,1860.0,1294.79
2026-02-06,P003,R004,C010,2,1240.0,909.62
2026-02-06,P004,R001,C011,27,6480.0,4293.16
2026-02-06,P004,R001,C007,11,2640.0,1689.3
2026-02-06,P004,R001,C001,30,7200.0,4642.71
2026-02-06,P004,R002,C008,11,2640.0,1808.27
2026-02-06,P004,R002,C002,15,3600.0,2234.66
2026-02-06,P004,R002,C012,20,4800.0,3194.6
2026-02-06,P004,R003,C009,18,4320.0,2972.54
2026-02-06,P004,R003,C003,12,2880.0,1812.14
2026-02-06,P004,R004,C010,8,1920.0,1280.37
2026-02-06,P004,R004,C004,10,2400.0,1517.86
2026-02-06,P005,R001,C007,65,2925.0,1765.85
2026-02-06,P005,R001,C001,147,6615.0,3659.02
2026-02-06,P005,R002,C012,26,1170.0,672.02
2026-02-06,P005,R002,C002,39,1755.0,1015.54
2026-02-06,P005,R002,C008,16,720.0,395.75
2026-02-06,P005,R002,C006,10,450.0,275.71
2026-02-06,P005,R003,C003,47,2115.0,1256.0
2026-02-06,P005,R003,C009,62,2790.0,1718.14
2026-02-06,P005,R004,C004,19,855.0,493.61
2026-02-06,P005,R004,C010,20,900.0,548.42
2026-02-06,P006,R001,C001,30,3600.0,2242.43
2026-02-06,P006,R001,C011,42,5040.0,3202.94
2026-02-06,P006,R001,C005,11,1320.0,852.6
2026-02-06,P006,R002,C012,22,2640.0,1694.12
2026-02-06,P006,R002,C002,20,2400.0,1525.03
2026-02-06,P006,R002,C006,10,1200.0,813.87
2026-02-06,P006,R002,C008,16,1920.0,1196.69
2026-02-06,P006,R003,C009,21,2520.0,1651.27
2026-02-06,P006,R003,C003,18,2160.0,1352.47
2026-02-06,P006,R004,C010,8,960.0,652.62
2026-02-06,P006,R004,C004,13,1560.0,1042.26
2026-02-07,P001,R001,C011,15,5700.0,4074.03
2026-02-07,P001,R001,C005,4,1520.0,1080.82
2026-02-07,P001,R001,C007,6,2280.0,1588.16
2026-02-07,P001,R002,C006,3,1140.0,787.99
2026-02-07,P001,R002,C002,7,2660.0,1863.88
2026-02-07,P001,R002,C012,9,3420.0,2241.17
2026-02-07,P001,R003,C003,7,2660.0,1771.0
2026-02-07,P001,R003,C009,10,3800.0,2550.35
2026-02-07,P001,R004,C004,4,1520.0,997.03
2026-02-07,P001,R004,C010,4,1520.0,1056.0
2026-02-07,P002,R001,C005,25,2125.0,1333.14
2026-02-07,P002,R001,C001,95,8075.0,5249.93
2026-02-07,P002,R001,C011,67,5695.0,3367.84
2026-02-07,P002,R001,C007,49,4165.0,2511.37
2026-02-07,P002,R002,C012,47,3995.0,2368.88
2026-02-07,P002,R002,C006,16,1360.0,843.76
2026-02-07,P002,R002,C008,15,1275.0,779.66
2026-02-07,P002,R002,C002,50,4250.0,2619.78
2026-02-07,P002,R003,C009,56,4760.0,2897.59
2026-02-07,P002,R003,C003,43,3655.0,2314.44
2026-02-07,P002,R004,C004,16,1360.0,877.61
2026-02-07,P002,R004,C010,22,1870.0,1164.44
2026-02-07,P003,R001,C001,6,3720.0,2569.15
2026-02-07,P003,R001,C011,5,3100.0,2066.79
2026-02-07,P003,R001,C005,2,1240.0,910.61
2026-02-07,P003,R001,C007,3,1860.0,1322.07
2026-02-07,P003,R002,C006,1,620.0,453.78
2026-02-07,P003,R002,C008,2,1240.0,876.7
2026-02-07,P003,R002,C012,3,1860.0,1249.17
2026-02-07,P003,R002,C002,4,2480.0,1684.67
2026-02-07,P003,R003,C003,2,1240.0,823.12
2026-02-07,P003,R003,C009,3,1860.0,1304.67
2026-02-07,P003,R004,C004,1,620.0,410.16
2026-02-07,P003,R004,C010,2,1240.0,881.85
2026-02-07,P004,R001,C007,22,5280.0,3549.72
2026-02-07,P004,R001,C001,43,10320.0,6967.85
2026-02-07,P004,R002,C012,20,4800.0,3059.31
2026-02-07,P004,R002,C008,8,1920.0,1212.26
2026-02-07,P004,R003,C003,10,2400.0,1624.06
2026-02-07,P004,R003,C009,13,3120.0,2120.56
2026-02-07,P004,R004,C004,7,1680.0,1104.13
2026-02-07,P004,R004,C010,4,960.0,640.42
2026-02-07,P005,R001,C011,54,2430.0,1504.04
2026-02-07,P005,R001,C001,47,2115.0,1167.65
2026-02-07,P005,R001,C007,22,990.0,555.65
2026-02-07,P005,R001,C005,19,855.0,506.73
2026-02-07,P005,R002,C006,21,945.0,527.82
2026-02-07,P005,R002,C012,55,2475.0,1518.62
2026-02-07,P005,R003,C009,34,1530.0,931.82
2026-02-07,P005,R003,C003,18,810.0,482.02
2026-02-07,P005,R004,C004,15,675.0,377.25
2026-02-07,P005,R004,C010,19,855.0,483.53
2026-02-07,P006,R001,C007,14,1680.0,1140.81
2026-02-07,P006,R001,C001,32,3840.0,2420.22
2026-02-07,P006,R001,C011,34,4080.0,2609.93
2026-02-07,P006,R002,C008,35,4200.0,2716.45
2026-02-07,P006,R002,C006,20,2400.0,1443.55
2026-02-07,P006,R003,C009,23,2760.0,1753.23
2026-02-07,P006,R003,C003,18,2160.0,1391.2
2026-02-07,P006,R004,C010,5,600.0,384.58
2026-02-07,P006,R004,C004,6,720.0,440.23
2026-02-08,P001,R001,C005,4,1520.0,1016.62
2026-02-08,P001,R001,C001,12,4560.0,3224.03
2026-02-08,P001,R001,C007,4,1520.0,1008.2
2026-02-08,P001,R001,C011,12,4560.0,2927.3
2026-02-08,P001,R002,C008,5,1900.0,1258.74
2026-02-08,P001,R002,C012,6,2280.0,1607.88
2026-02-08,P001,R002,C006,4,1520.0,1019.69
2026-02-08,P001,R003,C009,9,3420.0,2386.3
2026-02-08,P001,R003,C003,5,1900.0,1356.14
2026-02-08,P001,R004,C010,3,1140.0,760.62
2026-02-08,P001,R004,C004,2,760.0,509.62
2026-02-08,P002,R001,C001,104,8840.0,5398.06
2026-02-08,P002,R001,C011,93,7905.0,4833.83
2026-02-08,P002,R002,C006,25,2125.0,1365.82
2026-02-08,P002,R002,C002,60,5100.0,3232.83
2026-02-08,P002,R002,C008,25,2125.0,1348.21
2026-02-08,P002,R003,C003,31,2635.0,1713.38
2026-02-08,P002,R003,C009,75,6375.0,3940.69
2026-02-08,P002,R004,C004,32,2720.0,1673.68
2026-02-08,P002,R004,C010,28,2380.0,1472.17
2026-02-08,P003,R001,C011,9,5580.0,3963.13
2026-02-08,P003,R001,C005,3,1860.0,1271.62
2026-02-08,P003,R002,C006,1,620.0,427.61
2026-02-08,P003,R002,C012,4,2480.0,1723.24
2026-02-08,P003,R002,C002,2,1240.0,916.03
2026-02-08,P003,R002,C008,1,620.0,432.11
2026-02-08,P003,R003,C009,4,2480.0,1665.81
2026-02-08,P003,R003,C003,3,1860.0,1262.26
2026-02-08,P003,R004,C010,1,620.0,416.45
2026-02-08,P003,R004,C004,2,1240.0,916.33
2026-02-08,P004,R001,C005,6,1440.0,991.45
2026-02-08,P004,R001,C011,15,3600.0,2364.15
2026-02-08,P004,R001,C007,7,1680.0,1045.14
2026-02-08,P004,R001,C001,16,3840.0,2425.73
2026-02-08,P004,R002,C012,13,3120.0,2139.47
2026-02-08,P004,R002,C008,7,1680.0,1133.33
2026-02-08,P004,R003,C009,11,2640.0,1770.21
2026-02-08,P004,R003,C003,8,1920.0,1176.5
2026-02-08,P004,R004,C004,6,1440.0,935.74
2026-02-08,P004,R004,C010,6,1440.0,970.72
2026-02-08,P005,R001,C001,47,2115.0,1171.99
2026-02-08,P005,R001,C011,49,2205.0,1340.84
2026-02-08,P005,R001,C007,20,900.0,547.07
2026-02-08,P005,R002,C012,62,2790.0,1554.33
2026-02-08,P005,R002,C008,23,1035.0,594.27
2026-02-08,P005,R003,C009,27,1215.0,666.41
2026-02-08,P005,R003,C003,25,1125.0,660.21
2026-02-08,P005,R004,C004,20,900.0,516.84
2026-02-08,P005,R004,C010,10,450.0,248.6
2026-02-08,P006,R001,C007,9,1080.0,657.48
2026-02-08,P006,R001,C001,25,3000.0,1903.47
2026-02-08,P006,R001,C005,8,960.0,626.39
2026-02-08,P006,R001,C011,20,2400.0,1480.97
2026-02-08,P006,R002,C008,10,1200.0,731.43
2026-02-08,P006,R002,C012,23,2760.0,1803.3
2026-02-08,P006,R003,C003,16,1920.0,1158.81
2026-02-08,P006,R003,C009,22,2640.0,1665.63
2026-02-08,P006,R004,C010,8,960.0,616.32
2026-02-08,P006,R004,C004,10,1200.0,721.55
2026-02-09,P001,R001,C005,7,2660.0,1914.3
2026-02-09,P001,R001,C011,16,6080.0,4324.12
2026-02-09,P001,R001,C007,6,2280.0,1513.21
2026-02-09,P001,R001,C001,16,6080.0,4306.68
2026-02-09,P001,R002,C002,12,4560.0,3037.84
2026-02-09,P001,R002,C008,5,1900.0,1242.63
2026-02-09,P001,R002,C012,11,4180.0,2718.7
2026-02-09,P001,R002,C006,3,1140.0,808.89
2026-02-09,P001,R003,C009,12,4560.0,2990.5
2026-02-09,P001,R003,C003,9,3420.0,2381.46
2026-02-09,P001,R004,C004,6,2280.0,1591.37
2026-02-09,P001,R004,C010,6,2280.0,1623.96
2026-02-09,P002,R001,C011,99,8415.0,5052.19
2026-02-09,P002,R001,C001,114,9690.0,6193.86
2026-02-09,P002,R001,C005,36,3060.0,1845.37
2026-02-09,P002,R001,C007,45,3825.0,2330.03
2026-02-09,P002,R002,C008,59,5015.0,3055.31
2026-02-09,P002,R002,C002,122,10370.0,6666.41
2026-02-09,P002,R003,C003,82,6970.0,4379.3
2026-02-09,P002,R003,C009,124,10540.0,6288.12
2026-02-09,P002,R004,C004,25,2125.0,1349.6
2026-02-09,P002,R004,C010,22,1870.0,1219.11
2026-02-09,P003,R001,C005,2,1240.0,888.8
2026-02-09,P003,R001,C001,10,6200.0,4478.61
2026-02-09,P003,R001,C011,6,3720.0,2592.5
2026-02-09,P003,R001,C007,4,2480.0,1785.66
2026-02-09,P003,R002,C012,4,2480.0,1816.72
2026-02-09,P003,R002,C008,2,1240.0,895.93
2026-02-09,P003,R002,C006,2,1240.0,884.98
2026-02-09,P003,R002,C002,4,2480.0,1751.99
2026-02-09,P003,R003,C003,4,2480.0,1664.13
2026-02-09,P003,R003,C009,5,3100.0,2179.92
2026-02-09,P003,R004,C004,3,1860.0,1333.61
2026-02-09,P003,R004,C010,2,1240.0,849.38
2026-02-09,P004,R001,C011,27,6480.0,4250.72
2026-02-09,P004,R001,C005,9,2160.0,1385.22
2026-02-09,P004,R001,C001,24,5760.0,3726.67
2026-02-09,P004,R001,C007,12,2880.0,1760.63
2026-02-09,P004,R002,C008,6,1440.0,953.47
2026-02-09,P004,R002,C002,10,2400.0,1538.04
2026-02-09,P004,R002,C006,6,1440.0,901.37
2026-02-09,P004,R002,C012,14,3360.0,2184.57
2026-02-09,P004,R003,C003,9,2160.0,1353.37
2026-02-09,P004,R003,C009,19,4560.0,2807.55
2026-02-09,P004,R004,C004,7,1680.0,1144.2
2026-02-09,P004,R004,C010,5,1200.0,740.16
2026-02-09,P005,R001,C011,118,5310.0,3049.89
2026-02-09,P005,R001,C005,52,2340.0,1326.74
2026-02-09,P005,R002,C002,32,1440.0,812.48
2026-02-09,P005,R002,C006,17,765.0,420.75
2026-02-09,P005,R002,C012,32,1440.0,783.49
2026-02-09,P005,R003,C009,52,2340.0,1410.31
2026-02-09,P005,R003,C003,43,1935.0,1197.26
2026-02-09,P005,R004,C004,31,1395.0,818.23
2026-02-09,P005,R004,C010,20,900.0,537.21
2026-02-09,P006,R001,C001,27,3240.0,2016.95
2026-02-09,P006,R001,C011,40,4800.0,3069.15
2026-02-09,P006,R001,C005,10,1200.0,724.48
2026-02-09,P006,R002,C012,27,3240.0,2149.84
2026-02-09,P006,R002,C002,24,2880.0,1831.63
2026-02-09,P006,R003,C009,29,3480.0,2088.98
2026-02-09,P006,R003,C003,15,1800.0,1138.26
2026-02-09,P006,R004,C004,17,2040.0,1259.76
2026-02-09,P006,R004,C010,11,1320.0,810.69
2026-02-10,P001,R001,C007,5,1900.0,1217.15
2026-02-10,P001,R001,C001,15,5700.0,3912.68
2026-02-10,P001,R001,C011,14,5320.0,3489.14
2026-02-10,P001,R001,C005,4,1520.0,1084.84
2026-02-10,P001,R002,C002,15,5700.0,3903.56
2026-02-10,P001,R002,C006,3,1140.0,766.84
2026-02-10,P001,R002,C008,6,2280.0,1480.43
2026-02-10,P001,R002,C012,10,3800.0,2497.96
2026-02-10,P001,R003,C009,12,4560.0,3050.96
2026-02-10,P001,R003,C003,8,3040.0,2104.47
2026-02-10,P001,R004,C010,5,1900.0,1345.38
2026-02-10,P001,R004,C004,5,1900.0,1285.27
2026-02-10,P002,R001,C007,213,18105.0,11227.47
2026-02-10,P002,R001,C005,107,9095.0,5448.92
2026-02-10,P002,R002,C006,28,2380.0,1467.19
2026-02-10,P002,R002,C008,44,3740.0,2416.16
2026-02-10,P002,R002,C002,67,5695.0,3331.42
2026-02-10,P002,R002,C012,75,6375.0,4162.78
2026-02-10,P002,R003,C009,74,6290.0,4096.21
2026-02-10,P002,R003,C003,66,5610.0,3678.14
2026-02-10,P002,R004,C010,30,2550.0,1680.11
2026-02-10,P002,R004,C004,45,3825.0,2240.21
2026-02-10,P003,R001,C005,9,5580.0,3745.44
2026-02-10,P003,R001,C007,15,9300.0,6202.36
2026-02-10,P003,R002,C006,2,1240.0,878.18
2026-02-10,P003,R002,C002,5,3100.0,2126.98
2026-02-10,P003,R002,C012,7,4340.0,3095.6
2026-02-10,P003,R003,C009,6,3720.0,2567.31
2026-02-10,P003,R003,C003,3,1860.0,1233.63
2026-02-10,P003,R004,C004,4,2480.0,1685.83
2026-02-10,P003,R004,C010,2,1240.0,865.27
2026-02-10,P004,R001,C001,22,5280.0,3222.57
2026-02-10,P004,R001,C011,22,5280.0,3630.07
2026-02-10,P004,R002,C012,16,3840.0,2412.11
2026-02-10,P004,R002,C006,6,1440.0,925.53
2026-02-10,P004,R002,C008,7,1680.0,1093.37
2026-02-10,P004,R002,C002,13,3120.0,2065.73
2026-02-10,P004,R003,C009,20,4800.0,3099.58
2026-02-10,P004,R003,C003,14,3360.0,2067.0
2026-02-10,P004,R004,C004,8,1920.0,1193.85
2026-02-10,P004,R004,C010,8,1920.0,1288.51
2026-02-10,P005,R001,C001,74,3330.0,1950.18
2026-02-10,P005,R001,C007,39,1755.0,1010.58
2026-02-10,P005,R001,C005,28,1260.0,757.32
2026-02-10,P005,R001,C011,83,3735.0,2228.29
2026-02-10,P005,R002,C008,34,1530.0,910.93
2026-02-10,P005,R002,C012,48,2160.0,1188.44
2026-02-10,P005,R002,C002,62,2790.0,1655.65
2026-02-10,P005,R003,C003,44,1980.0,1170.64
2026-02-10,P005,R003,C009,65,2925.0,1753.44
2026-02-10,P005,R004,C004,21,945.0,524.55
2026-02-10,P005,R004,C010,16,720.0,409.37
2026-02-10,P006,R001,C007,18,2160.0,1421.53
2026-02-10,P006,R001,C001,37,4440.0,2885.1
2026-02-10,P006,R001,C011,46,5520.0,3352.67
2026-02-10,P006,R002,C008,14,1680.0,1129.45
2026-02-10,P006,R002,C012,21,2520.0,1564.3
2026-02-10,P006,R002,C002,30,3600.0,2267.59
2026-02-10,P006,R002,C006,9,1080.0,694.92
2026-02-10,P006,R003,C003,25,3000.0,1879.84
2026-02-10,P006,R003,C009,44,5280.0,3346.88
2026-02-10,P006,R004,C004,13,1560.0,951.31
2026-02-10,P006,R004,C010,9,1080.0,689.6
2026-02-11,P001,R001,C005,5,1900.0,1266.59
2026-02-11,P001,R001,C011,12,4560.0,3265.49
2026-02-11,P001,R001,C001,12,4560.0,3111.82
2026-02-11,P001,R001,C007,6,2280.0,1559.8
2026-02-11,P001,R002,C006,5,1900.0,1249.94
2026-02-11,P001,R002,C012,16,6080.0,4365.16
2026-02-11,P001,R003,C009,18,6840.0,4641.68
2026-02-11,P001,R003,C003,11,4180.0,2755.22
2026-02-11,P001,R004,C004,4,1520.0,1031.78
2026-02-11,P001,R004,C010,5,1900.0,1244.55
2026-02-11,P002,R001,C005,74,6290.0,3835.71
2026-02-11,P002,R001,C011,194,16490.0,9842.27
2026-02-11,P002,R002,C008,54,4590.0,2987.33
2026-02-11,P002,R002,C002,123,10455.0,6652.83
2026-02-11,P002,R003,C003,46,3910.0,2546.6
2026-02-11,P002,R003,C009,72,6120.0,3645.07
2026-02-11,P002,R004,C010,27,2295.0,1387.81
2026-02-11,P002,R004,C004,51,4335.0,2647.29
2026-02-11,P003,R001,C011,9,5580.0,4083.64
2026-02-11,P003,R001,C007,4,2480.0,1697.75
2026-02-11,P003,R001,C005,3,1860.0,1272.71
2026-02-11,P003,R001,C001,6,3720.0,2541.1
2026-02-11,P003,R002,C006,3,1860.0,1296.9
2026-02-11,P003,R002,C008,5,3100.0,2254.14
2026-02-11,P003,R002,C012,9,5580.0,3826.06
2026-02-11,P003,R003,C003,5,3100.0,2239.2
2026-02-11,P003,R003,C009,6,3720.0,2691.51
2026-02-11,P003,R004,C010,2,1240.0,850.32
2026-02-11,P003,R004,C004,2,1240.0,872.88
2026-02-11,P004,R001,C011,49,11760.0,7416.02
2026-02-11,P004,R001,C005,19,4560.0,2781.65
2026-02-11,P004,R002,C002,17,4080.0,2662.29
2026-02-11,P004,R002,C012,11,2640.0,1803.82
2026-02-11,P004,R002,C008,5,1200.0,819.43
2026-02-11,P004,R002,C006,6,1440.0,953.85
2026-02-11,P004,R003,C009,21,5040.0,3087.3
2026-02-11,P004,R003,C003,16,3840.0,2597.56
2026-02-11,P004,R004,C004,8,1920.0,1186.05
2026-02-11,P004,R004,C010,9,2160.0,1468.83
2026-02-11,P005,R001,C011,140,6300.0,3711.82
2026-02-11,P005,R001,C005,38,1710.0,1054.44
2026-02-11,P005,R002,C008,30,1350.0,733.26
2026-02-11,P005,R002,C002,73,3285.0,1955.01
2026-02-11,P005,R003,C003,48,2160.0,1290.64
2026-02-11,P005,R003,C009,69,3105.0,1862.73
2026-02-11,P005,R004,C004,27,1215.0,663.01
2026-02-11,P005,R004,C010,21,945.0,538.18
2026-02-11,P006,R001,C005,34,4080.0,2481.15
2026-02-11,P006,R001,C011,74,8880.0,5485.63
2026-02-11,P006,R002,C012,34,4080.0,2453.73
2026-02-11,P006,R002,C008,17,2040.0,1287.57
2026-02-11,P006,R002,C002,28,3360.0,2055.24
2026-02-11,P006,R002,C006,10,1200.0,741.22
2026-02-11,P006,R003,C003,16,1920.0,1254.31
2026-02-11,P006,R003,C009,36,4320.0,2751.51
2026-02-11,P006,R004,C010,13,1560.0,1058.28
2026-02-11,P006,R004,C004,15,1800.0,1223.39
2026-02-12,P001,R001,C001,15,5700.0,4089.31
2026-02-12,P001,R001,C005,6,2280.0,1565.65
2026-02-12,P001,R001,C011,20,7600.0,5446.58
2026-02-12,P001,R001,C007,9,3420.0,2359.89
2026-02-12,P001,R002,C006,5,1900.0,1330.88
2026-02-12,P001,R002,C002,14,5320.0,3619.93
2026-02-12,P001,R002,C012,14,5320.0,3510.97
2026-02-12,P001,R003,C003,10,3800.0,2469.58
2026-02-12,P001,R003,C009,10,3800.0,2527.36
2026-02-12,P001,R004,C004,6,2280.0,1639.65
2026-02-12,P001,R004,C010,7,2660.0,1850.85
2026-02-12,P002,R001,C011,114,9690.0,5723.38
2026-02-12,P002,R001,C001,97,8245.0,4811.83
2026-02-12,P002,R001,C007,56,4760.0,2877.71
2026-02-12,P002,R001,C005,23,1955.0,1216.42
2026-02-12,P002,R002,C002,39,3315.0,1947.32
2026-02-12,P002,R002,C012,42,3570.0,2197.57
2026-02-12,P002,R002,C006,24,2040.0,1325.76
2026-02-12,P002,R002,C008,29,2465.0,1565.27
2026-02-12,P002,R003,C009,68,5780.0,3719.26
2026-02-12,P002,R003,C003,59,5015.0,2968.03
2026-02-12,P002,R004,C010,31,2635.0,1550.56
2026-02-12,P002,R004,C004,30,2550.0,1553.85
2026-02-12,P003,R001,C007,4,2480.0,1801.22
2026-02-12,P003,R001,C011,12,7440.0,5370.68
2026-02-12,P003,R002,C002,4,2480.0,1700.8
2026-02-12,P003,R002,C012,5,3100.0,2089.41
2026-02-12,P003,R002,C006,2,1240.0,890.82
2026-02-12,P003,R002,C008,3,1860.0,1287.86
2026-02-12,P003,R003,C003,4,2480.0,1689.17
2026-02-12,P003,R003,C009,6,3720.0,2528.29
2026-02-12,P003,R004,C004,3,1860.0,1240.68
2026-02-12,P003,R004,C010,2,1240.0,875.48
2026-02-12,P004,R001,C001,36,8640.0,5357.69
2026-02-12,P004,R001,C005,13,3120.0,1935.9
2026-02-12,P004,R002,C008,12,2880.0,1958.22
2026-02-12,P004,R002,C012,32,7680.0,5035.67
2026-02-12,P004,R003,C003,9,2160.0,1320.7
2026-02-12,P004,R003,C009,15,3600.0,2305.17
2026-02-12,P004,R004,C004,9,2160.0,1428.41
2026-02-12,P004,R004,C010,8,1920.0,1277.64
2026-02-12,P005,R001,C011,70,3150.0,1826.6
2026-02-12,P005,R001,C001,84,3780.0,2264.03
2026-02-12,P005,R001,C007,49,2205.0,1347.52
2026-02-12,P005,R001,C005,29,1305.0,708.31
2026-02-12,P005,R002,C008,80,3600.0,2183.95
2026-02-12,P005,R002,C006,32,1440.0,785.99
2026-02-12,P005,R003,C003,39,1755.0,970.26
2026-02-12,P005,R003,C009,48,2160.0,1196.99
2026-02-12,P005,R004,C010,17,765.0,428.56
2026-02-12,P005,R004,C004,17,765.0,428.4
2026-02-12,P006,R001,C001,53,6360.0,4175.81
2026-02-12,P006,R001,C007,36,4320.0,2700.76
2026-02-12,P006,R002,C012,38,4560.0,2758.09
2026-02-12,P006,R002,C008,21,2520.0,1545.44
2026-02-12,P006,R002,C002,40,4800.0,3192.98
2026-02-12,P006,R003,C009,39,4680.0,2856.76
2026-02-12,P006,R003,C003,17,2040.0,1327.0
2026-02-12,P006,R004,C010,11,1320.0,802.91
2026-02-12,P006,R004,C004,15,1800.0,1113.51
2026-02-13,P001,R001,C007,13,4940.0,3270.96
2026-02-13,P001,R001,C011,26,9880.0,6424.95
2026-02-13,P001,R002,C006,5,1900.0,1346.29
2026-02-13,P001,R002,C012,9,3420.0,2260.9
2026-02-13,P001,R002,C002,9,3420.0,2237.53
2026-02-13,P001,R003,C009,14,5320.0,3819.42
2026-02-13,P001,R003,C003,10,3800.0,2597.43
2026-02-13,P001,R004,C010,5,1900.0,1367.67
2026-02-13,P001,R004,C004,6,2280.0,1586.18
2026-02-13,P002,R001,C007,56,4760.0,2906.91
2026-02-13,P002,R001,C001,136,11560.0,7231.65
2026-02-13,P002,R001,C011,143,12155.0,7562.09
2026-02-13,P002,R002,C012,76,6460.0,3771.28
2026-02-13,P002,R002,C002,103,8755.0,5664.67
2026-02-13,P002,R002,C008,35,2975.0,1858.06
2026-02-13,P002,R003,C003,52,4420.0,2638.8
2026-02-13,P002,R003,C009,62,5270.0,3271.26
2026-02-13,P002,R004,C010,41,3485.0,2191.58
2026-02-13,P002,R004,C004,42,3570.0,2345.1
2026-02-13,P003,R001,C001,7,4340.0,3150.25
2026-02-13,P003,R001,C011,9,5580.0,4065.3
2026-02-13,P003,R001,C005,2,1240.0,893.78
2026-02-13,P003,R002,C006,1,620.0,452.72
2026-02-13,P003,R002,C008,3,1860.0,1343.94
2026-02-13,P003,R002,C002,5,3100.0,2239.16
2026-02-13,P003,R002,C012,5,3100.0,2138.15
2026-02-13,P003,R003,C009,7,4340.0,2980.02
2026-02-13,P003,R003,C003,5,3100.0,2173.32
2026-02-13,P003,R004,C004,4,2480.0,1702.76
2026-02-13,P003,R004,C010,2,1240.0,866.57
2026-02-13,P004,R001,C011,51,12240.0,8065.56
2026-02-13,P004,R001,C005,22,5280.0,3347.41
2026-02-13,P004,R002,C008,8,1920.0,1293.34
2026-02-13,P004,R002,C012,17,4080.0,2602.49
2026-02-13,P004,R002,C002,12,2880.0,1910.88
2026-02-13,P004,R002,C006,4,960.0,603.94
2026-02-13,P004,R003,C009,18,4320.0,2886.06
2026-02-13,P004,R003,C003,13,3120.0,2103.4
2026-02-13,P004,R004,C004,9,2160.0,1326.86
2026-02-13,P004,R004,C010,7,1680.0,1046.54
2026-02-13,P005,R001,C001,42,1890.0,1022.22
2026-02-13,P005,R001,C005,25,1125.0,617.43
2026-02-13,P005,R001,C011,67,3015.0,1812.65
2026-02-13,P005,R001,C007,33,1485.0,804.09
2026-02-13,P005,R002,C012,92,4140.0,2516.15
2026-02-13,P005,R002,C008,55,2475.0,1509.17
2026-02-13,P005,R003,C003,44,1980.0,1158.84
2026-02-13,P005,R003,C009,60,2700.0,1619.36
2026-02-13,P005,R004,C004,23,1035.0,615.66
2026-02-13,P005,R004,C010,18,810.0,467.46
2026-02-13,P006,R001,C007,17,2040.0,1324.31
2026-02-13,P006,R001,C011,36,4320.0,2659.64
2026-02-13,P006,R001,C005,17,2040.0,1348.63
2026-02-13,P006,R001,C001,28,3360.0,2109.41
2026-02-13,P006,R002,C002,43,5160.0,3402.56
2026-02-13,P006,R002,C012,51,6120.0,3994.62
2026-02-13,P006,R003,C009,35,4200.0,2685.0
2026-02-13,P006,R003,C003,16,1920.0,1224.98
2026-02-13,P006,R004,C004,15,1800.0,1212.45
2026-02-13,P006,R004,C010,15,1800.0,1105.26
2026-02-14,P001,R001,C005,3,1140.0,783.42
2026-02-14,P001,R001,C011,12,4560.0,2944.85
2026-02-14,P001,R001,C001,13,4940.0,3250.52
2026-02-14,P001,R002,C012,7,2660.0,1814.78
2026-02-14,P001,R002,C008,4,1520.0,1044.88
2026-02-14,P001,R002,C002,5,1900.0,1334.98
2026-02-14,P001,R002,C006,3,1140.0,816.18
2026-02-14,P001,R003,C003,4,1520.0,980.73
2026-02-14,P001,R003,C009,11,4180.0,2862.36
2026-02-14,P001,R004,C004,5,1900.0,1295.18
2026-02-14,P001,R004,C010,4,1520.0,1075.37
2026-02-14,P002,R001,C011,58,4930.0,2993.17
2026-02-14,P002,R001,C001,66,5610.0,3553.65
2026-02-14,P002,R002,C012,45,3825.0,2408.99
2026-02-14,P002,R002,C006,17,1445.0,863.7
2026-02-14,P002,R002,C002,53,4505.0,2725.17
2026-02-14,P002,R003,C009,56,4760.0,2823.7
2026-02-14,P002,R003,C003,39,3315.0,2012.64
2026-02-14,P002,R004,C004,25,2125.0,1249.18
2026-02-14,P002,R004,C010,27,2295.0,1429.81
2026-02-14,P003,R001,C005,2,1240.0,850.82
2026-02-14,P003,R001,C007,3,1860.0,1358.79
2026-02-14,P003,R001,C011,5,3100.0,2285.15
2026-02-14,P003,R001,C001,6,3720.0,2489.7
2026-02-14,P003,R002,C012,3,1860.0,1298.88
2026-02-14,P003,R002,C002,3,1860.0,1229.83
2026-02-14,P003,R003,C009,4,2480.0,1644.22
2026-02-14,P003,R003,C003,4,2480.0,1729.14
2026-02-14,P003,R004,C004,2,1240.0,834.1
2026-02-14,P003,R004,C010,1,620.0,437.36
2026-02-14,P004,R001,C005,13,3120.0,1914.26
2026-02-14,P004,R001,C001,35,8400.0,5604.73
2026-02-14,P004,R002,C002,10,2400.0,1601.1
2026-02-14,P004,R002,C006,2,480.0,325.27
2026-02-14,P004,R002,C012,6,1440.0,960.43
2026-02-14,P004,R002,C008,5,1200.0,818.19
2026-02-14,P004,R003,C003,9,2160.0,1449.75
2026-02-14,P004,R003,C009,13,3120.0,1983.73
2026-02-14,P004,R004,C004,5,1200.0,803.53
2026-02-14,P004,R004,C010,3,720.0,470.91
2026-02-14,P005,R001,C005,10,450.0,243.91
2026-02-14,P005,R001,C001,48,2160.0,1307.77
2026-02-14,P005,R001,C011,36,1620.0,907.51
2026-02-14,P005,R002,C012,55,2475.0,1495.13
2026-02-14,P005,R002,C008,27,1215.0,682.75
2026-02-14,P005,R002,C006,21,945.0,583.81
2026-02-14,P005,R003,C003,33,1485.0,897.93
2026-02-14,P005,R003,C009,28,1260.0,766.49
2026-02-14,P005,R004,C010,13,585.0,353.31
2026-02-14,P005,R004,C004,16,720.0,399.75
2026-02-14,P006,R001,C011,27,3240.0,2005.44
2026-02-14,P006,R001,C007,10,1200.0,774.12
2026-02-14,P006,R001,C005,12,1440.0,902.16
2026-02-14,P006,R001,C001,35,4200.0,2780.81
2026-02-14,P006,R002,C006,4,480.0,313.94
2026-02-14,P006,R002,C012,12,1440.0,961.6
2026-02-14,P006,R002,C008,9,1080.0,730.02
2026-02-14,P006,R002,C002,13,1560.0,966.78
2026-02-14,P006,R003,C003,11,1320.0,839.04
2026-02-14,P006,R003,C009,25,3000.0,1827.89
2026-02-14,P006,R004,C010,7,840.0,536.88
2026-02-14,P006,R004,C004,11,1320.0,852.95
2026-02-15,P001,R001,C007,4,1520.0,1052.87
2026-02-15,P001,R001,C005,4,1520.0,1023.37
2026-02-15,P001,R001,C001,9,3420.0,2439.43
2026-02-15,P001,R001,C011,14,5320.0,3550.02
2026-02-15,P001,R002,C002,5,1900.0,1278.5
2026-02-15,P001,R002,C008,3,1140.0,776.6
2026-02-15,P001,R002,C006,2,760.0,488.2
2026-02-15,P001,R002,C012,4,1520.0,1036.91
2026-02-15,P001,R003,C009,9,3420.0,2289.92
2026-02-15,P001,R003,C003,5,1900.0,1243.76
2026-02-15,P001,R004,C004,4,1520.0,1081.4
2026-02-15,P001,R004,C010,3,1140.0,740.53
2026-02-15,P002,R001,C011,64,5440.0,3228.81
2026-02-15,P002,R001,C001,69,5865.0,3601.25
2026-02-15,P002,R002,C002,36,3060.0,1780.93
2026-02-15,P002,R002,C008,33,2805.0,1740.91
2026-02-15,P002,R002,C012,38,3230.0,2018.78
2026-02-15,P002,R003,C009,58,4930.0,3237.69
2026-02-15,P002,R003,C003,44,3740.0,2456.4
2026-02-15,P002,R004,C010,14,1190.0,711.72
2026-02-15,P002,R004,C004,18,1530.0,901.87
2026-02-15,P003,R001,C001,11,6820.0,5016.07
2026-02-15,P003,R001,C007,6,3720.0,2561.27
2026-02-15,P003,R002,C008,2,1240.0,864.66
2026-02-15,P003,R002,C002,5,3100.0,2223.6
2026-02-15,P003,R002,C006,1,620.0,443.64
2026-02-15,P003,R002,C012,4,2480.0,1703.6
2026-02-15,P003,R003,C009,3,1860.0,1354.64
2026-02-15,P003,R003,C003,3,1860.0,1375.98
2026-02-15,P003,R004,C004,2,1240.0,849.11
2026-02-15,P003,R004,C010,2,1240.0,826.14
2026-02-15,P004,R001,C001,23,5520.0,3503.05
2026-02-15,P004,R001,C005,6,1440.0,943.06
2026-02-15,P004,R001,C011,24,5760.0,3924.96
2026-02-15,P004,R002,C002,17,4080.0,2490.75
2026-02-15,P004,R002,C008,10,2400.0,1628.97
2026-02-15,P004,R002,C006,7,1680.0,1098.09
2026-02-15,P004,R003,C003,8,1920.0,1302.48
2026-02-15,P004,R003,C009,8,1920.0,1287.8
2026-02-15,P004,R004,C010,5,1200.0,815.77
2026-02-15,P004,R004,C004,6,1440.0,946.45
2026-02-15,P005,R001,C011,55,2475.0,1356.89
2026-02-15,P005,R001,C007,31,1395.0,805.52
2026-02-15,P005,R002,C012,47,2115.0,1176.92
2026-02-15,P005,R002,C006,16,720.0,440.88
2026-02-15,P005,R003,C009,32,1440.0,872.64
2026-02-15,P005,R003,C003,21,945.0,569.98
2026-02-15,P005,R004,C004,13,585.0,362.44
2026-02-15,P005,R004,C010,11,495.0,299.61
2026-02-15,P006,R001,C007,17,2040.0,1311.56
2026-02-15,P006,R001,C005,12,1440.0,952.85
2026-02-15,P006,R001,C011,44,5280.0,3272.26
2026-02-15,P006,R002,C006,10,1200.0,787.87
2026-02-15,P006,R002,C012,34,4080.0,2498.83
2026-02-15,P006,R003,C009,21,2520.0,1567.3
2026-02-15,P006,R003,C003,11,1320.0,806.69
2026-02-15,P006,R004,C004,10,1200.0,812.27
2026-02-15,P006,R004,C010,6,720.0,435.22
2026-02-16,P001,R001,C007,6,2280.0,1517.08
2026-02-16,P001,R001,C011,15,5700.0,4027.67
2026-02-16,P001,R001,C005,7,2660.0,1844.52
2026-02-16,P001,R001,C001,18,6840.0,4509.88
2026-02-16,P001,R002,C012,10,3800.0,2510.24
2026-02-16,P001,R002,C008,4,1520.0,1006.88
2026-02-16,P001,R002,C002,8,3040.0,2000.38
2026-02-16,P001,R002,C006,3,1140.0,733.16
2026-02-16,P001,R003,C003,9,3420.0,2363.37
2026-02-16,P001,R003,C009,13,4940.0,3205.97
2026-02-16,P001,R004,C010,5,1900.0,1354.55
2026-02-16,P001,R004,C004,7,2660.0,1783.83
2026-02-16,P002,R001,C001,77,6545.0,4276.9
2026-02-16,P002,R001,C007,72,6120.0,3839.73
2026-02-16,P002,R001,C011,130,11050.0,6617.86
2026-02-16,P002,R001,C005,46,3910.0,2383.77
2026-02-16,P002,R002,C006,24,2040.0,1214.68
2026-02-16,P002,R002,C002,83,7055.0,4264.86
2026-02-16,P002,R002,C012,99,8415.0,5038.79
2026-02-16,P002,R002,C008,41,3485.0,2206.72
2026-02-16,P002,R003,C003,77,6545.0,3872.7
2026-02-16,P002,R003,C009,111,9435.0,6123.06
2026-02-16,P002,R004,C010,34,2890.0,1681.33
2026-02-16,P002,R004,C004,39,3315.0,2115.17
2026-02-16,P003,R001,C001,15,9300.0,6333.39
2026-02-16,P003,R001,C005,4,2480.0,1684.29
2026-02-16,P003,R002,C002,7,4340.0,2999.28
2026-02-16,P003,R002,C006,2,1240.0,855.72
2026-02-16,P003,R002,C012,6,3720.0,2697.11
2026-02-16,P003,R003,C003,5,3100.0,2256.51
2026-02-16,P003,R003,C009,8,4960.0,3625.22
2026-02-16,P003,R004,C004,3,1860.0,1262.71
2026-02-16,P003,R004,C010,3,1860.0,1266.19
2026-02-16,P004,R001,C007,8,1920.0,1215.3
2026-02-16,P004,R001,C005,7,1680.0,1097.15
2026-02-16,P004,R001,C011,24,5760.0,3703.2
2026-02-16,P004,R001,C001,15,3600.0,2237.96
2026-02-16,P004,R002,C006,5,1200.0,795.12
2026-02-16,P004,R002,C012,15,3600.0,2273.91
2026-02-16,P004,R002,C008,5,1200.0,736.69
2026-02-16,P004,R002,C002,9,2160.0,1333.03
2026-02-16,P004,R003,C003,15,3600.0,2313.75
2026-02-16,P004,R003,C009,20,4800.0,2971.34
2026-02-16,P004,R004,C004,7,1680.0,1041.01
2026-02-16,P004,R004,C010,8,1920.0,1296.64
2026-02-16,P005,R001,C005,29,1305.0,722.11
2026-02-16,P005,R001,C011,55,2475.0,1339.88
2026-02-16,P005,R001,C001,84,3780.0,2072.19
2026-02-16,P005,R002,C002,33,1485.0,862.16
2026-02-16,P005,R002,C006,15,675.0,383.98
2026-02-16,P005,R002,C012,46,2070.0,1174.03
2026-02-16,P005,R003,C003,39,1755.0,1073.84
2026-02-16,P005,R003,C009,48,2160.0,1280.6
2026-02-16,P005,R004,C010,20,900.0,493.4
2026-02-16,P005,R004,C004,19,855.0,527.02
2026-02-16,P006,R001,C001,52,6240.0,3833.5
2026-02-16,P006,R001,C005,20,2400.0,1548.98
2026-02-16,P006,R001,C011,45,5400.0,3327.01
2026-02-16,P006,R002,C006,17,2040.0,1315.7
2026-02-16,P006,R002,C002,63,7560.0,4970.9
2026-02-16,P006,R003,C009,33,3960.0,2421.68
2026-02-16,P006,R003,C003,21,2520.0,1624.33
2026-02-16,P006,R004,C004,17,2040.0,1249.94
2026-02-16,P006,R004,C010,14,1680.0,1050.14
2026-02-17,P001,R001,C007,24,9120.0,6087.54
2026-02-17,P001,R001,C005,13,4940.0,3479.26
2026-02-17,P001,R002,C002,9,3420.0,2412.15
2026-02-17,P001,R002,C012,14,5320.0,3635.1
2026-02-17,P001,R002,C008,8,3040.0,2077.84
2026-02-17,P001,R003,C003,7,2660.0,1872.8
2026-02-17,P001,R003,C009,9,3420.0,2403.24
2026-02-17,P001,R004,C010,4,1520.0,1085.33
2026-02-17,P001,R004,C004,6,2280.0,1485.42
2026-02-17,P002,R001,C001,105,8925.0,5779.02
2026-02-17,P002,R001,C007,49,4165.0,2548.22
2026-02-17,P002,R001,C011,103,8755.0,5272.62
2026-02-17,P002,R002,C002,56,4760.0,2829.75
2026-02-17,P002,R002,C008,36,3060.0,1811.41
2026-02-17,P002,R002,C006,17,1445.0,942.55
2026-02-17,P002,R002,C012,65,5525.0,3273.71
2026-02-17,P002,R003,C003,56,4760.0,2774.58
2026-02-17,P002,R003,C009,88,7480.0,4781.73
2026-02-17,P002,R004,C004,38,3230.0,1921.45
2026-02-17,P002,R004,C010,33,2805.0,1677.56
2026-02-17,P003,R001,C005,3,1860.0,1240.11
2026-02-17,P003,R001,C007,5,3100.0,2066.79
2026-02-17,P003,R001,C001,7,4340.0,3126.68
2026-02-17,P003,R001,C011,10,6200.0,4490.13
2026-02-17,P003,R002,C006,2,1240.0,867.17
2026-02-17,P003,R002,C012,4,2480.0,1826.3
2026-02-17,P003,R002,C002,6,3720.0,2586.16
2026-02-17,P003,R002,C008,2,1240.0,907.89
2026-02-17,P003,R003,C009,4,2480.0,1779.74
2026-02-17,P003,R003,C003,3,1860.0,1332.87
2026-02-17,P003,R004,C004,3,1860.0,1339.04
2026-02-17,P003,R004,C010,2,1240.0,828.85
2026-02-17,P004,R001,C007,11,2640.0,1701.1
2026-02-17,P004,R001,C001,16,3840.0,2637.74
2026-02-17,P004,R001,C011,18,4320.0,2645.4
2026-02-17,P004,R001,C005,8,1920.0,1217.77
2026-02-17,P004,R002,C008,9,2160.0,1343.25
2026-02-17,P004,R002,C002,20,4800.0,2982.01
2026-02-17,P004,R002,C012,23,5520.0,3614.3
2026-02-17,P004,R003,C003,12,2880.0,1767.07
2026-02-17,P004,R003,C009,23,5520.0,3518.5
2026-02-17,P004,R004,C004,7,1680.0,1026.64
2026-02-17,P004,R004,C010,9,2160.0,1461.63
2026-02-17,P005,R001,C011,169,7605.0,4345.44
2026-02-17,P005,R001,C005,53,2385.0,1346.35
2026-02-17,P005,R002,C006,44,1980.0,1226.4
2026-02-17,P005,R002,C008,70,3150.0,1908.24
2026-02-17,P005,R003,C009,58,2610.0,1412.96
2026-02-17,P005,R003,C003,44,1980.0,1079.45
2026-02-17,P005,R004,C004,18,810.0,441.65
2026-02-17,P005,R004,C010,18,810.0,498.22
2026-02-17,P006,R001,C001,42,5040.0,3259.79
2026-02-17,P006,R001,C007,25,3000.0,2026.91
2026-02-17,P006,R001,C005,15,1800.0,1082.55
2026-02-17,P006,R001,C011,32,3840.0,2507.47
2026-02-17,P006,R002,C012,18,2160.0,1328.99
2026-02-17,P006,R002,C008,12,1440.0,867.28
2026-02-17,P006,R002,C002,23,2760.0,1667.07
2026-02-17,P006,R002,C006,6,720.0,482.46
2026-02-17,P006,R003,C009,23,2760.0,1780.83
2026-02-17,P006,R003,C003,13,1560.0,990.1
2026-02-17,P006,R004,C010,8,960.0,577.61
2026-02-17,P006,R004,C004,12,1440.0,926.75
2026-02-18,P001,R001,C011,12,4560.0,3045.32
2026-02-18,P001,R001,C007,8,3040.0,2071.01
2026-02-18,P001,R001,C005,3,1140.0,801.86
2026-02-18,P001,R001,C001,17,6460.0,4331.33
2026-02-18,P001,R002,C002,8,3040.0,2130.05
2026-02-18,P001,R002,C008,6,2280.0,1630.76
2026-02-18,P001,R002,C006,4,1520.0,1069.37
2026-02-18,P001,R002,C012,8,3040.0,2150.32
2026-02-18,P001,R003,C009,14,5320.0,3673.99
2026-02-18,P001,R003,C003,11,4180.0,2727.65
2026-02-18,P001,R004,C010,5,1900.0,1285.01
2026-02-18,P001,R004,C004,6,2280.0,1581.81
2026-02-18,P002,R001,C011,137,11645.0,6960.48
2026-02-18,P002,R001,C001,112,9520.0,6113.92
2026-02-18,P002,R001,C005,36,3060.0,1844.05
2026-02-18,P002,R001,C007,71,6035.0,3900.09
2026-02-18,P002,R002,C008,44,3740.0,2406.96
2026-02-18,P002,R002,C006,31,2635.0,1605.39
2026-02-18,P002,R002,C002,96,8160.0,5127.99
2026-02-18,P002,R003,C009,73,6205.0,3720.17
2026-02-18,P002,R003,C003,50,4250.0,2503.78
2026-02-18,P002,R004,C004,51,4335.0,2782.81
2026-02-18,P002,R004,C010,34,2890.0,1870.29
2026-02-18,P003,R001,C007,4,2480.0,1705.47
2026-02-18,P003,R001,C005,4,2480.0,1764.21
2026-02-18,P003,R001,C001,10,6200.0,4239.58
2026-02-18,P003,R002,C008,5,3100.0,2290.22
2026-02-18,P003,R002,C012,9,5580.0,3725.24
2026-02-18,P003,R003,C009,5,3100.0,2289.08
2026-02-18,P003,R003,C003,3,1860.0,1346.06
2026-02-18,P003,R004,C004,4,2480.0,1649.91
2026-02-18,P003,R004,C010,3,1860.0,1362.84
2026-02-18,P004,R001,C007,13,3120.0,2135.63
2026-02-18,P004,R001,C005,7,1680.0,1076.54
2026-02-18,P004,R001,C011,24,5760.0,3572.41
2026-02-18,P004,R001,C001,28,6720.0,4512.24
2026-02-18,P004,R002,C006,8,1920.0,1228.54
2026-02-18,P004,R002,C012,21,5040.0,3281.22
2026-02-18,P004,R002,C008,10,2400.0,1518.76
2026-02-18,P004,R003,C009,18,4320.0,2768.08
2026-02-18,P004,R003,C003,11,2640.0,1816.52
2026-02-18,P004,R004,C010,6,1440.0,963.19
2026-02-18,P004,R004,C004,7,1680.0,1109.67
2026-02-18,P005,R001,C001,170,7650.0,4691.18
2026-02-18,P005,R001,C007,70,3150.0,1867.18
2026-02-18,P005,R002,C002,44,1980.0,1224.29
2026-02-18,P005,R002,C008,26,1170.0,697.86
2026-02-18,P005,R002,C012,65,2925.0,1738.78
2026-02-18,P005,R003,C009,53,2385.0,1390.26
2026-02-18,P005,R003,C003,28,1260.0,754.49
2026-02-18,P005,R004,C010,17,765.0,451.9
2026-02-18,P005,R004,C004,33,1485.0,860.86
2026-02-18,P006,R001,C005,29,3480.0,2134.59
2026-02-18,P006,R001,C007,58,6960.0,4629.61
2026-02-18,P006,R002,C006,11,1320.0,875.04
2026-02-18,P006,R002,C008,15,1800.0,1130.31
2026-02-18,P006,R002,C012,33,3960.0,2406.19
2026-02-18,P006,R003,C009,23,2760.0,1769.5
2026-02-18,P006,R003,C003,28,3360.0,2016.67
2026-02-18,P006,R004,C004,16,1920.0,1236.84
2026-02-18,P006,R004,C010,10,1200.0,742.17
2026-02-19,P001,R001,C007,7,2660.0,1777.64
2026-02-19,P001,R001,C011,18,6840.0,4595.35
2026-02-19,P001,R001,C005,6,2280.0,1465.93
2026-02-19,P001,R001,C001,15,5700.0,3977.75
2026-02-19,P001,R002,C006,3,1140.0,737.08
2026-02-19,P001,R002,C012,10,3800.0,2502.17
2026-02-19,P001,R002,C008,5,1900.0,1273.89
2026-02-19,P001,R002,C002,7,2660.0,1890.5
2026-02-19,P001,R003,C003,5,1900.0,1310.42
2026-02-19,P001,R003,C009,9,3420.0,2458.37
2026-02-19,P001,R004,C010,4,1520.0,982.26
2026-02-19,P001,R004,C004,5,1900.0,1233.18
2026-02-19,P002,R001,C011,89,7565.0,4663.14
2026-02-19,P002,R001,C007,53,4505.0,2741.93
2026-02-19,P002,R001,C001,103,8755.0,5088.24
2026-02-19,P002,R001,C005,31,2635.0,1561.46
2026-02-19,P002,R002,C008,136,11560.0,7260.84
2026-02-19,P002,R002,C006,55,4675.0,2810.44
2026-02-19,P002,R003,C003,45,3825.0,2406.42
2026-02-19,P002,R003,C009,65,5525.0,3266.17
2026-02-19,P002,R004,C010,36,3060.0,1994.01
2026-02-19,P002,R004,C004,41,3485.0,2289.91
2026-02-19,P003,R001,C005,12,7440.0,5293.89
2026-02-19,P003,R001,C007,13,8060.0,5642.44
2026-02-19,P003,R002,C008,4,2480.0,1698.76
2026-02-19,P003,R002,C006,4,2480.0,1773.28
2026-02-19,P003,R002,C012,6,3720.0,2537.41
2026-02-19,P003,R003,C009,5,3100.0,2256.1
2026-02-19,P003,R003,C003,4,2480.0,1759.83
2026-02-19,P003,R004,C004,3,1860.0,1334.71
2026-02-19,P003,R004,C010,2,1240.0,838.23
2026-02-19,P004,R001,C005,14,3360.0,2234.22
2026-02-19,P004,R001,C001,65,15600.0,10222.4
2026-02-19,P004,R002,C012,27,6480.0,4306.43
2026-02-19,P004,R002,C002,18,4320.0,2920.52
2026-02-19,P004,R003,C003,8,1920.0,1207.72
2026-02-19,P004,R003,C009,18,4320.0,2806.15
2026-02-19,P004,R004,C010,6,1440.0,906.2
2026-02-19,P004,R004,C004,8,1920.0,1224.66
2026-02-19,P005,R001,C007,59,2655.0,1486.61
2026-02-19,P005,R001,C011,104,4680.0,2747.44
2026-02-19,P005,R001,C005,29,1305.0,747.4
2026-02-19,P005,R002,C012,40,1800.0,1024.98
2026-02-19,P005,R002,C002,40,1800.0,997.64
2026-02-19,P005,R002,C008,17,765.0,441.36
2026-02-19,P005,R002,C006,19,855.0,496.94
2026-02-19,P005,R003,C003,45,2025.0,1225.95
2026-02-19,P005,R003,C009,49,2205.0,1262.6
2026-02-19,P005,R004,C004,30,1350.0,814.34
2026-02-19,P005,R004,C010,18,810.0,483.04
2026-02-19,P006,R001,C001,28,3360.0,2267.21
2026-02-19,P006,R001,C005,10,1200.0,779.69
2026-02-19,P006,R001,C007,17,2040.0,1290.25
2026-02-19,P006,R001,C011,38,4560.0,2840.37
2026-02-19,P006,R002,C008,35,4200.0,2822.05
2026-02-19,P006,R002,C012,64,7680.0,4663.13
2026-02-19,P006,R003,C009,25,3000.0,1818.05
2026-02-19,P006,R003,C003,22,2640.0,1629.42
2026-02-19,P006,R004,C004,9,1080.0,669.74
2026-02-19,P006,R004,C010,10,1200.0,800.12
2026-02-20,P001,R001,C007,15,5700.0,4101.24
2026-02-20,P001,R001,C001,20,7600.0,5355.18
2026-02-20,P001,R002,C008,6,2280.0,1615.96
2026-02-20,P001,R002,C006,3,1140.0,773.13
2026-02-20,P001,R002,C002,10,3800.0,2725.88
2026-02-20,P001,R003,C003,8,3040.0,2054.51
2026-02-20,P001,R003,C009,19,7220.0,4650.08
2026-02-20,P001,R004,C004,5,1900.0,1228.98
2026-02-20,P001,R004,C010,5,1900.0,1239.11
2026-02-20,P002,R001,C005,33,2805.0,1832.36
2026-02-20,P002,R001,C001,97,8245.0,5400.91
2026-02-20,P002,R001,C011,78,6630.0,3915.17
2026-02-20,P002,R002,C006,37,3145.0,2014.6
2026-02-20,P002,R002,C012,137,11645.0,7435.67
2026-02-20,P002,R003,C009,53,4505.0,2743.73
2026-02-20,P002,R003,C003,45,3825.0,2355.83
2026-02-20,P002,R004,C004,44,3740.0,2399.04
2026-02-20,P002,R004,C010,34,2890.0,1732.69
2026-02-20,P003,R001,C005,9,5580.0,4082.08
2026-02-20,P003,R001,C007,14,8680.0,5757.8
2026-02-20,P003,R002,C012,5,3100.0,2149.06
2026-02-20,P003,R002,C008,3,1860.0,1363.52
2026-02-20,P003,R002,C002,6,3720.0,2694.59
2026-02-20,P003,R003,C003,5,3100.0,2165.33
2026-02-20,P003,R003,C009,7,4340.0,3008.77
2026-02-20,P003,R004,C010,1,620.0,452.18
2026-02-20,P003,R004,C004,2,1240.0,821.03
2026-02-20,P004,R001,C011,46,11040.0,6754.99
2026-02-20,P004,R001,C005,13,3120.0,2066.45
2026-02-20,P004,R002,C006,9,2160.0,1480.69
2026-02-20,P004,R002,C012,21,5040.0,3091.72
2026-02-20,P004,R002,C008,9,2160.0,1338.89
2026-02-20,P004,R003,C009,15,3600.0,2390.67
2026-02-20,P004,R003,C003,10,2400.0,1490.47
2026-02-20,P004,R004,C004,6,1440.0,881.22
2026-02-20,P004,R004,C010,5,1200.0,813.3
2026-02-20,P005,R001,C005,29,1305.0,729.06
2026-02-20,P005,R001,C001,88,3960.0,2266.09
2026-02-20,P005,R001,C011,51,2295.0,1282.88
2026-02-20,P005,R002,C002,53,2385.0,1444.74
2026-02-20,P005,R002,C012,58,2610.0,1445.57
2026-02-20,P005,R002,C006,15,675.0,375.34
2026-02-20,P005,R003,C009,48,2160.0,1317.6
2026-02-20,P005,R003,C003,25,1125.0,622.18
2026-02-20,P005,R004,C004,18,810.0,475.07
2026-02-20,P005,R004,C010,14,630.0,359.91
2026-02-20,P006,R001,C011,76,9120.0,5563.81
2026-02-20,P006,R001,C007,30,3600.0,2233.21
2026-02-20,P006,R001,C005,28,3360.0,2157.38
2026-02-20,P006,R002,C008,15,1800.0,1080.83
2026-02-20,P006,R002,C006,8,960.0,585.33
2026-02-20,P006,R002,C012,33,3960.0,2442.0
2026-02-20,P006,R003,C003,15,1800.0,1192.47
2026-02-20,P006,R003,C009,32,3840.0,2443.26
2026-02-20,P006,R004,C004,17,2040.0,1348.77
2026-02-20,P006,R004,C010,10,1200.0,773.81
2026-02-21,P001,R001,C001,9,3420.0,2203.8
2026-02-21,P001,R001,C011,10,3800.0,2638.96
2026-02-21,P001,R001,C007,6,2280.0,1641.52
2026-02-21,P001,R001,C005,4,1520.0,979.26
2026-02-21,P001,R002,C008,4,1520.0,1011.32
2026-02-21,P001,R002,C002,9,3420.0,2343.17
2026-02-21,P001,R002,C006,4,1520.0,1034.78
2026-02-21,P001,R003,C003,5,1900.0,1351.69
2026-02-21,P001,R003,C009,6,2280.0,1586.21
2026-02-21,P001,R004,C004,4,1520.0,1040.28
2026-02-21,P001,R004,C010,4,1520.0,1053.54
2026-02-21,P002,R001,C011,125,10625.0,6323.5
2026-02-21,P002,R001,C005,35,2975.0,1728.42
2026-02-21,P002,R002,C006,51,4335.0,2516.8
2026-02-21,P002,R002,C008,49,4165.0,2424.41
2026-02-21,P002,R003,C003,21,1785.0,1044.19
2026-02-21,P002,R003,C009,32,2720.0,1792.57
2026-02-21,P002,R004,C004,23,1955.0,1256.9
2026-02-21,P002,R004,C010,19,1615.0,945.59
2026-02-21,P003,R001,C011,6,3720.0,2748.48
2026-02-21,P003,R001,C001,6,3720.0,2574.87
2026-02-21,P003,R002,C006,2,1240.0,874.32
2026-02-21,P003,R002,C008,2,1240.0,852.97
2026-02-21,P003,R002,C002,3,1860.0,1293.59
2026-02-21,P003,R002,C012,4,2480.0,1648.98
2026-02-21,P003,R003,C009,3,1860.0,1246.7
2026-02-21,P003,R003,C003,2,1240.0,866.72
2026-02-21,P003,R004,C010,1,620.0,435.59
2026-02-21,P003,R004,C004,2,1240.0,902.15
2026-02-21,P004,R001,C007,7,1680.0,1037.63
2026-02-21,P004,R001,C001,14,3360.0,2135.46
2026-02-21,P004,R001,C005,3,720.0,492.71
2026-02-21,P004,R001,C011,11,2640.0,1774.22
2026-02-21,P004,R002,C006,6,1440.0,936.36
2026-02-21,P004,R002,C002,22,5280.0,3462.39
2026-02-21,P004,R003,C009,10,2400.0,1514.2
2026-02-21,P004,R003,C003,6,1440.0,890.98
2026-02-21,P004,R004,C010,4,960.0,659.27
2026-02-21,P004,R004,C004,4,960.0,655.02
2026-02-21,P005,R001,C007,23,1035.0,590.67
2026-02-21,P005,R001,C005,17,765.0,468.26
2026-02-21,P005,R001,C011,52,2340.0,1381.28
2026-02-21,P005,R001,C001,31,1395.0,802.14
2026-02-21,P005,R002,C012,21,945.0,577.34
2026-02-21,P005,R002,C008,15,675.0,407.55
2026-02-21,P005,R002,C006,9,405.0,239.85
2026-02-21,P005,R002,C002,19,855.0,509.26
2026-02-21,P005,R003,C003,14,630.0,373.99
2026-02-21,P005,R003,C009,22,990.0,555.23
2026-02-21,P005,R004,C004,16,720.0,389.0
2026-02-21,P005,R004,C010,12,540.0,327.79
2026-02-21,P006,R001,C011,20,2400.0,1489.7
2026-02-21,P006,R001,C007,9,1080.0,671.63
2026-02-21,P006,R001,C001,27,3240.0,2096.52
2026-02-21,P006,R001,C005,7,840.0,509.75
2026-02-21,P006,R002,C008,7,840.0,544.75
2026-02-21,P006,R002,C002,19,2280.0,1420.7
2026-02-21,P006,R002,C006,7,840.0,538.59
2026-02-21,P006,R002,C012,22,2640.0,1790.03
2026-02-21,P006,R003,C003,14,1680.0,1074.51
2026-02-21,P006,R003,C009,19,2280.0,1524.12
2026-02-21,P006,R004,C010,11,1320.0,869.6
2026-02-21,P006,R004,C004,8,960.0,598.08
2026-02-22,P001,R001,C007,5,1900.0,1299.69
2026-02-22,P001,R001,C005,6,2280.0,1529.96
2026-02-22,P001,R001,C011,16,6080.0,3926.1
2026-02-22,P001,R002,C002,7,2660.0,1757.56
2026-02-22,P001,R002,C008,3,1140.0,804.85
2026-02-22,P001,R002,C006,3,1140.0,765.73
2026-02-22,P001,R002,C012,9,3420.0,2430.9
2026-02-22,P001,R003,C009,7,2660.0,1729.88
2026-02-22,P001,R003,C003,6,2280.0,1627.25
2026-02-22,P001,R004,C010,4,1520.0,990.64
2026-02-22,P001,R004,C004,5,1900.0,1275.31
2026-02-22,P002,R001,C005,14,1190.0,690.62
2026-02-22,P002,R001,C007,32,2720.0,1734.2
2026-02-22,P002,R001,C011,59,5015.0,2908.84
2026-02-22,P002,R001,C001,56,4760.0,2778.08
2026-02-22,P002,R002,C012,85,7225.0,4485.48
2026-02-22,P002,R002,C006,21,1785.0,1098.53
2026-02-22,P002,R003,C003,30,2550.0,1654.17
2026-02-22,P002,R003,C009,52,4420.0,2777.0
2026-02-22,P002,R004,C004,19,1615.0,1000.6
2026-02-22,P002,R004,C010,13,1105.0,652.72
2026-02-22,P003,R001,C001,14,8680.0,6030.11
2026-02-22,P003,R001,C005,4,2480.0,1756.93
2026-02-22,P003,R002,C006,1,620.0,423.18
2026-02-22,P003,R002,C002,2,1240.0,894.96
2026-02-22,P003,R002,C012,3,1860.0,1327.14
2026-02-22,P003,R002,C008,2,1240.0,856.1
2026-02-22,P003,R003,C003,2,1240.0,852.07
2026-02-22,P003,R003,C009,3,1860.0,1365.81
2026-02-22,P003,R004,C004,2,1240.0,833.21
2026-02-22,P003,R004,C010,2,1240.0,855.28
2026-02-22,P004,R001,C007,11,2640.0,1792.79
2026-02-22,P004,R001,C011,17,4080.0,2678.84
2026-02-22,P004,R001,C001,20,4800.0,3292.0
2026-02-22,P004,R002,C002,10,2400.0,1576.16
2026-02-22,P004,R002,C006,4,960.0,628.59
2026-02-22,P004,R002,C012,12,2880.0,1853.91
2026-02-22,P004,R002,C008,4,960.0,613.12
2026-02-22,P004,R003,C009,7,1680.0,1059.49
2026-02-22,P004,R003,C003,5,1200.0,743.84
2026-02-22,P004,R004,C004,6,1440.0,938.26
2026-02-22,P004,R004,C010,5,1200.0,825.32
2026-02-22,P005,R001,C011,61,2745.0,1541.53
2026-02-22,P005,R001,C001,41,1845.0,1039.9
2026-02-22,P005,R001,C005,21,945.0,521.24
2026-02-22,P005,R001,C007,20,900.0,552.92
2026-02-22,P005,R002,C012,31,1395.0,801.94
2026-02-22,P005,R002,C002,30,1350.0,794.25
2026-02-22,P005,R002,C006,8,360.0,199.64
2026-02-22,P005,R002,C008,18,810.0,449.52
2026-02-22,P005,R003,C009,32,1440.0,883.07
2026-02-22,P005,R003,C003,14,630.0,385.63
2026-02-22,P005,R004,C004,13,585.0,354.36
2026-02-22,P005,R004,C010,12,540.0,298.82
2026-02-22,P006,R001,C007,13,1560.0,940.19
2026-02-22,P006,R001,C001,19,2280.0,1384.64
2026-02-22,P006,R001,C011,17,2040.0,1363.77
2026-02-22,P006,R001,C005,7,840.0,533.24
2026-02-22,P006,R002,C002,36,4320.0,2937.59
2026-02-22,P006,R002,C006,13,1560.0,942.44
2026-02-22,P006,R002,C008,17,2040.0,1359.4
2026-02-22,P006,R003,C009,20,2400.0,1478.77
2026-02-22,P006,R003,C003,12,1440.0,972.84
2026-02-22,P006,R004,C010,7,840.0,568.43
2026-02-22,P006,R004,C004,6,720.0,434.06
2026-02-23,P001,R001,C005,15,5700.0,4050.39
2026-02-23,P001,R001,C007,21,7980.0,5464.43
2026-02-23,P001,R002,C008,14,5320.0,3646.46
2026-02-23,P001,R002,C006,15,5700.0,3792.14
2026-02-23,P001,R003,C003,9,3420.0,2424.93
2026-02-23,P001,R003,C009,14,5320.0,3701.42
2026-02-23,P001,R004,C004,6,2280.0,1464.27
2026-02-23,P001,R004,C010,5,1900.0,1356.23
2026-02-23,P002,R001,C001,110,9350.0,5431.72
2026-02-23,P002,R001,C011,107,9095.0,5404.84
2026-02-23,P002,R001,C005,39,3315.0,1992.52
2026-02-23,P002,R001,C007,56,4760.0,3138.6
2026-02-23,P002,R002,C002,61,5185.0,3013.95
2026-02-23,P002,R002,C012,78,6630.0,3972.15
2026-02-23,P002,R002,C008,41,3485.0,2298.93
2026-02-23,P002,R003,C003,36,3060.0,1900.73
2026-02-23,P002,R003,C009,81,6885.0,4108.74
2026-02-23,P002,R004,C010,24,2040.0,1276.77
2026-02-23,P002,R004,C004,44,3740.0,2448.6
2026-02-23,P003,R001,C011,10,6200.0,4170.8
2026-02-23,P003,R001,C007,6,3720.0,2673.4
2026-02-23,P003,R001,C005,5,3100.0,2279.09
2026-02-23,P003,R002,C006,2,1240.0,880.14
2026-02-23,P003,R002,C008,3,1860.0,1280.65
2026-02-23,P003,R002,C002,6,3720.0,2663.91
2026-02-23,P003,R002,C012,5,3100.0,2235.76
2026-02-23,P003,R003,C009,6,3720.0,2555.2
2026-02-23,P003,R003,C003,3,1860.0,1370.2
2026-02-23,P003,R004,C004,2,1240.0,846.96
2026-02-23,P003,R004,C010,2,1240.0,877.87
2026-02-23,P004,R001,C001,47,11280.0,7547.16
2026-02-23,P004,R001,C005,9,2160.0,1468.44
2026-02-23,P004,R001,C007,18,4320.0,2863.11
2026-02-23,P004,R002,C008,13,3120.0,2007.97
2026-02-23,P004,R002,C006,10,2400.0,1561.45
2026-02-23,P004,R002,C002,21,5040.0,3404.98
2026-02-23,P004,R003,C009,21,5040.0,3114.71
2026-02-23,P004,R003,C003,12,2880.0,1815.75
2026-02-23,P004,R004,C004,6,1440.0,883.48
2026-02-23,P004,R004,C010,5,1200.0,746.0
2026-02-23,P005,R001,C007,75,3375.0,1893.04
2026-02-23,P005,R001,C001,152,6840.0,4094.96
2026-02-23,P005,R002,C008,18,810.0,498.06
2026-02-23,P005,R002,C012,40,1800.0,1045.79
2026-02-23,P005,R002,C002,59,2655.0,1454.16
2026-02-23,P005,R002,C006,20,900.0,516.62
2026-02-23,P005,R003,C003,50,2250.0,1230.98
2026-02-23,P005,R003,C009,53,2385.0,1433.86
2026-02-23,P005,R004,C004,22,990.0,542.94
2026-02-23,P005,R004,C010,25,1125.0,656.91
2026-02-23,P006,R001,C011,70,8400.0,5440.82
2026-02-23,P006,R001,C001,47,5640.0,3758.25
2026-02-23,P006,R002,C008,43,5160.0,3287.1
2026-02-23,P006,R002,C006,37,4440.0,2990.32
2026-02-23,P006,R003,C003,25,3000.0,1868.13
2026-02-23,P006,R003,C009,36,4320.0,2642.86
2026-02-23,P006,R004,C010,11,1320.0,810.62
2026-02-23,P006,R004,C004,12,1440.0,872.79
2026-02-24,P001,R001,C001,37,14060.0,9965.64
2026-02-24,P001,R001,C007,14,5320.0,3551.11
2026-02-24,P001,R002,C012,18,6840.0,4764.36
2026-02-24,P001,R002,C008,9,3420.0,2402.76
2026-02-24,P001,R003,C009,13,4940.0,3482.37
2026-02-24,P001,R003,C003,7,2660.0,1822.58
2026-02-24,P001,R004,C004,7,2660.0,1822.11
2026-02-24,P001,R004,C010,6,2280.0,1598.4
2026-02-24,P002,R001,C011,104,8840.0,5524.18
2026-02-24,P002,R001,C001,85,7225.0,4375.43
2026-02-24,P002,R001,C005,40,3400.0,2043.92
2026-02-24,P002,R001,C007,47,3995.0,2384.21
2026-02-24,P002,R002,C006,16,1360.0,797.59
2026-02-24,P002,R002,C008,37,3145.0,1834.62
2026-02-24,P002,R002,C012,71,6035.0,3707.87
2026-02-24,P002,R002,C002,61,5185.0,3125.55
2026-02-24,P002,R003,C009,88,7480.0,4898.28
2026-02-24,P002,R003,C003,48,4080.0,2581.24
2026-02-24,P002,R004,C010,20,1700.0,1116.08
2026-02-24,P002,R004,C004,25,2125.0,1277.29
2026-02-24,P003,R001,C001,12,7440.0,5413.87
2026-02-24,P003,R001,C005,4,2480.0,1679.81
2026-02-24,P003,R002,C008,6,3720.0,2568.63
2026-02-24,P003,R002,C002,10,6200.0,4369.43
2026-02-24,P003,R003,C009,6,3720.0,2477.39
2026-02-24,P003,R003,C003,6,3720.0,2747.61
2026-02-24,P003,R004,C010,2,1240.0,916.33
2026-02-24,P003,R004,C004,4,2480.0,1688.53
2026-02-24,P004,R001,C011,23,5520.0,3513.2
2026-02-24,P004,R001,C007,20,4800.0,3156.75
2026-02-24,P004,R001,C005,12,2880.0,1768.48
2026-02-24,P004,R002,C006,9,2160.0,1331.27
2026-02-24,P004,R002,C012,21,5040.0,3204.2
2026-02-24,P004,R002,C008,10,2400.0,1571.76
2026-02-24,P004,R003,C003,12,2880.0,1945.35
2026-02-24,P004,R003,C009,21,5040.0,3399.26
2026-02-24,P004,R004,C010,8,1920.0,1276.21
2026-02-24,P004,R004,C004,7,1680.0,1106.12
2026-02-24,P005,R001,C001,136,6120.0,3524.02
2026-02-24,P005,R001,C005,47,2115.0,1228.84
2026-02-24,P005,R001,C007,46,2070.0,1277.72
2026-02-24,P005,R002,C012,32,1440.0,791.3
2026-02-24,P005,R002,C002,39,1755.0,1001.19
2026-02-24,P005,R002,C006,13,585.0,345.2
2026-02-24,P005,R003,C009,46,2070.0,1182.47
2026-02-24,P005,R003,C003,34,1530.0,828.7
2026-02-24,P005,R004,C004,20,900.0,506.36
2026-02-24,P005,R004,C010,21,945.0,585.57
2026-02-24,P006,R001,C007,37,4440.0,2672.25
2026-02-24,P006,R001,C001,89,10680.0,6890.14
2026-02-24,P006,R002,C008,13,1560.0,956.26
2026-02-24,P006,R002,C012,21,2520.0,1675.79
2026-02-24,P006,R002,C002,32,3840.0,2400.41
2026-02-24,P006,R003,C003,26,3120.0,1937.82
2026-02-24,P006,R003,C009,41,4920.0,3140.23
2026-02-24,P006,R004,C010,10,1200.0,800.47
2026-02-24,P006,R004,C004,14,1680.0,1071.01
2026-02-25,P001,R001,C005,15,5700.0,3946.24
2026-02-25,P001,R001,C011,30,11400.0,7732.27
2026-02-25,P001,R002,C002,15,5700.0,3800.46
2026-02-25,P001,R002,C006,4,1520.0,1078.5
2026-02-25,P001,R002,C008,6,2280.0,1504.99
2026-02-25,P001,R003,C009,15,5700.0,4060.15
2026-02-25,P001,R003,C003,9,3420.0,2208.01
2026-02-25,P001,R004,C010,4,1520.0,1025.2
2026-02-25,P001,R004,C004,4,1520.0,1045.37
2026-02-25,P002,R001,C001,102,8670.0,5242.45
2026-02-25,P002,R001,C005,41,3485.0,2184.72
2026-02-25,P002,R001,C011,150,12750.0,8025.88
2026-02-25,P002,R001,C007,74,6290.0,4136.07
2026-02-25,P002,R002,C008,32,2720.0,1622.75
2026-02-25,P002,R002,C002,86,7310.0,4261.31
2026-02-25,P002,R002,C012,74,6290.0,4011.59
2026-02-25,P002,R002,C006,29,2465.0,1441.31
2026-02-25,P002,R003,C009,59,5015.0,3222.98
2026-02-25,P002,R003,C003,38,3230.0,2006.74
2026-02-25,P002,R004,C010,29,2465.0,1520.83
2026-02-25,P002,R004,C004,31,2635.0,1545.19
2026-02-25,P003,R001,C005,5,3100.0,2264.45
2026-02-25,P003,R001,C011,22,13640.0,9933.93
2026-02-25,P003,R002,C006,2,1240.0,826.29
2026-02-25,P003,R002,C012,4,2480.0,1722.71
2026-02-25,P003,R002,C008,2,1240.0,873.39
2026-02-25,P003,R002,C002,5,3100.0,2178.4
2026-02-25,P003,R003,C009,8,4960.0,3487.0
2026-02-25,P003,R003,C003,5,3100.0,2130.45
2026-02-25,P003,R004,C010,3,1860.0,1333.66
2026-02-25,P003,R004,C004,3,1860.0,1345.94
2026-02-25,P004,R001,C005,37,8880.0,5685.84
2026-02-25,P004,R001,C007,54,12960.0,8383.5
2026-02-25,P004,R002,C008,15,3600.0,2288.71
2026-02-25,P004,R002,C012,40,9600.0,6001.42
2026-02-25,P004,R003,C009,12,2880.0,1870.64
2026-02-25,P004,R003,C003,13,3120.0,2027.42
2026-02-25,P004,R004,C004,10,2400.0,1513.26
2026-02-25,P004,R004,C010,6,1440.0,954.87
2026-02-25,P005,R001,C007,28,1260.0,730.0
2026-02-25,P005,R001,C005,27,1215.0,684.92
2026-02-25,P005,R001,C001,47,2115.0,1284.48
2026-02-25,P005,R001,C011,47,2115.0,1255.28
2026-02-25,P005,R002,C006,18,810.0,442.5
2026-02-25,P005,R002,C012,65,2925.0,1729.34
2026-02-25,P005,R002,C008,26,1170.0,653.23
2026-02-25,P005,R002,C002,39,1755.0,1065.82
2026-02-25,P005,R003,C009,47,2115.0,1198.22
2026-02-25,P005,R003,C003,39,1755.0,964.19
2026-02-25,P005,R004,C004,19,855.0,529.24
2026-02-25,P005,R004,C010,15,675.0,377.53
2026-02-25,P006,R001,C001,46,5520.0,3477.42
2026-02-25,P006,R001,C007,19,2280.0,1417.23
2026-02-25,P006,R001,C005,10,1200.0,731.46
2026-02-25,P006,R001,C011,38,4560.0,3034.55
2026-02-25,P006,R002,C006,23,2760.0,1669.64
2026-02-25,P006,R002,C008,47,5640.0,3638.53
2026-02-25,P006,R003,C003,16,1920.0,1248.7
2026-02-25,P006,R003,C009,31,3720.0,2484.6
2026-02-25,P006,R004,C010,15,1800.0,1129.51
2026-02-25,P006,R004,C004,18,2160.0,1302.24
2026-02-26,P001,R001,C011,31,11780.0,8476.25
2026-02-26,P001,R001,C005,12,4560.0,3280.31
2026-02-26,P001,R002,C012,21,7980.0,5147.08
2026-02-26,P001,R002,C006,7,2660.0,1713.21
2026-02-26,P001,R002,C008,7,2660.0,1892.63
2026-02-26,P001,R003,C009,9,3420.0,2189.38
2026-02-26,P001,R003,C003,9,3420.0,2377.79
2026-02-26,P001,R004,C004,7,2660.0,1746.66
2026-02-26,P001,R004,C010,5,1900.0,1269.52
2026-02-26,P002,R001,C001,88,7480.0,4418.07
2026-02-26,P002,R001,C011,124,10540.0,6655.58
2026-02-26,P002,R001,C005,35,2975.0,1763.65
2026-02-26,P002,R002,C008,28,2380.0,1416.74
2026-02-26,P002,R002,C012,84,7140.0,4587.43
2026-02-26,P002,R002,C002,83,7055.0,4587.34
2026-02-26,P002,R003,C009,68,5780.0,3734.26
2026-02-26,P002,R003,C003,43,3655.0,2299.94
2026-02-26,P002,R004,C010,32,2720.0,1730.12
2026-02-26,P002,R004,C004,36,3060.0,1796.6
2026-02-26,P003,R001,C005,7,4340.0,3171.64
2026-02-26,P003,R001,C011,14,8680.0,6390.41
2026-02-26,P003,R002,C008,2,1240.0,864.15
2026-02-26,P003,R002,C002,4,2480.0,1646.83
2026-02-26,P003,R002,C012,4,2480.0,1717.53
2026-02-26,P003,R002,C006,2,1240.0,880.73
2026-02-26,P003,R003,C009,8,4960.0,3451.35
2026-02-26,P003,R003,C003,4,2480.0,1729.96
2026-02-26,P003,R004,C004,3,1860.0,1323.44
2026-02-26,P003,R004,C010,2,1240.0,903.54
2026-02-26,P004,R001,C005,28,6720.0,4530.13
2026-02-26,P004,R001,C007,52,12480.0,8304.28
2026-02-26,P004,R002,C006,5,1200.0,738.56
2026-02-26,P004,R002,C008,9,2160.0,1445.17
2026-02-26,P004,R002,C002,21,5040.0,3405.56
2026-02-26,P004,R002,C012,18,4320.0,2960.55
2026-02-26,P004,R003,C003,14,3360.0,2232.98
2026-02-26,P004,R003,C009,13,3120.0,2077.43
2026-02-26,P004,R004,C004,10,2400.0,1479.02
2026-02-26,P004,R004,C010,7,1680.0,1034.81
2026-02-26,P005,R001,C007,44,1980.0,1098.36
2026-02-26,P005,R001,C005,31,1395.0,820.2
2026-02-26,P005,R001,C011,68,3060.0,1746.76
2026-02-26,P005,R002,C008,48,2160.0,1207.35
2026-02-26,P005,R002,C012,90,4050.0,2188.27
2026-02-26,P005,R002,C006,22,990.0,565.06
2026-02-26,P005,R003,C003,44,1980.0,1095.11
2026-02-26,P005,R003,C009,63,2835.0,1738.77
2026-02-26,P005,R004,C004,23,1035.0,597.49
2026-02-26,P005,R004,C010,21,945.0,553.5
2026-02-26,P006,R001,C011,99,11880.0,7706.45
2026-02-26,P006,R001,C007,34,4080.0,2643.42
2026-02-26,P006,R002,C002,56,6720.0,4112.05
2026-02-26,P006,R002,C006,20,2400.0,1480.53
2026-02-26,P006,R003,C003,21,2520.0,1689.6
2026-02-26,P006,R003,C009,26,3120.0,1998.9
2026-02-26,P006,R004,C010,11,1320.0,824.37
2026-02-26,P006,R004,C004,13,1560.0,1029.51
2026-02-27,P001,R001,C011,11,4180.0,2809.71
2026-02-27,P001,R001,C001,12,4560.0,3074.04
2026-02-27,P001,R001,C005,7,2660.0,1880.81
2026-02-27,P001,R002,C012,11,4180.0,2732.33
2026-02-27,P001,R002,C002,19,7220.0,4854.06
2026-02-27,P001,R003,C003,9,3420.0,2352.62
2026-02-27,P001,R003,C009,11,4180.0,2901.54
2026-02-27,P001,R004,C004,8,3040.0,2136.39
2026-02-27,P001,R004,C010,4,1520.0,1012.85
2026-02-27,P002,R001,C011,111,9435.0,6072.22
2026-02-27,P002,R001,C007,68,5780.0,3802.76
2026-02-27,P002,R001,C005,59,5015.0,3078.96
2026-02-27,P002,R002,C002,66,5610.0,3587.09
2026-02-27,P002,R002,C006,31,2635.0,1581.86
2026-02-27,P002,R002,C012,64,5440.0,3470.68
2026-02-27,P002,R003,C009,83,7055.0,4626.21
2026-02-27,P002,R003,C003,56,4760.0,2810.95
2026-02-27,P002,R004,C010,24,2040.0,1271.37
2026-02-27,P002,R004,C004,40,3400.0,2010.15
2026-02-27,P003,R001,C007,4,2480.0,1760.36
2026-02-27,P003,R001,C011,7,4340.0,3156.01
2026-02-27,P003,R001,C001,8,4960.0,3409.16
2026-02-27,P003,R001,C005,3,1860.0,1350.96
2026-02-27,P003,R002,C008,3,1860.0,1256.54
2026-02-27,P003,R002,C006,2,1240.0,821.03
2026-02-27,P003,R002,C012,4,2480.0,1676.87
2026-02-27,P003,R002,C002,4,2480.0,1654.37
2026-02-27,P003,R003,C003,4,2480.0,1834.28
2026-02-27,P003,R003,C009,6,3720.0,2646.56
2026-02-27,P003,R004,C010,3,1860.0,1326.29
2026-02-27,P003,R004,C004,4,2480.0,1679.05
2026-02-27,P004,R001,C005,11,2640.0,1745.62
2026-02-27,P004,R001,C011,27,6480.0,4230.56
2026-02-27,P004,R001,C007,15,3600.0,2361.88
2026-02-27,P004,R002,C012,23,5520.0,3568.96
2026-02-27,P004,R002,C006,8,1920.0,1258.99
2026-02-27,P004,R002,C008,12,2880.0,1977.58
2026-02-27,P004,R003,C009,23,5520.0,3636.12
2026-02-27,P004,R003,C003,15,3600.0,2347.8
2026-02-27,P004,R004,C004,12,2880.0,1875.2
2026-02-27,P004,R004,C010,5,1200.0,817.67
2026-02-27,P005,R001,C005,65,2925.0,1692.51
2026-02-27,P005,R001,C007,127,5715.0,3095.37
2026-02-27,P005,R002,C008,24,1080.0,653.61
2026-02-27,P005,R002,C012,42,1890.0,1155.43
2026-02-27,P005,R002,C002,37,1665.0,1031.51
2026-02-27,P005,R002,C006,17,765.0,433.26
2026-02-27,P005,R003,C009,42,1890.0,1147.41
2026-02-27,P005,R003,C003,25,1125.0,697.47
2026-02-27,P005,R004,C010,23,1035.0,583.11
2026-02-27,P005,R004,C004,26,1170.0,659.05
2026-02-27,P006,R001,C011,43,5160.0,3278.36
2026-02-27,P006,R001,C007,17,2040.0,1252.48
2026-02-27,P006,R001,C001,27,3240.0,2003.98
2026-02-27,P006,R002,C006,8,960.0,626.42
2026-02-27,P006,R002,C008,14,1680.0,1009.09
2026-02-27,P006,R002,C002,29,3480.0,2365.59
2026-02-27,P006,R002,C012,29,3480.0,2131.39
2026-02-27,P006,R003,C009,44,5280.0,3507.39
2026-02-27,P006,R003,C003,19,2280.0,1412.93
2026-02-27,P006,R004,C010,10,1200.0,721.97
2026-02-27,P006,R004,C004,13,1560.0,943.22
2026-02-28,P001,R001,C011,16,6080.0,4288.09
2026-02-28,P001,R001,C005,7,2660.0,1801.77
2026-02-28,P001,R002,C002,9,3420.0,2406.29
2026-02-28,P001,R002,C008,7,2660.0,1777.23
2026-02-28,P001,R003,C003,6,2280.0,1504.3
2026-02-28,P001,R003,C009,6,2280.0,1627.03
2026-02-28,P001,R004,C010,2,760.0,542.1
2026-02-28,P001,R004,C004,4,1520.0,1050.83
2026-02-28,P002,R001,C011,114,9690.0,5992.68
2026-02-28,P002,R001,C007,60,5100.0,3078.72
2026-02-28,P002,R002,C002,45,3825.0,2355.76
2026-02-28,P002,R002,C012,67,5695.0,3705.19
2026-02-28,P002,R003,C003,28,2380.0,1413.0
2026-02-28,P002,R003,C009,52,4420.0,2689.3
2026-02-28,P002,R004,C004,16,1360.0,856.2
2026-02-28,P002,R004,C010,16,1360.0,796.82
2026-02-28,P003,R001,C011,6,3720.0,2711.02
2026-02-28,P003,R001,C005,2,1240.0,891.81
2026-02-28,P003,R001,C001,7,4340.0,3097.86
2026-02-28,P003,R002,C006,1,620.0,430.81
2026-02-28,P003,R002,C002,4,2480.0,1650.2
2026-02-28,P003,R002,C012,4,2480.0,1821.99
2026-02-28,P003,R003,C003,2,1240.0,823.14
2026-02-28,P003,R003,C009,3,1860.0,1292.11
2026-02-28,P003,R004,C004,2,1240.0,864.22
2026-02-28,P003,R004,C010,1,620.0,438.51
2026-02-28,P004,R001,C001,16,3840.0,2460.44
2026-02-28,P004,R001,C007,6,1440.0,917.97
2026-02-28,P004,R001,C005,4,960.0,604.71
2026-02-28,P004,R001,C011,10,2400.0,1516.73
2026-02-28,P004,R002,C006,3,720.0,456.22
2026-02-28,P004,R002,C002,10,2400.0,1616.4
2026-02-28,P004,R002,C012,8,1920.0,1321.9
2026-02-28,P004,R002,C008,5,1200.0,736.25
2026-02-28,P004,R003,C009,12,2880.0,1798.21
2026-02-28,P004,R003,C003,6,1440.0,958.74
2026-02-28,P004,R004,C010,3,720.0,468.08
2026-02-28,P004,R004,C004,6,1440.0,920.22
2026-02-28,P005,R001,C001,37,1665.0,957.29
2026-02-28,P005,R001,C007,24,1080.0,601.32
2026-02-28,P005,R001,C011,31,1395.0,844.66
2026-02-28,P005,R001,C005,16,720.0,412.87
2026-02-28,P005,R002,C006,13,585.0,323.72
2026-02-28,P005,R002,C002,38,1710.0,1036.57
2026-02-28,P005,R002,C008,22,990.0,600.87
2026-02-28,P005,R003,C003,26,1170.0,701.1
2026-02-28,P005,R003,C009,26,1170.0,698.91
2026-02-28,P005,R004,C004,10,450.0,272.75
2026-02-28,P005,R004,C010,9,405.0,218.78
2026-02-28,P006,R001,C001,23,2760.0,1863.92
2026-02-28,P006,R001,C007,12,1440.0,879.86
2026-02-28,P006,R001,C011,25,3000.0,1886.16
2026-02-28,P006,R002,C002,15,1800.0,1195.03
2026-02-28,P006,R002,C006,7,840.0,545.98
2026-02-28,P006,R002,C012,25,3000.0,2037.48
2026-02-28,P006,R003,C003,12,1440.0,931.15
2026-02-28,P006,R003,C009,16,1920.0,1277.39
2026-02-28,P006,R004,C010,8,960.0,586.24
2026-02-28,P006,R004,C004,9,1080.0,654.43
2026-03-01,P001,R001,C005,4,1520.0,1001.19
2026-03-01,P001,R001,C001,13,4940.0,3168.78
2026-03-01,P001,R001,C011,13,4940.0,3424.41
2026-03-01,P001,R001,C007,5,1900.0,1319.58
2026-03-01,P001,R002,C006,4,1520.0,1040.46
2026-03-01,P001,R002,C002,12,4560.0,3269.86
2026-03-01,P001,R002,C012,11,4180.0,2937.92
2026-03-01,P001,R002,C008,6,2280.0,1524.69
2026-03-01,P001,R003,C009,10,3800.0,2617.9
2026-03-01,P001,R003,C003,7,2660.0,1770.18
2026-03-01,P001,R004,C010,6,2280.0,1575.01
2026-03-01,P001,R004,C004,6,2280.0,1485.65
2026-03-01,P002,R001,C001,149,12665.0,7730.0
2026-03-01,P002,R001,C007,85,7225.0,4318.47
2026-03-01,P002,R002,C012,123,10455.0,6343.41
2026-03-01,P002,R002,C008,63,5355.0,3312.68
2026-03-01,P002,R003,C009,66,5610.0,3405.9
2026-03-01,P002,R003,C003,42,3570.0,2286.68
2026-03-01,P002,R004,C010,28,2380.0,1478.32
2026-03-01,P002,R004,C004,26,2210.0,1349.5
2026-03-01,P003,R001,C011,8,4960.0,3304.22
2026-03-01,P003,R001,C001,6,3720.0,2459.92
2026-03-01,P003,R001,C007,3,1860.0,1347.79
2026-03-01,P003,R001,C005,3,1860.0,1349.72
2026-03-01,P003,R002,C002,6,3720.0,2583.98
2026-03-01,P003,R002,C012,6,3720.0,2691.53
2026-03-01,P003,R002,C006,2,1240.0,867.74
2026-03-01,P003,R003,C003,4,2480.0,1799.88
2026-03-01,P003,R003,C009,5,3100.0,2293.14
2026-03-01,P003,R004,C004,2,1240.0,836.77
2026-03-01,P003,R004,C010,3,1860.0,1244.83
2026-03-01,P004,R001,C007,8,1920.0,1291.99
2026-03-01,P004,R001,C001,22,5280.0,3585.26
2026-03-01,P004,R001,C005,6,1440.0,954.83
2026-03-01,P004,R001,C011,14,3360.0,2060.4
2026-03-01,P004,R002,C012,20,4800.0,3221.46
2026-03-01,P004,R002,C008,9,2160.0,1395.13
2026-03-01,P004,R002,C006,7,1680.0,1075.71
2026-03-01,P004,R003,C003,12,2880.0,1953.71
2026-03-01,P004,R003,C009,18,4320.0,2686.53
2026-03-01,P004,R004,C004,6,1440.0,933.23
2026-03-01,P004,R004,C010,6,1440.0,981.25
2026-03-01,P005,R001,C001,60,2700.0,1600.66
2026-03-01,P005,R001,C005,21,945.0,584.57
2026-03-01,P005,R001,C007,27,1215.0,675.41
2026-03-01,P005,R001,C011,63,2835.0,1539.62
2026-03-01,P005,R002,C012,51,2295.0,1409.25
2026-03-01,P005,R002,C006,21,945.0,575.88
2026-03-01,P005,R002,C002,53,2385.0,1437.98
2026-03-01,P005,R003,C003,21,945.0,534.8
2026-03-01,P005,R003,C009,41,1845.0,1045.08
2026-03-01,P005,R004,C004,22,990.0,558.68
2026-03-01,P005,R004,C010,21,945.0,572.24
2026-03-01,P006,R001,C005,11,1320.0,863.15
2026-03-01,P006,R001,C007,14,1680.0,1101.23
2026-03-01,P006,R001,C001,27,3240.0,1982.6
2026-03-01,P006,R001,C011,31,3720.0,2331.64
2026-03-01,P006,R002,C006,8,960.0,592.15
2026-03-01,P006,R002,C002,23,2760.0,1779.4
2026-03-01,P006,R002,C008,9,1080.0,654.35
2026-03-01,P006,R002,C012,24,2880.0,1850.51
2026-03-01,P006,R003,C003,15,1800.0,1132.75
2026-03-01,P006,R003,C009,27,3240.0,1960.02
2026-03-01,P006,R004,C004,10,1200.0,809.58
2026-03-01,P006,R004,C010,9,1080.0,712.74
2026-03-02,P001,R001,C007,14,5320.0,3504.26
2026-03-02,P001,R001,C011,25,9500.0,6231.96
2026-03-02,P001,R001,C005,9,3420.0,2382.55
2026-03-02,P001,R002,C012,32,12160.0,7834.42
2026-03-02,P001,R002,C006,12,4560.0,2920.22
2026-03-02,P001,R003,C003,16,6080.0,4086.71
2026-03-02,P001,R003,C009,15,5700.0,3935.78
2026-03-02,P001,R004,C010,6,2280.0,1477.13
2026-03-02,P001,R004,C004,5,1900.0,1235.39
2026-03-02,P002,R001,C007,60,5100.0,2972.05
2026-03-02,P002,R001,C011,184,15640.0,9505.27
2026-03-02,P002,R001,C001,122,10370.0,6203.56
2026-03-02,P002,R001,C005,67,5695.0,3473.63
2026-03-02,P002,R002,C008,46,3910.0,2433.48
2026-03-02,P002,R002,C012,92,7820.0,4656.35
2026-03-02,P002,R002,C002,102,8670.0,5056.41
2026-03-02,P002,R003,C003,98,8330.0,5117.48
2026-03-02,P002,R003,C009,124,10540.0,6387.45
2026-03-02,P002,R004,C004,43,3655.0,2201.8
2026-03-02,P002,R004,C010,50,4250.0,2778.0
2026-03-02,P003,R001,C007,15,9300.0,6414.61
2026-03-02,P003,R001,C005,17,10540.0,7180.67
2026-03-02,P003,R002,C008,11,6820.0,4791.35
2026-03-02,P003,R002,C006,6,3720.0,2534.18
2026-03-02,P003,R003,C003,6,3720.0,2549.11
2026-03-02,P003,R003,C009,7,4340.0,3029.25
2026-03-02,P003,R004,C004,3,1860.0,1231.63
2026-03-02,P003,R004,C010,3,1860.0,1319.04
2026-03-02,P004,R001,C007,11,2640.0,1655.95
2026-03-02,P004,R001,C001,34,8160.0,5507.46
2026-03-02,P004,R001,C011,30,7200.0,4804.37
2026-03-02,P004,R002,C012,21,5040.0,3094.41
2026-03-02,P004,R002,C006,8,1920.0,1178.27
2026-03-02,P004,R002,C008,10,2400.0,1579.27
2026-03-02,P004,R003,C003,15,3600.0,2376.29
2026-03-02,P004,R003,C009,32,7680.0,5120.12
2026-03-02,P004,R004,C004,13,3120.0,2092.6
2026-03-02,P004,R004,C010,8,1920.0,1194.86
2026-03-02,P005,R001,C011,156,7020.0,3965.37
2026-03-02,P005,R001,C001,170,7650.0,4176.98
2026-03-02,P005,R002,C008,27,1215.0,669.65
2026-03-02,P005,R002,C006,20,900.0,505.4
2026-03-02,P005,R002,C012,48,2160.0,1261.82
2026-03-02,P005,R002,C002,70,3150.0,1898.05
2026-03-02,P005,R003,C003,58,2610.0,1431.54
2026-03-02,P005,R003,C009,80,3600.0,2230.46
2026-03-02,P005,R004,C004,25,1125.0,636.47
2026-03-02,P005,R004,C010,23,1035.0,602.71
2026-03-02,P006,R001,C005,49,5880.0,3804.1
2026-03-02,P006,R001,C007,91,10920.0,7347.58
2026-03-02,P006,R002,C008,26,3120.0,2105.44
2026-03-02,P006,R002,C002,56,6720.0,4558.92
2026-03-02,P006,R003,C009,28,3360.0,2238.61
2026-03-02,P006,R003,C003,26,3120.0,2066.34
2026-03-02,P006,R004,C004,13,1560.0,1019.62
2026-03-02,P006,R004,C010,15,1800.0,1083.53
2026-03-03,P001,R001,C001,16,6080.0,4178.26
2026-03-03,P001,R001,C011,16,6080.0,4261.83
2026-03-03,P001,R001,C007,7,2660.0,1821.98
2026-03-03,P001,R002,C006,5,1900.0,1333.48
2026-03-03,P001,R002,C002,14,5320.0,3732.49
2026-03-03,P001,R002,C012,12,4560.0,2989.45
2026-03-03,P001,R002,C008,7,2660.0,1865.14
2026-03-03,P001,R003,C009,14,5320.0,3433.34
2026-03-03,P001,R003,C003,8,3040.0,2049.15
2026-03-03,P001,R004,C010,6,2280.0,1580.95
2026-03-03,P001,R004,C004,6,2280.0,1493.21
2026-03-03,P002,R001,C001,249,21165.0,13408.45
2026-03-03,P002,R001,C007,96,8160.0,4770.53
2026-03-03,P002,R002,C002,90,7650.0,4755.23
2026-03-03,P002,R002,C006,37,3145.0,1957.8
2026-03-03,P002,R002,C008,74,6290.0,3877.66
2026-03-03,P002,R003,C009,113,9605.0,6048.18
2026-03-03,P002,R003,C003,56,4760.0,2975.26
2026-03-03,P002,R004,C004,50,4250.0,2503.56
2026-03-03,P002,R004,C010,27,2295.0,1358.86
2026-03-03,P003,R001,C011,22,13640.0,9087.33
2026-03-03,P003,R001,C007,11,6820.0,4955.47
2026-03-03,P003,R002,C006,6,3720.0,2693.13
2026-03-03,P003,R002,C008,14,8680.0,5871.8
2026-03-03,P003,R003,C003,5,3100.0,2133.88
2026-03-03,P003,R003,C009,9,5580.0,4036.43
2026-03-03,P003,R004,C004,5,3100.0,2092.17
2026-03-03,P003,R004,C010,3,1860.0,1241.52
2026-03-03,P004,R001,C007,13,3120.0,2019.39
2026-03-03,P004,R001,C005,9,2160.0,1381.39
2026-03-03,P004,R001,C001,29,6960.0,4493.87
2026-03-03,P004,R001,C011,37,8880.0,5451.99
2026-03-03,P004,R002,C012,21,5040.0,3272.35
2026-03-03,P004,R002,C002,20,4800.0,3019.68
2026-03-03,P004,R002,C008,17,4080.0,2766.68
2026-03-03,P004,R003,C009,25,6000.0,4075.81
2026-03-03,P004,R003,C003,11,2640.0,1648.37
2026-03-03,P004,R004,C004,13,3120.0,1936.74
2026-03-03,P004,R004,C010,7,1680.0,1041.18
2026-03-03,P005,R001,C007,35,1575.0,885.2
2026-03-03,P005,R001,C005,33,1485.0,810.26
2026-03-03,P005,R001,C001,97,4365.0,2591.75
2026-03-03,P005,R001,C011,59,2655.0,1572.64
2026-03-03,P005,R002,C002,58,2610.0,1558.63
2026-03-03,P005,R002,C006,15,675.0,366.97
2026-03-03,P005,R002,C012,53,2385.0,1473.1
2026-03-03,P005,R003,C003,60,2700.0,1622.21
2026-03-03,P005,R003,C009,69,3105.0,1687.86
2026-03-03,P005,R004,C004,37,1665.0,1001.54
2026-03-03,P005,R004,C010,37,1665.0,944.43
2026-03-03,P006,R001,C007,107,12840.0,7803.7
2026-03-03,P006,R001,C005,54,6480.0,3961.74
2026-03-03,P006,R002,C006,11,1320.0,858.21
2026-03-03,P006,R002,C002,44,5280.0,3388.52
2026-03-03,P006,R002,C008,23,2760.0,1864.08
2026-03-03,P006,R003,C009,46,5520.0,3336.33
2026-03-03,P006,R003,C003,37,4440.0,2751.91
2026-03-03,P006,R004,C004,20,2400.0,1573.04
2026-03-03,P006,R004,C010,18,2160.0,1455.78
2026-03-04,P001,R001,C001,29,11020.0,7725.81
2026-03-04,P001,R001,C007,15,5700.0,3805.74
2026-03-04,P001,R001,C011,24,9120.0,5900.58
2026-03-04,P001,R001,C005,6,2280.0,1493.08
2026-03-04,P001,R002,C006,6,2280.0,1615.57
2026-03-04,P001,R002,C002,21,7980.0,5249.06
2026-03-04,P001,R002,C008,10,3800.0,2456.49
2026-03-04,P001,R003,C009,11,4180.0,2903.55
2026-03-04,P001,R003,C003,12,4560.0,3080.77
2026-03-04,P001,R004,C004,6,2280.0,1586.96
2026-03-04,P001,R004,C010,6,2280.0,1531.71
2026-03-04,P002,R001,C005,151,12835.0,8220.74
2026-03-04,P002,R001,C007,211,17935.0,11772.96
2026-03-04,P002,R002,C002,135,11475.0,7275.31
2026-03-04,P002,R002,C008,83,7055.0,4489.9
2026-03-04,P002,R002,C006,64,5440.0,3373.91
2026-03-04,P002,R003,C003,48,4080.0,2607.94
2026-03-04,P002,R003,C009,69,5865.0,3590.62
2026-03-04,P002,R004,C010,30,2550.0,1675.11
2026-03-04,P002,R004,C004,37,3145.0,2037.34
2026-03-04,P003,R001,C007,11,6820.0,4772.8
2026-03-04,P003,R001,C005,5,3100.0,2175.17
2026-03-04,P003,R001,C001,17,10540.0,7490.04
2026-03-04,P003,R002,C012,8,4960.0,3285.29
2026-03-04,P003,R002,C006,2,1240.0,912.38
2026-03-04,P003,R002,C002,5,3100.0,2138.2
2026-03-04,P003,R002,C008,4,2480.0,1818.06
2026-03-04,P003,R003,C003,5,3100.0,2265.31
2026-03-04,P003,R003,C009,6,3720.0,2502.74
2026-03-04,P003,R004,C004,5,3100.0,2167.42
2026-03-04,P003,R004,C010,3,1860.0,1312.3
2026-03-04,P004,R001,C011,45,10800.0,6607.56
2026-03-04,P004,R001,C001,37,8880.0,5980.54
2026-03-04,P004,R001,C007,16,3840.0,2629.71
2026-03-04,P004,R002,C012,31,7440.0,4839.76
2026-03-04,P004,R002,C006,12,2880.0,1887.94
2026-03-04,P004,R002,C002,20,4800.0,2993.83
2026-03-04,P004,R003,C009,20,4800.0,3046.09
2026-03-04,P004,R003,C003,15,3600.0,2225.36
2026-03-04,P004,R004,C010,10,2400.0,1620.66
2026-03-04,P004,R004,C004,11,2640.0,1649.12
2026-03-04,P005,R001,C011,104,4680.0,2599.25
2026-03-04,P005,R001,C007,52,2340.0,1361.08
2026-03-04,P005,R002,C008,21,945.0,556.47
2026-03-04,P005,R002,C002,46,2070.0,1238.62
2026-03-04,P005,R002,C006,16,720.0,429.1
2026-03-04,P005,R002,C012,44,1980.0,1192.22
2026-03-04,P005,R003,C003,42,1890.0,1072.05
2026-03-04,P005,R003,C009,56,2520.0,1517.18
2026-03-04,P005,R004,C010,20,900.0,515.81
2026-03-04,P005,R004,C004,19,855.0,525.77
2026-03-04,P006,R001,C007,28,3360.0,2136.72
2026-03-04,P006,R001,C001,40,4800.0,2933.38
2026-03-04,P006,R001,C011,39,4680.0,3000.05
2026-03-04,P006,R001,C005,19,2280.0,1493.85
2026-03-04,P006,R002,C012,41,4920.0,3046.16
2026-03-04,P006,R002,C006,21,2520.0,1670.2
2026-03-04,P006,R002,C008,29,3480.0,2307.75
2026-03-04,P006,R003,C003,33,3960.0,2399.44
2026-03-04,P006,R003,C009,50,6000.0,4062.44
2026-03-04,P006,R004,C010,13,1560.0,1042.32
2026-03-04,P006,R004,C004,22,2640.0,1688.63
2026-03-05,P001,R001,C001,36,13680.0,9226.75
2026-03-05,P001,R001,C007,18,6840.0,4782.83
2026-03-05,P001,R002,C008,6,2280.0,1591.62
2026-03-05,P001,R002,C002,13,4940.0,3501.15
2026-03-05,P001,R002,C012,15,5700.0,3912.34
2026-03-05,P001,R002,C006,4,1520.0,1016.23
2026-03-05,P001,R003,C003,13,4940.0,3264.95
2026-03-05,P001,R003,C009,21,7980.0,5236.97
2026-03-05,P001,R004,C010,7,2660.0,1801.49
2026-03-05,P001,R004,C004,8,3040.0,2143.21
2026-03-05,P002,R001,C011,216,18360.0,11954.37
2026-03-05,P002,R001,C001,223,18955.0,12244.05
2026-03-05,P002,R002,C008,57,4845.0,3050.71
2026-03-05,P002,R002,C006,55,4675.0,2796.67
2026-03-05,P002,R002,C002,144,12240.0,7853.72
2026-03-05,P002,R003,C003,85,7225.0,4492.72
2026-03-05,P002,R003,C009,79,6715.0,4239.36
2026-03-05,P002,R004,C010,42,3570.0,2322.67
2026-03-05,P002,R004,C004,51,4335.0,2617.04
2026-03-05,P003,R001,C001,14,8680.0,6168.88
2026-03-05,P003,R001,C005,5,3100.0,2231.77
2026-03-05,P003,R002,C006,4,2480.0,1658.85
2026-03-05,P003,R002,C008,4,2480.0,1675.72
2026-03-05,P003,R002,C012,7,4340.0,2973.25
2026-03-05,P003,R003,C003,6,3720.0,2613.28
2026-03-05,P003,R003,C009,7,4340.0,2869.08
2026-03-05,P003,R004,C004,3,1860.0,1272.62
2026-03-05,P003,R004,C010,3,1860.0,1295.75
2026-03-05,P004,R001,C001,42,10080.0,6191.49
2026-03-05,P004,R001,C011,50,12000.0,7649.13
2026-03-05,P004,R002,C006,6,1440.0,950.77
2026-03-05,P004,R002,C012,20,4800.0,3215.73
2026-03-05,P004,R002,C002,25,6000.0,3852.13
2026-03-05,P004,R003,C003,15,3600.0,2426.22
2026-03-05,P004,R003,C009,24,5760.0,3559.52
2026-03-05,P004,R004,C004,15,3600.0,2236.16
2026-03-05,P004,R004,C010,11,2640.0,1715.94
2026-03-05,P005,R001,C011,128,5760.0,3366.98
2026-03-05,P005,R001,C007,57,2565.0,1395.11
2026-03-05,P005,R002,C012,41,1845.0,1109.34
2026-03-05,P005,R002,C008,31,1395.0,774.87
2026-03-05,P005,R002,C006,17,765.0,452.4
2026-03-05,P005,R002,C002,65,2925.0,1625.1
2026-03-05,P005,R003,C009,80,3600.0,2143.43
2026-03-05,P005,R003,C003,54,2430.0,1397.01
2026-03-05,P005,R004,C010,24,1080.0,593.97
2026-03-05,P005,R004,C004,32,1440.0,785.64
2026-03-05,P006,R001,C005,37,4440.0,2719.62
2026-03-05,P006,R001,C007,50,6000.0,4062.77
2026-03-05,P006,R001,C001,104,12480.0,7812.32
2026-03-05,P006,R002,C012,81,9720.0,6547.79
2026-03-05,P006,R002,C006,30,3600.0,2430.66
2026-03-05,P006,R003,C003,30,3600.0,2381.12
2026-03-05,P006,R003,C009,27,3240.0,2030.13
2026-03-05,P006,R004,C004,14,1680.0,1141.02
2026-03-05,P006,R004,C010,11,1320.0,800.57
2026-03-06,P001,R001,C001,24,9120.0,6565.31
2026-03-06,P001,R001,C011,15,5700.0,3648.24
2026-03-06,P001,R001,C007,11,4180.0,2915.99
2026-03-06,P001,R002,C012,16,6080.0,4340.02
2026-03-06,P001,R002,C008,7,2660.0,1788.3
2026-03-06,P001,R002,C002,12,4560.0,3274.59
2026-03-06,P001,R003,C009,17,6460.0,4285.27
2026-03-06,P001,R003,C003,10,3800.0,2720.08
2026-03-06,P001,R004,C010,8,3040.0,1951.02
2026-03-06,P001,R004,C004,8,3040.0,2144.75
2026-03-06,P002,R001,C011,293,24905.0,14524.19
2026-03-06,P002,R001,C005,97,8245.0,5050.1
2026-03-06,P002,R002,C012,82,6970.0,4081.07
2026-03-06,P002,R002,C002,123,10455.0,6470.31
2026-03-06,P002,R002,C006,39,3315.0,1950.37
2026-03-06,P002,R003,C003,81,6885.0,4487.45
2026-03-06,P002,R003,C009,127,10795.0,7037.4
2026-03-06,P002,R004,C004,53,4505.0,2691.01
2026-03-06,P002,R004,C010,30,2550.0,1489.01
2026-03-06,P003,R001,C001,13,8060.0,5498.24
2026-03-06,P003,R001,C011,10,6200.0,4468.29
2026-03-06,P003,R001,C007,7,4340.0,3035.42
2026-03-06,P003,R002,C006,3,1860.0,1229.47
2026-03-06,P003,R002,C002,9,5580.0,4115.27
2026-03-06,P003,R002,C012,9,5580.0,3774.36
2026-03-06,P003,R003,C009,8,4960.0,3414.2
2026-03-06,P003,R003,C003,7,4340.0,3059.34
2026-03-06,P003,R004,C010,2,1240.0,854.36
2026-03-06,P003,R004,C004,4,2480.0,1734.98
2026-03-06,P004,R001,C001,40,9600.0,5933.55
2026-03-06,P004,R001,C011,29,6960.0,4575.25
2026-03-06,P004,R001,C007,13,3120.0,1993.92
2026-03-06,P004,R001,C005,15,3600.0,2323.5
2026-03-06,P004,R002,C002,31,7440.0,4738.06
2026-03-06,P004,R002,C008,20,4800.0,3170.43
2026-03-06,P004,R002,C006,10,2400.0,1542.23
2026-03-06,P004,R003,C003,14,3360.0,2257.98
2026-03-06,P004,R003,C009,26,6240.0,4251.25
2026-03-06,P004,R004,C004,10,2400.0,1643.17
2026-03-06,P004,R004,C010,10,2400.0,1559.04
2026-03-06,P005,R001,C007,189,8505.0,5112.95
2026-03-06,P005,R001,C005,89,4005.0,2362.79
2026-03-06,P005,R002,C008,45,2025.0,1178.3
2026-03-06,P005,R002,C012,97,4365.0,2389.84
2026-03-06,P005,R003,C003,38,1710.0,982.9
2026-03-06,P005,R003,C009,85,3825.0,2120.06
2026-03-06,P005,R004,C004,32,1440.0,890.59
2026-03-06,P005,R004,C010,25,1125.0,634.0
2026-03-06,P006,R001,C005,37,4440.0,2707.02
2026-03-06,P006,R001,C001,104,12480.0,8360.27
2026-03-06,P006,R002,C008,29,3480.0,2262.57
2026-03-06,P006,R002,C012,51,6120.0,3991.68
2026-03-06,P006,R003,C009,43,5160.0,3179.55
2026-03-06,P006,R003,C003,30,3600.0,2322.31
2026-03-06,P006,R004,C010,17,2040.0,1305.57
2026-03-06,P006,R004,C004,14,1680.0,1033.17
2026-03-07,P001,R001,C001,21,7980.0,5523.78
2026-03-07,P001,R001,C007,14,5320.0,3490.13
2026-03-07,P001,R002,C008,5,1900.0,1334.55
2026-03-07,P001,R002,C012,10,3800.0,2505.66
2026-03-07,P001,R002,C006,2,760.0,496.81
2026-03-07,P001,R002,C002,10,3800.0,2515.2
2026-03-07,P001,R003,C003,6,2280.0,1623.98
2026-03-07,P001,R003,C009,8,3040.0,2186.42
2026-03-07,P001,R004,C004,3,1140.0,748.5
2026-03-07,P001,R004,C010,3,1140.0,794.26
2026-03-07,P002,R001,C007,37,3145.0,1966.22
2026-03-07,P002,R001,C005,19,1615.0,966.72
2026-03-07,P002,R001,C011,70,5950.0,3457.65
2026-03-07,P002,R001,C001,78,6630.0,4351.88
2026-03-07,P002,R002,C008,24,2040.0,1333.43
2026-03-07,P002,R002,C006,20,1700.0,1033.12
2026-03-07,P002,R002,C002,72,6120.0,3986.34
2026-03-07,P002,R002,C012,53,4505.0,2844.57
2026-03-07,P002,R003,C009,70,5950.0,3810.53
2026-03-07,P002,R003,C003,41,3485.0,2248.41
2026-03-07,P002,R004,C010,27,2295.0,1433.45
2026-03-07,P002,R004,C004,40,3400.0,2090.72
2026-03-07,P003,R001,C011,8,4960.0,3278.38
2026-03-07,P003,R001,C007,4,2480.0,1728.17
2026-03-07,P003,R001,C001,9,5580.0,3770.64
2026-03-07,P003,R001,C005,2,1240.0,866.57
2026-03-07,P003,R002,C008,2,1240.0,902.49
2026-03-07,P003,R002,C002,3,1860.0,1246.24
2026-03-07,P003,R002,C006,1,620.0,417.79
2026-03-07,P003,R002,C012,3,1860.0,1307.58
2026-03-07,P003,R003,C009,4,2480.0,1661.84
2026-03-07,P003,R003,C003,2,1240.0,909.71
2026-03-07,P003,R004,C004,3,1860.0,1243.47
2026-03-07,P003,R004,C010,3,1860.0,1298.91
2026-03-07,P004,R001,C011,40,9600.0,5952.07
2026-03-07,P004,R001,C005,11,2640.0,1661.21
2026-03-07,P004,R002,C006,7,1680.0,1132.6
2026-03-07,P004,R002,C012,19,4560.0,3084.84
2026-03-07,P004,R003,C003,14,3360.0,2236.79
2026-03-07,P004,R003,C009,20,4800.0,3224.4
2026-03-07,P004,R004,C004,9,2160.0,1324.38
2026-03-07,P004,R004,C010,7,1680.0,1048.69
2026-03-07,P005,R001,C007,42,1890.0,1080.76
2026-03-07,P005,R001,C011,65,2925.0,1756.6
2026-03-07,P005,R001,C005,16,720.0,405.33
2026-03-07,P005,R001,C001,68,3060.0,1813.65
2026-03-07,P005,R002,C012,47,2115.0,1217.19
2026-03-07,P005,R002,C006,11,495.0,279.84
2026-03-07,P005,R002,C002,28,1260.0,759.42
2026-03-07,P005,R002,C008,17,765.0,467.34
2026-03-07,P005,R003,C009,43,1935.0,1062.03
2026-03-07,P005,R003,C003,39,1755.0,990.8
2026-03-07,P005,R004,C004,15,675.0,384.05
2026-03-07,P005,R004,C010,12,540.0,297.16
2026-03-07,P006,R001,C007,18,2160.0,1305.81
2026-03-07,P006,R001,C011,30,3600.0,2377.76
2026-03-07,P006,R001,C005,9,1080.0,659.35
2026-03-07,P006,R001,C001,42,5040.0,3035.04
2026-03-07,P006,R002,C006,6,720.0,472.1
2026-03-07,P006,R002,C012,29,3480.0,2338.31
2026-03-07,P006,R002,C008,11,1320.0,797.94
2026-03-07,P006,R002,C002,28,3360.0,2177.32
2026-03-07,P006,R003,C003,15,1800.0,1195.81
2026-03-07,P006,R003,C009,20,2400.0,1560.49
2026-03-07,P006,R004,C004,16,1920.0,1238.1
2026-03-07,P006,R004,C010,12,1440.0,870.67
2026-03-08,P001,R001,C005,9,3420.0,2385.76
2026-03-08,P001,R001,C011,23,8740.0,5912.0
2026-03-08,P001,R002,C008,6,2280.0,1531.96
2026-03-08,P001,R002,C002,11,4180.0,2946.01
2026-03-08,P001,R002,C012,11,4180.0,2757.64
2026-03-08,P001,R002,C006,4,1520.0,1034.74
2026-03-08,P001,R003,C009,10,3800.0,2547.18
2026-03-08,P001,R003,C003,7,2660.0,1900.97
2026-03-08,P001,R004,C004,5,1900.0,1335.79
2026-03-08,P001,R004,C010,4,1520.0,999.32
2026-03-08,P002,R001,C005,33,2805.0,1763.97
2026-03-08,P002,R001,C001,75,6375.0,3976.04
2026-03-08,P002,R001,C011,76,6460.0,3823.66
2026-03-08,P002,R001,C007,43,3655.0,2317.87
2026-03-08,P002,R002,C012,88,7480.0,4634.65
2026-03-08,P002,R002,C002,79,6715.0,4425.17
2026-03-08,P002,R002,C006,31,2635.0,1690.45
2026-03-08,P002,R003,C003,45,3825.0,2400.18
2026-03-08,P002,R003,C009,80,6800.0,3962.89
2026-03-08,P002,R004,C010,36,3060.0,1830.85
2026-03-08,P002,R004,C004,41,3485.0,2105.28
2026-03-08,P003,R001,C011,6,3720.0,2618.93
2026-03-08,P003,R001,C001,7,4340.0,2985.22
2026-03-08,P003,R001,C005,2,1240.0,880.55
2026-03-08,P003,R001,C007,2,1240.0,878.27
2026-03-08,P003,R002,C012,6,3720.0,2579.62
2026-03-08,P003,R002,C002,4,2480.0,1650.07
2026-03-08,P003,R002,C008,2,1240.0,837.75
2026-03-08,P003,R003,C009,7,4340.0,3119.09
2026-03-08,P003,R003,C003,4,2480.0,1719.72
2026-03-08,P003,R004,C010,1,620.0,430.75
2026-03-08,P003,R004,C004,2,1240.0,908.57
2026-03-08,P004,R001,C005,12,2880.0,1954.96
2026-03-08,P004,R001,C001,53,12720.0,7929.16
2026-03-08,P004,R002,C012,11,2640.0,1793.09
2026-03-08,P004,R002,C002,16,3840.0,2495.55
2026-03-08,P004,R003,C009,17,4080.0,2733.61
2026-03-08,P004,R003,C003,6,1440.0,979.31
2026-03-08,P004,R004,C004,10,2400.0,1536.21
2026-03-08,P004,R004,C010,6,1440.0,939.01
2026-03-08,P005,R001,C011,171,7695.0,4318.05
2026-03-08,P005,R001,C005,34,1530.0,926.31
2026-03-08,P005,R002,C006,17,765.0,466.49
2026-03-08,P005,R002,C008,25,1125.0,681.34
2026-03-08,P005,R002,C012,41,1845.0,1142.53
2026-03-08,P005,R003,C009,44,1980.0,1145.3
2026-03-08,P005,R003,C003,34,1530.0,926.39
2026-03-08,P005,R004,C010,17,765.0,414.32
2026-03-08,P005,R004,C004,22,990.0,611.2
2026-03-08,P006,R001,C001,26,3120.0,1987.29
2026-03-08,P006,R001,C005,8,960.0,577.5
2026-03-08,P006,R001,C007,11,1320.0,886.61
2026-03-08,P006,R001,C011,27,3240.0,2128.78
2026-03-08,P006,R002,C006,13,1560.0,1042.24
2026-03-08,P006,R002,C012,43,5160.0,3349.02
2026-03-08,P006,R002,C008,15,1800.0,1141.03
2026-03-08,P006,R003,C009,32,3840.0,2308.0
2026-03-08,P006,R003,C003,15,1800.0,1149.73
2026-03-08,P006,R004,C010,13,1560.0,996.0
2026-03-08,P006,R004,C004,16,1920.0,1169.94
2026-03-09,P001,R001,C007,6,2280.0,1588.84
2026-03-09,P001,R001,C005,4,1520.0,983.03
2026-03-09,P001,R001,C011,14,5320.0,3420.23
2026-03-09,P001,R001,C001,18,6840.0,4547.24
2026-03-09,P001,R002,C012,28,10640.0,7334.58
2026-03-09,P001,R002,C008,9,3420.0,2328.17
2026-03-09,P001,R002,C006,9,3420.0,2315.01
2026-03-09,P001,R003,C003,11,4180.0,2875.22
2026-03-09,P001,R003,C009,15,5700.0,4012.36
2026-03-09,P001,R004,C010,6,2280.0,1540.5
2026-03-09,P001,R004,C004,6,2280.0,1469.07
2026-03-09,P002,R001,C011,118,10030.0,6114.67
2026-03-09,P002,R001,C001,174,14790.0,9644.24
2026-03-09,P002,R001,C005,54,4590.0,2834.11
2026-03-09,P002,R001,C007,71,6035.0,3568.41
2026-03-09,P002,R002,C008,66,5610.0,3387.33
2026-03-09,P002,R002,C002,171,14535.0,9074.47
2026-03-09,P002,R002,C006,50,4250.0,2666.62
2026-03-09,P002,R003,C009,109,9265.0,5829.09
2026-03-09,P002,R003,C003,64,5440.0,3457.47
2026-03-09,P002,R004,C004,51,4335.0,2758.34
2026-03-09,P002,R004,C010,39,3315.0,1946.76
2026-03-09,P003,R001,C005,12,7440.0,5251.94
2026-03-09,P003,R001,C007,14,8680.0,6172.98
2026-03-09,P003,R002,C008,4,2480.0,1782.07
2026-03-09,P003,R002,C012,9,5580.0,3944.29
2026-03-09,P003,R002,C002,7,4340.0,3183.53
2026-03-09,P003,R003,C003,7,4340.0,2881.4
2026-03-09,P003,R003,C009,7,4340.0,3141.3
2026-03-09,P003,R004,C010,3,1860.0,1326.12
2026-03-09,P003,R004,C004,5,3100.0,2146.42
2026-03-09,P004,R001,C005,22,5280.0,3258.57
2026-03-09,P004,R001,C001,45,10800.0,6618.22
2026-03-09,P004,R002,C012,39,9360.0,6066.61
2026-03-09,P004,R002,C008,13,3120.0,2013.57
2026-03-09,P004,R003,C003,19,4560.0,2857.08
2026-03-09,P004,R003,C009,19,4560.0,3111.38
2026-03-09,P004,R004,C004,11,2640.0,1802.96
2026-03-09,P004,R004,C010,10,2400.0,1644.96
2026-03-09,P005,R001,C007,48,2160.0,1279.63
2026-03-09,P005,R001,C001,92,4140.0,2353.82
2026-03-09,P005,R001,C011,75,3375.0,1937.13
2026-03-09,P005,R002,C012,39,1755.0,984.76
2026-03-09,P005,R002,C008,31,1395.0,816.03
2026-03-09,P005,R002,C002,40,1800.0,1082.76
2026-03-09,P005,R002,C006,15,675.0,391.28
2026-03-09,P005,R003,C009,49,2205.0,1261.4
2026-03-09,P005,R003,C003,52,2340.0,1337.31
2026-03-09,P005,R004,C010,31,1395.0,836.07
2026-03-09,P005,R004,C004,29,1305.0,753.52
2026-03-09,P006,R001,C005,56,6720.0,4374.68
2026-03-09,P006,R001,C007,94,11280.0,7299.97
2026-03-09,P006,R002,C012,23,2760.0,1660.85
2026-03-09,P006,R002,C002,34,4080.0,2717.4
2026-03-09,P006,R002,C008,11,1320.0,809.74
2026-03-09,P006,R003,C009,34,4080.0,2484.14
2026-03-09,P006,R003,C003,24,2880.0,1838.1
2026-03-09,P006,R004,C004,22,2640.0,1734.18
2026-03-09,P006,R004,C010,16,1920.0,1274.88
2026-03-10,P001,R001,C001,52,19760.0,13940.37
2026-03-10,P001,R001,C007,20,7600.0,5131.72
2026-03-10,P001,R002,C008,6,2280.0,1459.4
2026-03-10,P001,R002,C006,4,1520.0,1078.48
2026-03-10,P001,R002,C012,16,6080.0,3985.6
2026-03-10,P001,R002,C002,18,6840.0,4807.89
2026-03-10,P001,R003,C003,8,3040.0,2128.7
2026-03-10,P001,R003,C009,11,4180.0,2804.78
2026-03-10,P001,R004,C010,6,2280.0,1551.6
2026-03-10,P001,R004,C004,6,2280.0,1499.12
2026-03-10,P002,R001,C011,203,17255.0,10700.13
2026-03-10,P002,R001,C007,125,10625.0,6698.12
2026-03-10,P002,R002,C002,82,6970.0,4363.51
2026-03-10,P002,R002,C008,32,2720.0,1587.7
2026-03-10,P002,R002,C012,73,6205.0,3995.91
2026-03-10,P002,R002,C006,24,2040.0,1209.08
2026-03-10,P002,R003,C003,61,5185.0,3045.83
2026-03-10,P002,R003,C009,83,7055.0,4274.51
2026-03-10,P002,R004,C010,33,2805.0,1695.31
2026-03-10,P002,R004,C004,66,5610.0,3659.26
2026-03-10,P003,R001,C011,18,11160.0,8029.74
2026-03-10,P003,R001,C005,6,3720.0,2591.65
2026-03-10,P003,R001,C007,11,6820.0,5008.35
2026-03-10,P003,R002,C002,7,4340.0,2905.46
2026-03-10,P003,R002,C008,5,3100.0,2094.27
2026-03-10,P003,R002,C006,4,2480.0,1815.89
2026-03-10,P003,R003,C003,6,3720.0,2679.36
2026-03-10,P003,R003,C009,6,3720.0,2577.05
2026-03-10,P003,R004,C004,2,1240.0,858.59
2026-03-10,P003,R004,C010,3,1860.0,1282.82
2026-03-10,P004,R001,C007,10,2400.0,1574.86
2026-03-10,P004,R001,C001,30,7200.0,4869.26
2026-03-10,P004,R001,C005,9,2160.0,1383.99
2026-03-10,P004,R001,C011,30,7200.0,4878.84
2026-03-10,P004,R002,C002,26,6240.0,4145.17
2026-03-10,P004,R002,C008,9,2160.0,1422.0
2026-03-10,P004,R002,C012,30,7200.0,4469.23
2026-03-10,P004,R003,C003,16,3840.0,2565.64
2026-03-10,P004,R003,C009,16,3840.0,2386.17
2026-03-10,P004,R004,C004,8,1920.0,1175.33
2026-03-10,P004,R004,C010,7,1680.0,1081.14
2026-03-10,P005,R001,C007,70,3150.0,1902.77
2026-03-10,P005,R001,C011,141,6345.0,3519.61
2026-03-10,P005,R002,C006,48,2160.0,1319.65
2026-03-10,P005,R002,C008,95,4275.0,2395.55
2026-03-10,P005,R003,C003,41,1845.0,1070.34
2026-03-10,P005,R003,C009,52,2340.0,1327.9
2026-03-10,P005,R004,C010,25,1125.0,696.83
2026-03-10,P005,R004,C004,31,1395.0,795.18
2026-03-10,P006,R001,C011,62,7440.0,4707.21
2026-03-10,P006,R001,C007,25,3000.0,1988.54
2026-03-10,P006,R001,C005,15,1800.0,1205.61
2026-03-10,P006,R002,C006,48,5760.0,3611.91
2026-03-10,P006,R002,C008,46,5520.0,3571.71
2026-03-10,P006,R003,C003,26,3120.0,2105.66
2026-03-10,P006,R003,C009,30,3600.0,2282.84
2026-03-10,P006,R004,C010,13,1560.0,1046.2
2026-03-10,P006,R004,C004,18,2160.0,1416.25
2026-03-11,P001,R001,C011,17,6460.0,4147.0
2026-03-11,P001,R001,C005,8,3040.0,2069.84
2026-03-11,P001,R001,C001,15,5700.0,3924.02
2026-03-11,P001,R002,C002,32,12160.0,8492.48
2026-03-11,P001,R002,C006,7,2660.0,1863.93
2026-03-11,P001,R003,C009,22,8360.0,5765.81
2026-03-11,P001,R003,C003,10,3800.0,2545.76
2026-03-11,P001,R004,C004,7,2660.0,1780.94
2026-03-11,P001,R004,C010,6,2280.0,1531.23
2026-03-11,P002,R001,C005,38,3230.0,2029.53
2026-03-11,P002,R001,C001,154,13090.0,7878.96
2026-03-11,P002,R001,C007,63,5355.0,3311.01
2026-03-11,P002,R001,C011,166,14110.0,8351.71
2026-03-11,P002,R002,C012,90,7650.0,4634.97
2026-03-11,P002,R002,C002,67,5695.0,3503.95
2026-03-11,P002,R002,C006,19,1615.0,995.02
2026-03-11,P002,R002,C008,30,2550.0,1615.14
2026-03-11,P002,R003,C003,93,7905.0,4726.9
2026-03-11,P002,R003,C009,137,11645.0,6766.58
2026-03-11,P002,R004,C010,32,2720.0,1731.83
2026-03-11,P002,R004,C004,32,2720.0,1751.14
2026-03-11,P003,R001,C011,8,4960.0,3535.81
2026-03-11,P003,R001,C007,4,2480.0,1674.79
2026-03-11,P003,R001,C001,7,4340.0,3052.78
2026-03-11,P003,R001,C005,2,1240.0,822.91
2026-03-11,P003,R002,C012,12,7440.0,5410.92
2026-03-11,P003,R002,C006,4,2480.0,1713.76
2026-03-11,P003,R002,C008,5,3100.0,2223.38
2026-03-11,P003,R003,C009,6,3720.0,2650.77
2026-03-11,P003,R003,C003,4,2480.0,1819.99
2026-03-11,P003,R004,C004,3,1860.0,1327.04
2026-03-11,P003,R004,C010,3,1860.0,1354.09
2026-03-11,P004,R001,C011,28,6720.0,4604.13
2026-03-11,P004,R001,C005,15,3600.0,2465.45
2026-03-11,P004,R001,C007,18,4320.0,2928.64
2026-03-11,P004,R001,C001,39,9360.0,5870.13
2026-03-11,P004,R002,C012,26,6240.0,4105.49
2026-03-11,P004,R002,C006,8,1920.0,1221.21
2026-03-11,P004,R002,C002,25,6000.0,3750.45
2026-03-11,P004,R003,C009,23,5520.0,3784.88
2026-03-11,P004,R003,C003,12,2880.0,1785.6
2026-03-11,P004,R004,C004,8,1920.0,1207.93
2026-03-11,P004,R004,C010,5,1200.0,791.66
2026-03-11,P005,R001,C011,108,4860.0,2743.15
2026-03-11,P005,R001,C005,24,1080.0,634.87
2026-03-11,P005,R001,C007,52,2340.0,1393.0
2026-03-11,P005,R001,C001,80,3600.0,2041.66
2026-03-11,P005,R002,C012,109,4905.0,2856.59
2026-03-11,P005,R002,C008,69,3105.0,1779.72
2026-03-11,P005,R003,C009,46,2070.0,1190.05
2026-03-11,P005,R003,C003,42,1890.0,1125.35
2026-03-11,P005,R004,C004,38,1710.0,1032.75
2026-03-11,P005,R004,C010,28,1260.0,734.14
2026-03-11,P006,R001,C001,48,5760.0,3849.85
2026-03-11,P006,R001,C007,21,2520.0,1712.4
2026-03-11,P006,R001,C011,55,6600.0,4127.88
2026-03-11,P006,R002,C002,28,3360.0,2225.6
2026-03-11,P006,R002,C008,19,2280.0,1430.1
2026-03-11,P006,R002,C006,14,1680.0,1087.22
2026-03-11,P006,R002,C012,35,4200.0,2531.37
2026-03-11,P006,R003,C003,22,2640.0,1612.54
2026-03-11,P006,R003,C009,42,5040.0,3348.96
2026-03-11,P006,R004,C010,9,1080.0,662.48
2026-03-11,P006,R004,C004,13,1560.0,936.71
2026-03-12,P001,R001,C005,10,3800.0,2502.17
2026-03-12,P001,R001,C001,40,15200.0,9876.72
2026-03-12,P001,R002,C006,7,2660.0,1780.73
2026-03-12,P001,R002,C008,13,4940.0,3341.24
2026-03-12,P001,R002,C012,27,10260.0,7294.01
2026-03-12,P001,R003,C009,20,7600.0,5150.8
2026-03-12,P001,R003,C003,13,4940.0,3458.03
2026-03-12,P001,R004,C010,8,3040.0,1962.01
2026-03-12,P001,R004,C004,8,3040.0,2060.54
2026-03-12,P002,R001,C011,122,10370.0,6649.77
2026-03-12,P002,R001,C005,54,4590.0,2884.37
2026-03-12,P002,R001,C007,53,4505.0,2740.02
2026-03-12,P002,R001,C001,165,14025.0,8350.75
2026-03-12,P002,R002,C008,54,4590.0,2881.25
2026-03-12,P002,R002,C006,23,1955.0,1216.69
2026-03-12,P002,R002,C012,69,5865.0,3532.7
2026-03-12,P002,R002,C002,110,9350.0,5893.63
2026-03-12,P002,R003,C003,83,7055.0,4151.37
2026-03-12,P002,R003,C009,83,7055.0,4117.59
2026-03-12,P002,R004,C010,49,4165.0,2735.57
2026-03-12,P002,R004,C004,49,4165.0,2611.7
2026-03-12,P003,R001,C001,7,4340.0,3137.67
2026-03-12,P003,R001,C005,3,1860.0,1302.81
2026-03-12,P003,R001,C011,6,3720.0,2720.17
2026-03-12,P003,R001,C007,5,3100.0,2129.44
2026-03-12,P003,R002,C012,9,5580.0,3828.83
2026-03-12,P003,R002,C006,4,2480.0,1650.24
2026-03-12,P003,R002,C008,4,2480.0,1748.78
2026-03-12,P003,R003,C003,5,3100.0,2218.88
2026-03-12,P003,R003,C009,6,3720.0,2599.72
2026-03-12,P003,R004,C010,4,2480.0,1708.24
2026-03-12,P003,R004,C004,4,2480.0,1719.83
2026-03-12,P004,R001,C005,15,3600.0,2219.52
2026-03-12,P004,R001,C001,43,10320.0,6865.0
2026-03-12,P004,R001,C007,31,7440.0,4728.71
2026-03-12,P004,R002,C012,36,8640.0,5502.43
2026-03-12,P004,R002,C008,26,6240.0,4001.71
2026-03-12,P004,R003,C003,18,4320.0,2953.94
2026-03-12,P004,R003,C009,30,7200.0,4948.15
2026-03-12,P004,R004,C004,9,2160.0,1334.06
2026-03-12,P004,R004,C010,10,2400.0,1602.95
2026-03-12,P005,R001,C007,43,1935.0,1134.95
2026-03-12,P005,R001,C011,67,3015.0,1671.31
2026-03-12,P005,R001,C001,81,3645.0,2242.04
2026-03-12,P005,R002,C002,48,2160.0,1221.12
2026-03-12,P005,R002,C008,32,1440.0,790.25
2026-03-12,P005,R002,C012,50,2250.0,1380.47
2026-03-12,P005,R002,C006,19,855.0,495.32
2026-03-12,P005,R003,C003,42,1890.0,1045.12
2026-03-12,P005,R003,C009,92,4140.0,2460.89
2026-03-12,P005,R004,C004,39,1755.0,1038.38
2026-03-12,P005,R004,C010,26,1170.0,712.23
2026-03-12,P006,R001,C007,21,2520.0,1574.5
2026-03-12,P006,R001,C011,47,5640.0,3560.84
2026-03-12,P006,R001,C001,66,7920.0,5321.84
2026-03-12,P006,R002,C008,26,3120.0,2016.15
2026-03-12,P006,R002,C002,30,3600.0,2310.15
2026-03-12,P006,R002,C012,43,5160.0,3453.1
2026-03-12,P006,R003,C009,59,7080.0,4498.8
2026-03-12,P006,R003,C003,30,3600.0,2351.41
2026-03-12,P006,R004,C010,12,1440.0,924.36
2026-03-12,P006,R004,C004,17,2040.0,1235.81
2026-03-13,P001,R001,C007,12,4560.0,3184.01
2026-03-13,P001,R001,C011,23,8740.0,6085.76
2026-03-13,P001,R001,C005,13,4940.0,3318.87
2026-03-13,P001,R002,C002,11,4180.0,2711.4
2026-03-13,P001,R002,C008,6,2280.0,1544.55
2026-03-13,P001,R002,C012,15,5700.0,3965.34
2026-03-13,P001,R003,C009,14,5320.0,3776.79
2026-03-13,P001,R003,C003,9,3420.0,2253.73
2026-03-13,P001,R004,C004,6,2280.0,1607.71
2026-03-13,P001,R004,C010,6,2280.0,1489.51
2026-03-13,P002,R001,C007,320,27200.0,17481.15
2026-03-13,P002,R001,C005,126,10710.0,6684.86
2026-03-13,P002,R002,C012,108,9180.0,5868.34
2026-03-13,P002,R002,C006,36,3060.0,1818.34
2026-03-13,P002,R002,C002,115,9775.0,5944.63
2026-03-13,P002,R002,C008,50,4250.0,2580.95
2026-03-13,P002,R003,C003,79,6715.0,4173.45
2026-03-13,P002,R003,C009,145,12325.0,7881.48
2026-03-13,P002,R004,C004,40,3400.0,2085.53
2026-03-13,P002,R004,C010,44,3740.0,2207.69
2026-03-13,P003,R001,C007,13,8060.0,5574.76
2026-03-13,P003,R001,C001,17,10540.0,7199.67
2026-03-13,P003,R002,C006,2,1240.0,860.75
2026-03-13,P003,R002,C002,7,4340.0,3170.6
2026-03-13,P003,R002,C008,3,1860.0,1265.43
2026-03-13,P003,R002,C012,5,3100.0,2287.76
2026-03-13,P003,R003,C009,8,4960.0,3659.53
2026-03-13,P003,R003,C003,4,2480.0,1696.93
2026-03-13,P003,R004,C004,3,1860.0,1291.69
2026-03-13,P003,R004,C010,3,1860.0,1280.08
2026-03-13,P004,R001,C001,29,6960.0,4739.75
2026-03-13,P004,R001,C011,34,8160.0,5325.07
2026-03-13,P004,R001,C007,15,3600.0,2292.07
2026-03-13,P004,R001,C005,8,1920.0,1276.24
2026-03-13,P004,R002,C008,16,3840.0,2622.87
2026-03-13,P004,R002,C006,12,2880.0,1983.18
2026-03-13,P004,R002,C002,24,5760.0,3733.54
2026-03-13,P004,R003,C003,21,5040.0,3340.2
2026-03-13,P004,R003,C009,28,6720.0,4259.6
2026-03-13,P004,R004,C010,9,2160.0,1346.09
2026-03-13,P004,R004,C004,10,2400.0,1555.81
2026-03-13,P005,R001,C011,96,4320.0,2408.96
2026-03-13,P005,R001,C005,23,1035.0,614.43
2026-03-13,P005,R001,C007,46,2070.0,1151.73
2026-03-13,P005,R001,C001,79,3555.0,2124.87
2026-03-13,P005,R002,C006,43,1935.0,1064.73
2026-03-13,P005,R002,C002,138,6210.0,3811.93
2026-03-13,P005,R003,C009,82,3690.0,2177.39
2026-03-13,P005,R003,C003,32,1440.0,831.17
2026-03-13,P005,R004,C010,19,855.0,503.45
2026-03-13,P005,R004,C004,24,1080.0,661.62
2026-03-13,P006,R001,C007,20,2400.0,1514.31
2026-03-13,P006,R001,C001,40,4800.0,3035.16
2026-03-13,P006,R001,C005,12,1440.0,909.23
2026-03-13,P006,R001,C011,47,5640.0,3552.57
2026-03-13,P006,R002,C006,16,1920.0,1178.9
2026-03-13,P006,R002,C002,53,6360.0,4045.57
2026-03-13,P006,R002,C008,36,4320.0,2731.85
2026-03-13,P006,R003,C003,31,3720.0,2350.37
2026-03-13,P006,R003,C009,56,6720.0,4526.46
2026-03-13,P006,R004,C010,17,2040.0,1257.19
2026-03-13,P006,R004,C004,24,2880.0,1828.22
2026-03-14,P001,R001,C011,21,7980.0,5245.96
2026-03-14,P001,R001,C007,8,3040.0,2155.37
2026-03-14,P001,R001,C001,14,5320.0,3777.9
2026-03-14,P001,R002,C008,5,1900.0,1233.26
2026-03-14,P001,R002,C012,11,4180.0,2719.44
2026-03-14,P001,R002,C002,9,3420.0,2211.33
2026-03-14,P001,R002,C006,3,1140.0,768.14
2026-03-14,P001,R003,C009,11,4180.0,2847.24
2026-03-14,P001,R003,C003,5,1900.0,1270.27
2026-03-14,P001,R004,C010,3,1140.0,740.89
2026-03-14,P001,R004,C004,4,1520.0,1091.64
2026-03-14,P002,R001,C005,40,3400.0,2077.58
2026-03-14,P002,R001,C011,151,12835.0,8406.89
2026-03-14,P002,R001,C007,100,8500.0,4962.35
2026-03-14,P002,R002,C002,119,10115.0,6416.28
2026-03-14,P002,R002,C006,44,3740.0,2250.07
2026-03-14,P002,R003,C009,64,5440.0,3347.2
2026-03-14,P002,R003,C003,32,2720.0,1666.69
2026-03-14,P002,R004,C010,29,2465.0,1615.83
2026-03-14,P002,R004,C004,30,2550.0,1598.71
2026-03-14,P003,R001,C005,4,2480.0,1736.31
2026-03-14,P003,R001,C011,15,9300.0,6831.1
2026-03-14,P003,R002,C008,3,1860.0,1232.68
2026-03-14,P003,R002,C002,7,4340.0,3130.55
2026-03-14,P003,R003,C009,4,2480.0,1739.38
2026-03-14,P003,R003,C003,4,2480.0,1677.55
2026-03-14,P003,R004,C004,2,1240.0,882.8
2026-03-14,P003,R004,C010,2,1240.0,862.29
2026-03-14,P004,R001,C001,33,7920.0,4873.42
2026-03-14,P004,R001,C007,18,4320.0,2885.61
2026-03-14,P004,R002,C002,19,4560.0,3133.73
2026-03-14,P004,R002,C008,12,2880.0,1843.87
2026-03-14,P004,R003,C003,7,1680.0,1026.99
2026-03-14,P004,R003,C009,15,3600.0,2410.31
2026-03-14,P004,R004,C010,7,1680.0,1157.96
2026-03-14,P004,R004,C004,7,1680.0,1143.53
2026-03-14,P005,R001,C007,79,3555.0,1958.43
2026-03-14,P005,R001,C005,39,1755.0,1057.8
2026-03-14,P005,R002,C002,36,1620.0,940.91
2026-03-14,P005,R002,C008,18,810.0,443.71
2026-03-14,P005,R002,C012,37,1665.0,954.94
2026-03-14,P005,R002,C006,11,495.0,274.25
2026-03-14,P005,R003,C009,54,2430.0,1492.21
2026-03-14,P005,R003,C003,40,1800.0,1088.17
2026-03-14,P005,R004,C004,15,675.0,366.76
2026-03-14,P005,R004,C010,15,675.0,368.96
2026-03-14,P006,R001,C005,9,1080.0,666.7
2026-03-14,P006,R001,C001,27,3240.0,2023.43
2026-03-14,P006,R001,C007,16,1920.0,1300.09
2026-03-14,P006,R001,C011,28,3360.0,2136.18
2026-03-14,P006,R002,C008,52,6240.0,3871.04
2026-03-14,P006,R002,C006,22,2640.0,1752.71
2026-03-14,P006,R003,C003,20,2400.0,1599.42
2026-03-14,P006,R003,C009,20,2400.0,1544.15
2026-03-14,P006,R004,C004,10,1200.0,730.57
2026-03-14,P006,R004,C010,11,1320.0,870.03
2026-03-15,P001,R001,C001,16,6080.0,3993.06
2026-03-15,P001,R001,C005,4,1520.0,1047.38
2026-03-15,P001,R001,C011,19,7220.0,4797.02
2026-03-15,P001,R002,C012,9,3420.0,2229.59
2026-03-15,P001,R002,C006,3,1140.0,810.01
2026-03-15,P001,R002,C002,14,5320.0,3761.61
2026-03-15,P001,R003,C003,10,3800.0,2595.26
2026-03-15,P001,R003,C009,10,3800.0,2627.79
2026-03-15,P001,R004,C010,5,1900.0,1356.13
2026-03-15,P001,R004,C004,7,2660.0,1833.92
2026-03-15,P002,R001,C001,149,12665.0,7544.24
2026-03-15,P002,R001,C005,41,3485.0,2186.35
2026-03-15,P002,R001,C007,65,5525.0,3433.29
2026-03-15,P002,R002,C012,123,10455.0,6707.51
2026-03-15,P002,R002,C006,55,4675.0,2828.6
2026-03-15,P002,R003,C009,88,7480.0,4935.39
2026-03-15,P002,R003,C003,49,4165.0,2586.1
2026-03-15,P002,R004,C004,26,2210.0,1447.7
2026-03-15,P002,R004,C010,19,1615.0,971.57
2026-03-15,P003,R001,C007,3,1860.0,1230.99
2026-03-15,P003,R001,C001,8,4960.0,3611.37
2026-03-15,P003,R001,C011,6,3720.0,2636.78
2026-03-15,P003,R001,C005,3,1860.0,1289.26
2026-03-15,P003,R002,C012,8,4960.0,3372.81
2026-03-15,P003,R002,C008,4,2480.0,1772.28
2026-03-15,P003,R003,C003,4,2480.0,1828.03
2026-03-15,P003,R003,C009,3,1860.0,1242.09
2026-03-15,P003,R004,C004,2,1240.0,913.89
2026-03-15,P003,R004,C010,1,620.0,436.76
2026-03-15,P004,R001,C001,15,3600.0,2364.17
2026-03-15,P004,R001,C011,18,4320.0,2910.53
2026-03-15,P004,R001,C005,7,1680.0,1036.31
2026-03-15,P004,R002,C002,17,4080.0,2732.92
2026-03-15,P004,R002,C012,11,2640.0,1790.89
2026-03-15,P004,R002,C006,4,960.0,600.33
2026-03-15,P004,R002,C008,8,1920.0,1179.64
2026-03-15,P004,R003,C009,20,4800.0,3029.37
2026-03-15,P004,R003,C003,11,2640.0,1630.33
2026-03-15,P004,R004,C004,6,1440.0,977.15
2026-03-15,P004,R004,C010,6,1440.0,895.86
2026-03-15,P005,R001,C001,52,2340.0,1415.26
2026-03-15,P005,R001,C011,34,1530.0,866.86
2026-03-15,P005,R001,C007,26,1170.0,637.23
2026-03-15,P005,R001,C005,19,855.0,501.89
2026-03-15,P005,R002,C008,73,3285.0,1931.23
2026-03-15,P005,R002,C006,51,2295.0,1300.91
2026-03-15,P005,R003,C009,41,1845.0,1031.55
2026-03-15,P005,R003,C003,32,1440.0,863.04
2026-03-15,P005,R004,C010,18,810.0,478.37
2026-03-15,P005,R004,C004,23,1035.0,641.36
2026-03-15,P006,R001,C005,9,1080.0,681.11
2026-03-15,P006,R001,C011,37,4440.0,2724.15
2026-03-15,P006,R001,C007,22,2640.0,1708.27
2026-03-15,P006,R001,C001,27,3240.0,1965.36
2026-03-15,P006,R002,C012,23,2760.0,1713.89
2026-03-15,P006,R002,C008,11,1320.0,854.45
2026-03-15,P006,R002,C002,18,2160.0,1329.36
2026-03-15,P006,R002,C006,6,720.0,463.33
2026-03-15,P006,R003,C009,25,3000.0,2002.06
2026-03-15,P006,R003,C003,16,1920.0,1225.51
2026-03-15,P006,R004,C004,9,1080.0,693.31
2026-03-15,P006,R004,C010,8,960.0,622.49
2026-03-16,P001,R001,C011,36,13680.0,9570.96
2026-03-16,P001,R001,C007,16,6080.0,4091.29
2026-03-16,P001,R002,C012,13,4940.0,3206.8
2026-03-16,P001,R002,C008,8,3040.0,2111.05
2026-03-16,P001,R002,C002,18,6840.0,4710.02
2026-03-16,P001,R003,C009,18,6840.0,4622.5
2026-03-16,P001,R003,C003,13,4940.0,3486.78
2026-03-16,P001,R004,C004,7,2660.0,1707.3
2026-03-16,P001,R004,C010,5,1900.0,1315.2
2026-03-16,P002,R001,C005,79,6715.0,4184.89
2026-03-16,P002,R001,C007,115,9775.0,6394.53
2026-03-16,P002,R001,C011,161,13685.0,8369.8
2026-03-16,P002,R002,C002,206,17510.0,10751.15
2026-03-16,P002,R002,C006,68,5780.0,3399.13
2026-03-16,P002,R003,C009,92,7820.0,4764.33
2026-03-16,P002,R003,C003,66,5610.0,3392.88
2026-03-16,P002,R004,C004,42,3570.0,2149.93
2026-03-16,P002,R004,C010,38,3230.0,2044.65
2026-03-16,P003,R001,C011,10,6200.0,4291.02
2026-03-16,P003,R001,C001,12,7440.0,4922.11
2026-03-16,P003,R001,C005,5,3100.0,2130.23
2026-03-16,P003,R001,C007,6,3720.0,2679.26
2026-03-16,P003,R002,C008,4,2480.0,1822.67
2026-03-16,P003,R002,C002,12,7440.0,5367.54
2026-03-16,P003,R002,C006,4,2480.0,1715.6
2026-03-16,P003,R003,C009,7,4340.0,3194.73
2026-03-16,P003,R003,C003,4,2480.0,1758.08
2026-03-16,P003,R004,C010,4,2480.0,1671.97
2026-03-16,P003,R004,C004,3,1860.0,1235.7
2026-03-16,P004,R001,C001,25,6000.0,3707.47
2026-03-16,P004,R001,C005,10,2400.0,1576.88
2026-03-16,P004,R001,C011,26,6240.0,4078.41
2026-03-16,P004,R001,C007,16,3840.0,2386.4
2026-03-16,P004,R002,C006,28,6720.0,4531.54
2026-03-16,P004,R002,C008,32,7680.0,4885.93
2026-03-16,P004,R003,C003,16,3840.0,2556.63
2026-03-16,P004,R003,C009,20,4800.0,3130.75
2026-03-16,P004,R004,C010,11,2640.0,1675.19
2026-03-16,P004,R004,C004,12,2880.0,1781.58
2026-03-16,P005,R001,C001,67,3015.0,1749.14
2026-03-16,P005,R001,C005,26,1170.0,703.52
2026-03-16,P005,R001,C011,64,2880.0,1773.05
2026-03-16,P005,R001,C007,40,1800.0,992.46
2026-03-16,P005,R002,C012,54,2430.0,1427.42
2026-03-16,P005,R002,C006,13,585.0,344.61
2026-03-16,P005,R002,C008,18,810.0,437.55
2026-03-16,P005,R002,C002,53,2385.0,1461.28
2026-03-16,P005,R003,C003,45,2025.0,1215.21
2026-03-16,P005,R003,C009,73,3285.0,1795.28
2026-03-16,P005,R004,C004,22,990.0,562.86
2026-03-16,P005,R004,C010,31,1395.0,849.48
2026-03-16,P006,R001,C001,37,4440.0,2825.89
2026-03-16,P006,R001,C005,20,2400.0,1599.2
2026-03-16,P006,R001,C007,28,3360.0,2246.78
2026-03-16,P006,R001,C011,56,6720.0,4201.67
2026-03-16,P006,R002,C006,8,960.0,584.21
2026-03-16,P006,R002,C002,28,3360.0,2222.33
2026-03-16,P006,R002,C012,33,3960.0,2434.02
2026-03-16,P006,R003,C009,31,3720.0,2355.7
2026-03-16,P006,R003,C003,33,3960.0,2533.41
2026-03-16,P006,R004,C010,14,1680.0,1093.34
2026-03-16,P006,R004,C004,17,2040.0,1265.46
2026-03-17,P001,R001,C011,35,13300.0,8998.9
2026-03-17,P001,R001,C001,34,12920.0,8315.12
2026-03-17,P001,R002,C012,15,5700.0,3656.84
2026-03-17,P001,R002,C008,12,4560.0,3277.59
2026-03-17,P001,R003,C009,17,6460.0,4564.29
2026-03-17,P001,R003,C003,14,5320.0,3475.78
2026-03-17,P001,R004,C004,11,4180.0,2874.78
2026-03-17,P001,R004,C010,8,3040.0,2090.48
2026-03-17,P002,R001,C007,63,5355.0,3420.48
2026-03-17,P002,R001,C001,126,10710.0,6942.49
2026-03-17,P002,R001,C005,43,3655.0,2254.18
2026-03-17,P002,R001,C011,146,12410.0,7591.09
2026-03-17,P002,R002,C012,65,5525.0,3489.63
2026-03-17,P002,R002,C006,25,2125.0,1356.13
2026-03-17,P002,R002,C008,48,4080.0,2561.93
2026-03-17,P002,R002,C002,82,6970.0,4292.65
2026-03-17,P002,R003,C009,117,9945.0,6071.6
2026-03-17,P002,R003,C003,86,7310.0,4364.68
2026-03-17,P002,R004,C010,47,3995.0,2443.97
2026-03-17,P002,R004,C004,49,4165.0,2601.73
2026-03-17,P003,R001,C005,4,2480.0,1806.33
2026-03-17,P003,R001,C001,13,8060.0,5953.67
2026-03-17,P003,R001,C011,15,9300.0,6683.85
2026-03-17,P003,R002,C012,8,4960.0,3362.63
2026-03-17,P003,R002,C002,7,4340.0,3150.34
2026-03-17,P003,R003,C009,11,6820.0,4547.34
2026-03-17,P003,R003,C003,7,4340.0,2981.33
2026-03-17,P003,R004,C004,5,3100.0,2158.96
2026-03-17,P003,R004,C010,3,1860.0,1255.9
2026-03-17,P004,R001,C001,26,6240.0,4168.56
2026-03-17,P004,R001,C005,7,1680.0,1134.91
2026-03-17,P004,R001,C011,21,5040.0,3399.61
2026-03-17,P004,R001,C007,11,2640.0,1716.32
2026-03-17,P004,R002,C006,9,2160.0,1471.84
2026-03-17,P004,R002,C012,21,5040.0,3426.08
2026-03-17,P004,R002,C008,8,1920.0,1229.54
2026-03-17,P004,R002,C002,21,5040.0,3329.59
2026-03-17,P004,R003,C009,27,6480.0,3983.41
2026-03-17,P004,R003,C003,16,3840.0,2511.65
2026-03-17,P004,R004,C010,6,1440.0,909.53
2026-03-17,P004,R004,C004,7,1680.0,1108.21
2026-03-17,P005,R001,C005,18,810.0,464.74
2026-03-17,P005,R001,C011,60,2700.0,1485.93
2026-03-17,P005,R001,C001,88,3960.0,2248.82
2026-03-17,P005,R001,C007,27,1215.0,726.05
2026-03-17,P005,R002,C008,26,1170.0,639.17
2026-03-17,P005,R002,C012,66,2970.0,1756.87
2026-03-17,P005,R002,C002,48,2160.0,1259.47
2026-03-17,P005,R002,C006,18,810.0,470.29
2026-03-17,P005,R003,C003,34,1530.0,886.75
2026-03-17,P005,R003,C009,85,3825.0,2365.08
2026-03-17,P005,R004,C010,16,720.0,395.97
2026-03-17,P005,R004,C004,32,1440.0,825.06
2026-03-17,P006,R001,C001,59,7080.0,4622.6
2026-03-17,P006,R001,C005,12,1440.0,942.88
2026-03-17,P006,R001,C011,39,4680.0,3013.08
2026-03-17,P006,R001,C007,17,2040.0,1347.07
2026-03-17,P006,R002,C002,46,5520.0,3736.04
2026-03-17,P006,R002,C006,12,1440.0,927.99
2026-03-17,P006,R002,C008,24,2880.0,1747.01
2026-03-17,P006,R002,C012,30,3600.0,2243.46
2026-03-17,P006,R003,C009,36,4320.0,2675.59
2026-03-17,P006,R003,C003,22,2640.0,1775.95
2026-03-17,P006,R004,C004,16,1920.0,1291.51
2026-03-17,P006,R004,C010,14,1680.0,1084.08
2026-03-18,P001,R001,C005,13,4940.0,3461.15
2026-03-18,P001,R001,C011,34,12920.0,8938.0
2026-03-18,P001,R001,C007,18,6840.0,4411.34
2026-03-18,P001,R002,C002,28,10640.0,7188.67
2026-03-18,P001,R002,C008,16,6080.0,4239.36
2026-03-18,P001,R003,C003,9,3420.0,2316.57
2026-03-18,P001,R003,C009,17,6460.0,4617.63
2026-03-18,P001,R004,C010,6,2280.0,1635.95
2026-03-18,P001,R004,C004,11,4180.0,2982.12
2026-03-18,P002,R001,C001,104,8840.0,5350.21
2026-03-18,P002,R001,C007,67,5695.0,3616.53
2026-03-18,P002,R001,C011,151,12835.0,8381.81
2026-03-18,P002,R002,C012,122,10370.0,6449.48
2026-03-18,P002,R002,C006,57,4845.0,3041.84
2026-03-18,P002,R003,C003,79,6715.0,4349.0
2026-03-18,P002,R003,C009,144,12240.0,7796.1
2026-03-18,P002,R004,C010,54,4590.0,2877.59
2026-03-18,P002,R004,C004,55,4675.0,3015.73
2026-03-18,P003,R001,C001,11,6820.0,4662.99
2026-03-18,P003,R001,C007,6,3720.0,2614.23
2026-03-18,P003,R001,C011,9,5580.0,4101.37
2026-03-18,P003,R001,C005,4,2480.0,1687.86
2026-03-18,P003,R002,C008,7,4340.0,2998.7
2026-03-18,P003,R002,C002,13,8060.0,5802.9
2026-03-18,P003,R003,C009,10,6200.0,4429.31
2026-03-18,P003,R003,C003,4,2480.0,1650.37
2026-03-18,P003,R004,C010,3,1860.0,1345.44
2026-03-18,P003,R004,C004,5,3100.0,2111.83
2026-03-18,P004,R001,C001,88,21120.0,14391.54
2026-03-18,P004,R001,C005,25,6000.0,3966.4
2026-03-18,P004,R002,C008,17,4080.0,2770.68
2026-03-18,P004,R002,C006,11,2640.0,1728.6
2026-03-18,P004,R002,C002,20,4800.0,2940.6
2026-03-18,P004,R003,C003,21,5040.0,3103.8
2026-03-18,P004,R003,C009,20,4800.0,3294.99
2026-03-18,P004,R004,C004,11,2640.0,1725.5
2026-03-18,P004,R004,C010,9,2160.0,1401.7
2026-03-18,P005,R001,C011,137,6165.0,3375.45
2026-03-18,P005,R001,C005,59,2655.0,1543.61
2026-03-18,P005,R002,C002,43,1935.0,1082.21
2026-03-18,P005,R002,C006,12,540.0,321.7
2026-03-18,P005,R002,C008,30,1350.0,833.94
2026-03-18,P005,R002,C012,52,2340.0,1312.35
2026-03-18,P005,R003,C009,82,3690.0,2058.65
2026-03-18,P005,R003,C003,39,1755.0,1026.78
2026-03-18,P005,R004,C004,32,1440.0,816.32
2026-03-18,P005,R004,C010,16,720.0,415.75
2026-03-18,P006,R001,C001,38,4560.0,3050.02
2026-03-18,P006,R001,C007,20,2400.0,1482.98
2026-03-18,P006,R001,C011,45,5400.0,3408.74
2026-03-18,P006,R001,C005,18,2160.0,1310.25
2026-03-18,P006,R002,C008,21,2520.0,1545.43
2026-03-18,P006,R002,C006,15,1800.0,1109.96
2026-03-18,P006,R002,C002,34,4080.0,2508.11
2026-03-18,P006,R002,C012,27,3240.0,1950.67
2026-03-18,P006,R003,C009,29,3480.0,2149.11
2026-03-18,P006,R003,C003,27,3240.0,2017.51
2026-03-18,P006,R004,C010,11,1320.0,792.24
2026-03-18,P006,R004,C004,23,2760.0,1776.35
2026-03-19,P001,R001,C005,27,10260.0,7354.51
2026-03-19,P001,R001,C007,32,12160.0,8092.46
2026-03-19,P001,R002,C012,15,5700.0,3980.26
2026-03-19,P001,R002,C002,21,7980.0,5255.96
2026-03-19,P001,R002,C006,7,2660.0,1820.57
2026-03-19,P001,R003,C009,12,4560.0,3072.55
2026-03-19,P001,R003,C003,9,3420.0,2269.83
2026-03-19,P001,R004,C004,9,3420.0,2306.41
2026-03-19,P001,R004,C010,6,2280.0,1563.02
2026-03-19,P002,R001,C001,219,18615.0,12038.42
2026-03-19,P002,R001,C007,92,7820.0,4575.49
2026-03-19,P002,R002,C006,35,2975.0,1948.99
2026-03-19,P002,R002,C002,116,9860.0,6103.76
2026-03-19,P002,R002,C012,118,10030.0,5842.16
2026-03-19,P002,R003,C003,72,6120.0,3847.83
2026-03-19,P002,R003,C009,108,9180.0,6024.98
2026-03-19,P002,R004,C010,33,2805.0,1684.43
2026-03-19,P002,R004,C004,55,4675.0,2828.9
2026-03-19,P003,R001,C011,8,4960.0,3521.89
2026-03-19,P003,R001,C007,7,4340.0,3020.2
2026-03-19,P003,R001,C005,3,1860.0,1333.36
2026-03-19,P003,R001,C001,14,8680.0,5968.29
2026-03-19,P003,R002,C008,7,4340.0,3176.05
2026-03-19,P003,R002,C012,12,7440.0,5437.69
2026-03-19,P003,R002,C006,4,2480.0,1700.55
2026-03-19,P003,R003,C003,6,3720.0,2518.46
2026-03-19,P003,R003,C009,6,3720.0,2626.69
2026-03-19,P003,R004,C010,3,1860.0,1355.11
2026-03-19,P003,R004,C004,3,1860.0,1239.83
2026-03-19,P004,R001,C011,22,5280.0,3314.33
2026-03-19,P004,R001,C005,12,2880.0,1917.04
2026-03-19,P004,R001,C007,14,3360.0,2051.36
2026-03-19,P004,R001,C001,20,4800.0,3214.21
2026-03-19,P004,R002,C002,16,3840.0,2537.23
2026-03-19,P004,R002,C012,24,5760.0,3725.12
2026-03-19,P004,R002,C008,9,2160.0,1416.39
2026-03-19,P004,R002,C006,8,1920.0,1262.54
2026-03-19,P004,R003,C003,23,5520.0,3511.53
2026-03-19,P004,R003,C009,33,7920.0,4861.7
2026-03-19,P004,R004,C010,6,1440.0,951.49
2026-03-19,P004,R004,C004,11,2640.0,1695.01
2026-03-19,P005,R001,C005,35,1575.0,869.54
2026-03-19,P005,R001,C007,51,2295.0,1405.92
2026-03-19,P005,R001,C001,64,2880.0,1705.1
2026-03-19,P005,R001,C011,80,3600.0,2013.41
2026-03-19,P005,R002,C008,27,1215.0,698.58
2026-03-19,P005,R002,C006,16,720.0,427.69
2026-03-19,P005,R002,C002,46,2070.0,1194.27
2026-03-19,P005,R002,C012,53,2385.0,1298.82
2026-03-19,P005,R003,C003,50,2250.0,1358.75
2026-03-19,P005,R003,C009,58,2610.0,1487.4
2026-03-19,P005,R004,C010,21,945.0,514.47
2026-03-19,P005,R004,C004,26,1170.0,665.27
2026-03-19,P006,R001,C005,18,2160.0,1414.33
2026-03-19,P006,R001,C007,29,3480.0,2363.52
2026-03-19,P006,R001,C001,46,5520.0,3479.41
2026-03-19,P006,R001,C011,67,8040.0,5085.17
2026-03-19,P006,R002,C008,21,2520.0,1628.66
2026-03-19,P006,R002,C012,39,4680.0,2984.07
2026-03-19,P006,R002,C006,13,1560.0,981.53
2026-03-19,P006,R002,C002,26,3120.0,1883.95
2026-03-19,P006,R003,C003,26,3120.0,2030.32
2026-03-19,P006,R003,C009,31,3720.0,2466.1
2026-03-19,P006,R004,C010,12,1440.0,920.53
2026-03-19,P006,R004,C004,15,1800.0,1174.01
2026-03-20,P001,R001,C001,19,7220.0,4716.95
2026-03-20,P001,R001,C005,8,3040.0,2013.15
2026-03-20,P001,R001,C011,25,9500.0,6177.88
2026-03-20,P001,R002,C008,7,2660.0,1785.16
2026-03-20,P001,R002,C002,14,5320.0,3415.63
2026-03-20,P001,R002,C012,15,5700.0,3685.73
2026-03-20,P001,R003,C009,13,4940.0,3459.15
2026-03-20,P001,R003,C003,10,3800.0,2691.05
2026-03-20,P001,R004,C004,5,1900.0,1278.81
2026-03-20,P001,R004,C010,5,1900.0,1262.42
2026-03-20,P002,R001,C011,146,12410.0,7344.44
2026-03-20,P002,R001,C001,139,11815.0,7192.89
2026-03-20,P002,R001,C005,34,2890.0,1861.57
2026-03-20,P002,R002,C008,170,14450.0,9386.65
2026-03-20,P002,R002,C006,86,7310.0,4695.74
2026-03-20,P002,R003,C003,98,8330.0,5431.22
2026-03-20,P002,R003,C009,132,11220.0,7310.88
2026-03-20,P002,R004,C004,41,3485.0,2045.2
2026-03-20,P002,R004,C010,42,3570.0,2335.14
2026-03-20,P003,R001,C011,9,5580.0,3849.55
2026-03-20,P003,R001,C005,4,2480.0,1784.66
2026-03-20,P003,R001,C007,5,3100.0,2048.75
2026-03-20,P003,R001,C001,11,6820.0,4746.0
2026-03-20,P003,R002,C008,6,3720.0,2616.43
2026-03-20,P003,R002,C002,8,4960.0,3298.42
2026-03-20,P003,R003,C003,8,4960.0,3565.3
2026-03-20,P003,R003,C009,10,6200.0,4195.31
2026-03-20,P003,R004,C010,3,1860.0,1334.87
2026-03-20,P003,R004,C004,4,2480.0,1772.41
2026-03-20,P004,R001,C005,10,2400.0,1501.31
2026-03-20,P004,R001,C001,37,8880.0,5513.03
2026-03-20,P004,R001,C007,15,3600.0,2414.09
2026-03-20,P004,R002,C002,26,6240.0,3933.37
2026-03-20,P004,R002,C008,13,3120.0,2126.64
2026-03-20,P004,R002,C012,16,3840.0,2440.49
2026-03-20,P004,R002,C006,5,1200.0,772.66
2026-03-20,P004,R003,C003,17,4080.0,2502.74
2026-03-20,P004,R003,C009,27,6480.0,4263.09
2026-03-20,P004,R004,C010,10,2400.0,1484.12
2026-03-20,P004,R004,C004,11,2640.0,1815.59
2026-03-20,P005,R001,C001,113,5085.0,2849.8
2026-03-20,P005,R001,C005,38,1710.0,986.16
2026-03-20,P005,R001,C011,77,3465.0,2062.2
2026-03-20,P005,R001,C007,46,2070.0,1131.93
2026-03-20,P005,R002,C012,92,4140.0,2472.19
2026-03-20,P005,R002,C008,46,2070.0,1186.47
2026-03-20,P005,R003,C003,44,1980.0,1113.83
2026-03-20,P005,R003,C009,57,2565.0,1492.6
2026-03-20,P005,R004,C004,29,1305.0,786.3
2026-03-20,P005,R004,C010,30,1350.0,769.06
2026-03-20,P006,R001,C007,27,3240.0,2201.61
2026-03-20,P006,R001,C005,14,1680.0,1116.73
2026-03-20,P006,R001,C011,33,3960.0,2594.81
2026-03-20,P006,R001,C001,45,5400.0,3561.92
2026-03-20,P006,R002,C008,33,3960.0,2584.64
2026-03-20,P006,R002,C012,57,6840.0,4190.19
2026-03-20,P006,R003,C003,19,2280.0,1525.82
2026-03-20,P006,R003,C009,38,4560.0,2989.91
2026-03-20,P006,R004,C004,22,2640.0,1643.01
2026-03-20,P006,R004,C010,16,1920.0,1222.09
2026-03-21,P001,R001,C001,21,7980.0,5366.49
2026-03-21,P001,R001,C005,8,3040.0,1979.91
2026-03-21,P001,R002,C008,6,2280.0,1621.92
2026-03-21,P001,R002,C002,13,4940.0,3443.43
2026-03-21,P001,R002,C012,11,4180.0,2819.04
2026-03-21,P001,R003,C003,9,3420.0,2339.17
2026-03-21,P001,R003,C009,11,4180.0,2713.31
2026-03-21,P001,R004,C004,6,2280.0,1495.1
2026-03-21,P001,R004,C010,4,1520.0,1041.05
2026-03-21,P002,R001,C005,71,6035.0,3594.81
2026-03-21,P002,R001,C007,85,7225.0,4518.58
2026-03-21,P002,R002,C008,45,3825.0,2325.56
2026-03-21,P002,R002,C006,30,2550.0,1599.64
2026-03-21,P002,R002,C002,82,6970.0,4487.15
2026-03-21,P002,R003,C009,56,4760.0,3097.83
2026-03-21,P002,R003,C003,43,3655.0,2323.65
2026-03-21,P002,R004,C004,23,1955.0,1156.03
2026-03-21,P002,R004,C010,18,1530.0,946.12
2026-03-21,P003,R001,C011,7,4340.0,3017.95
2026-03-21,P003,R001,C001,7,4340.0,3130.24
2026-03-21,P003,R001,C005,2,1240.0,870.83
2026-03-21,P003,R001,C007,3,1860.0,1309.86
2026-03-21,P003,R002,C008,5,3100.0,2277.7
2026-03-21,P003,R002,C002,8,4960.0,3633.26
2026-03-21,P003,R003,C009,7,4340.0,2866.75
2026-03-21,P003,R003,C003,3,1860.0,1366.33
2026-03-21,P003,R004,C010,2,1240.0,877.17
2026-03-21,P003,R004,C004,3,1860.0,1236.44
2026-03-21,P004,R001,C005,7,1680.0,1076.74
2026-03-21,P004,R001,C011,24,5760.0,3835.36
2026-03-21,P004,R001,C007,8,1920.0,1198.32
2026-03-21,P004,R001,C001,26,6240.0,4032.98
2026-03-21,P004,R002,C006,4,960.0,642.34
2026-03-21,P004,R002,C008,5,1200.0,819.0
2026-03-21,P004,R002,C012,11,2640.0,1818.06
2026-03-21,P004,R002,C002,9,2160.0,1388.86
2026-03-21,P004,R003,C009,13,3120.0,2067.38
2026-03-21,P004,R003,C003,7,1680.0,1121.55
2026-03-21,P004,R004,C010,5,1200.0,754.46
2026-03-21,P004,R004,C004,7,1680.0,1136.46
2026-03-21,P005,R001,C005,31,1395.0,767.69
2026-03-21,P005,R001,C011,86,3870.0,2257.35
2026-03-21,P005,R002,C006,14,630.0,356.02
2026-03-21,P005,R002,C012,37,1665.0,994.82
2026-03-21,P005,R002,C008,15,675.0,393.14
2026-03-21,P005,R002,C002,44,1980.0,1171.42
2026-03-21,P005,R003,C003,29,1305.0,764.49
2026-03-21,P005,R003,C009,50,2250.0,1246.45
2026-03-21,P005,R004,C010,15,675.0,371.76
2026-03-21,P005,R004,C004,24,1080.0,614.55
2026-03-21,P006,R001,C007,14,1680.0,1139.87
2026-03-21,P006,R001,C005,8,960.0,598.66
2026-03-21,P006,R001,C001,28,3360.0,2160.73
2026-03-21,P006,R001,C011,30,3600.0,2306.49
2026-03-21,P006,R002,C002,31,3720.0,2386.04
2026-03-21,P006,R002,C008,13,1560.0,984.16
2026-03-21,P006,R002,C012,30,3600.0,2355.7
2026-03-21,P006,R002,C006,11,1320.0,861.16
2026-03-21,P006,R003,C009,32,3840.0,2318.73
2026-03-21,P006,R003,C003,16,1920.0,1278.49
2026-03-21,P006,R004,C010,9,1080.0,690.46
2026-03-21,P006,R004,C004,10,1200.0,796.23
2026-03-22,P001,R001,C007,6,2280.0,1510.48
2026-03-22,P001,R001,C005,4,1520.0,1076.32
2026-03-22,P001,R001,C001,11,4180.0,2915.9
2026-03-22,P001,R001,C011,16,6080.0,4071.56
2026-03-22,P001,R002,C008,4,1520.0,1076.95
2026-03-22,P001,R002,C006,2,760.0,535.89
2026-03-22,P001,R002,C012,7,2660.0,1883.97
2026-03-22,P001,R002,C002,7,2660.0,1778.47
2026-03-22,P001,R003,C003,8,3040.0,2031.93
2026-03-22,P001,R003,C009,8,3040.0,2080.61
2026-03-22,P001,R004,C010,5,1900.0,1315.18
2026-03-22,P001,R004,C004,4,1520.0,1048.56
2026-03-22,P002,R001,C001,117,9945.0,5785.29
2026-03-22,P002,R001,C007,57,4845.0,2856.16
2026-03-22,P002,R001,C005,26,2210.0,1361.5
2026-03-22,P002,R001,C011,100,8500.0,5580.94
2026-03-22,P002,R002,C008,35,2975.0,1828.44
2026-03-22,P002,R002,C006,21,1785.0,1144.53
2026-03-22,P002,R002,C012,50,4250.0,2465.75
2026-03-22,P002,R002,C002,68,5780.0,3487.3
2026-03-22,P002,R003,C003,57,4845.0,3108.23
2026-03-22,P002,R003,C009,101,8585.0,5053.75
2026-03-22,P002,R004,C004,33,2805.0,1719.49
2026-03-22,P002,R004,C010,34,2890.0,1767.61
2026-03-22,P003,R001,C001,9,5580.0,3905.32
2026-03-22,P003,R001,C011,13,8060.0,5443.52
2026-03-22,P003,R002,C012,4,2480.0,1666.59
2026-03-22,P003,R002,C002,5,3100.0,2133.66
2026-03-22,P003,R002,C008,2,1240.0,882.97
2026-03-22,P003,R002,C006,2,1240.0,913.26
2026-03-22,P003,R003,C003,3,1860.0,1271.0
2026-03-22,P003,R003,C009,4,2480.0,1745.13
2026-03-22,P003,R004,C010,1,620.0,433.86
2026-03-22,P003,R004,C004,2,1240.0,883.2
2026-03-22,P004,R001,C005,8,1920.0,1174.65
2026-03-22,P004,R001,C001,21,5040.0,3356.75
2026-03-22,P004,R001,C007,7,1680.0,1147.12
2026-03-22,P004,R001,C011,24,5760.0,3656.33
2026-03-22,P004,R002,C012,23,5520.0,3537.85
2026-03-22,P004,R002,C002,17,4080.0,2776.81
2026-03-22,P004,R003,C009,16,3840.0,2595.23
2026-03-22,P004,R003,C003,8,1920.0,1245.11
2026-03-22,P004,R004,C004,6,1440.0,974.23
2026-03-22,P004,R004,C010,7,1680.0,1082.67
2026-03-22,P005,R001,C005,23,1035.0,628.58
2026-03-22,P005,R001,C007,27,1215.0,734.06
2026-03-22,P005,R001,C001,56,2520.0,1425.04
2026-03-22,P005,R001,C011,76,3420.0,1883.1
2026-03-22,P005,R002,C006,12,540.0,292.97
2026-03-22,P005,R002,C012,29,1305.0,718.83
2026-03-22,P005,R002,C008,12,540.0,296.31
2026-03-22,P005,R002,C002,36,1620.0,879.73
2026-03-22,P005,R003,C009,34,1530.0,878.05
2026-03-22,P005,R003,C003,38,1710.0,996.96
2026-03-22,P005,R004,C004,21,945.0,582.0
2026-03-22,P005,R004,C010,17,765.0,415.4
2026-03-22,P006,R001,C007,15,1800.0,1124.76
2026-03-22,P006,R001,C001,36,4320.0,2896.25
2026-03-22,P006,R001,C005,12,1440.0,896.12
2026-03-22,P006,R001,C011,35,4200.0,2575.81
2026-03-22,P006,R002,C002,41,4920.0,3190.5
2026-03-22,P006,R002,C008,18,2160.0,1301.29
2026-03-22,P006,R003,C009,26,3120.0,2082.77
2026-03-22,P006,R003,C003,23,2760.0,1676.64
2026-03-22,P006,R004,C010,10,1200.0,741.81
2026-03-22,P006,R004,C004,13,1560.0,998.94
2026-03-23,P001,R001,C007,13,4940.0,3294.72
2026-03-23,P001,R001,C011,18,6840.0,4716.19
2026-03-23,P001,R001,C001,21,7980.0,5437.75
2026-03-23,P001,R002,C002,9,3420.0,2356.92
2026-03-23,P001,R002,C012,13,4940.0,3250.64
2026-03-23,P001,R002,C008,6,2280.0,1471.35
2026-03-23,P001,R002,C006,5,1900.0,1303.23
2026-03-23,P001,R003,C009,22,8360.0,5753.03
2026-03-23,P001,R003,C003,14,5320.0,3703.2
2026-03-23,P001,R004,C010,6,2280.0,1629.41
2026-03-23,P001,R004,C004,6,2280.0,1540.88
2026-03-23,P002,R001,C001,256,21760.0,12774.16
2026-03-23,P002,R001,C005,66,5610.0,3589.88
2026-03-23,P002,R002,C002,114,9690.0,6379.22
2026-03-23,P002,R002,C012,84,7140.0,4204.48
2026-03-23,P002,R002,C008,43,3655.0,2183.5
2026-03-23,P002,R003,C009,87,7395.0,4663.22
2026-03-23,P002,R003,C003,73,6205.0,3624.58
2026-03-23,P002,R004,C004,43,3655.0,2126.9
2026-03-23,P002,R004,C010,39,3315.0,2057.49
2026-03-23,P003,R001,C011,6,3720.0,2664.88
2026-03-23,P003,R001,C007,5,3100.0,2193.35
2026-03-23,P003,R001,C001,6,3720.0,2661.87
2026-03-23,P003,R001,C005,2,1240.0,916.58
2026-03-23,P003,R002,C002,10,6200.0,4518.65
2026-03-23,P003,R002,C008,5,3100.0,2142.24
2026-03-23,P003,R002,C012,6,3720.0,2646.2
2026-03-23,P003,R003,C009,9,5580.0,3998.27
2026-03-23,P003,R003,C003,7,4340.0,3198.58
2026-03-23,P003,R004,C010,3,1860.0,1289.44
2026-03-23,P003,R004,C004,4,2480.0,1713.02
2026-03-23,P004,R001,C007,54,12960.0,8278.63
2026-03-23,P004,R001,C005,30,7200.0,4880.21
2026-03-23,P004,R002,C008,11,2640.0,1732.12
2026-03-23,P004,R002,C002,14,3360.0,2286.37
2026-03-23,P004,R002,C012,21,5040.0,3324.01
2026-03-23,P004,R002,C006,6,1440.0,929.15
2026-03-23,P004,R003,C003,15,3600.0,2461.03
2026-03-23,P004,R003,C009,27,6480.0,4037.03
2026-03-23,P004,R004,C004,8,1920.0,1317.73
2026-03-23,P004,R004,C010,7,1680.0,1086.98
2026-03-23,P005,R001,C005,20,900.0,490.39
2026-03-23,P005,R001,C007,32,1440.0,816.65
2026-03-23,P005,R001,C011,62,2790.0,1677.71
2026-03-23,P005,R001,C001,59,2655.0,1477.97
2026-03-23,P005,R002,C008,25,1125.0,632.54
2026-03-23,P005,R002,C012,53,2385.0,1442.08
2026-03-23,P005,R002,C006,16,720.0,433.62
2026-03-23,P005,R002,C002,48,2160.0,1276.09
2026-03-23,P005,R003,C003,42,1890.0,1059.37
2026-03-23,P005,R003,C009,71,3195.0,1750.68
2026-03-23,P005,R004,C004,33,1485.0,859.15
2026-03-23,P005,R004,C010,17,765.0,423.64
2026-03-23,P006,R001,C007,49,5880.0,3745.33
2026-03-23,P006,R001,C001,84,10080.0,6062.94
2026-03-23,P006,R002,C008,30,3600.0,2276.87
2026-03-23,P006,R002,C002,43,5160.0,3481.71
2026-03-23,P006,R002,C006,21,2520.0,1634.56
2026-03-23,P006,R003,C009,49,5880.0,3558.46
2026-03-23,P006,R003,C003,33,3960.0,2543.4
2026-03-23,P006,R004,C004,25,3000.0,1821.19
2026-03-23,P006,R004,C010,19,2280.0,1495.14
2026-03-24,P001,R001,C005,8,3040.0,2048.36
2026-03-24,P001,R001,C001,27,10260.0,7049.74
2026-03-24,P001,R001,C011,30,11400.0,7906.92
2026-03-24,P001,R002,C012,17,6460.0,4268.76
2026-03-24,P001,R002,C006,5,1900.0,1278.7
2026-03-24,P001,R002,C002,11,4180.0,2901.1
2026-03-24,P001,R003,C003,14,5320.0,3503.2
2026-03-24,P001,R003,C009,16,6080.0,4163.37
2026-03-24,P001,R004,C004,8,3040.0,2136.96
2026-03-24,P001,R004,C010,6,2280.0,1514.47
2026-03-24,P002,R001,C001,206,17510.0,11522.44
2026-03-24,P002,R001,C005,77,6545.0,4089.09
2026-03-24,P002,R001,C007,95,8075.0,5026.18
2026-03-24,P002,R002,C002,147,12495.0,7724.15
2026-03-24,P002,R002,C008,81,6885.0,4120.13
2026-03-24,P002,R002,C006,38,3230.0,1971.14
2026-03-24,P002,R003,C003,60,5100.0,3305.53
2026-03-24,P002,R003,C009,91,7735.0,4906.78
2026-03-24,P002,R004,C010,26,2210.0,1421.8
2026-03-24,P002,R004,C004,41,3485.0,2206.52
2026-03-24,P003,R001,C005,5,3100.0,2207.56
2026-03-24,P003,R001,C001,10,6200.0,4410.21
2026-03-24,P003,R001,C007,4,2480.0,1744.42
2026-03-24,P003,R001,C011,9,5580.0,3867.48
2026-03-24,P003,R002,C002,7,4340.0,2942.07
2026-03-24,P003,R002,C012,7,4340.0,3048.79
2026-03-24,P003,R002,C006,2,1240.0,856.9
2026-03-24,P003,R003,C003,6,3720.0,2632.39
2026-03-24,P003,R003,C009,10,6200.0,4184.51
2026-03-24,P003,R004,C010,4,2480.0,1663.47
2026-03-24,P003,R004,C004,3,1860.0,1324.65
2026-03-24,P004,R001,C007,25,6000.0,3886.31
2026-03-24,P004,R001,C001,55,13200.0,8350.56
2026-03-24,P004,R001,C005,20,4800.0,2997.33
2026-03-24,P004,R002,C008,14,3360.0,2084.67
2026-03-24,P004,R002,C002,28,6720.0,4334.88
2026-03-24,P004,R002,C006,7,1680.0,1106.97
2026-03-24,P004,R002,C012,27,6480.0,3975.25
2026-03-24,P004,R003,C003,15,3600.0,2422.95
2026-03-24,P004,R003,C009,16,3840.0,2592.82
2026-03-24,P004,R004,C010,12,2880.0,1969.44
2026-03-24,P004,R004,C004,13,3120.0,2095.92
2026-03-24,P005,R001,C007,44,1980.0,1187.53
2026-03-24,P005,R001,C001,92,4140.0,2429.75
2026-03-24,P005,R001,C011,82,3690.0,2159.02
2026-03-24,P005,R002,C008,18,810.0,465.73
2026-03-24,P005,R002,C012,41,1845.0,1076.66
2026-03-24,P005,R002,C006,12,540.0,294.4
2026-03-24,P005,R002,C002,44,1980.0,1164.06
2026-03-24,P005,R003,C009,71,3195.0,1893.37
2026-03-24,P005,R003,C003,50,2250.0,1320.42
2026-03-24,P005,R004,C004,26,1170.0,717.08
2026-03-24,P005,R004,C010,15,675.0,400.27
2026-03-24,P006,R001,C001,50,6000.0,3904.6
2026-03-24,P006,R001,C011,79,9480.0,5815.15
2026-03-24,P006,R001,C005,28,3360.0,2108.23
2026-03-24,P006,R002,C012,27,3240.0,2136.7
2026-03-24,P006,R002,C002,35,4200.0,2810.75
2026-03-24,P006,R002,C008,15,1800.0,1221.61
2026-03-24,P006,R003,C009,42,5040.0,3098.07
2026-03-24,P006,R003,C003,18,2160.0,1368.2
2026-03-24,P006,R004,C004,19,2280.0,1373.08
2026-03-24,P006,R004,C010,13,1560.0,1037.04
2026-03-25,P001,R001,C011,22,8360.0,5778.06
2026-03-25,P001,R001,C001,22,8360.0,5626.85
2026-03-25,P001,R002,C012,35,13300.0,8600.8
2026-03-25,P001,R002,C006,8,3040.0,2120.36
2026-03-25,P001,R003,C003,12,4560.0,3209.13
2026-03-25,P001,R003,C009,17,6460.0,4442.69
2026-03-25,P001,R004,C004,10,3800.0,2493.13
2026-03-25,P001,R004,C010,6,2280.0,1625.81
2026-03-25,P002,R001,C011,125,10625.0,6935.83
2026-03-25,P002,R001,C005,45,3825.0,2512.04
2026-03-25,P002,R001,C001,113,9605.0,6244.09
2026-03-25,P002,R001,C007,63,5355.0,3228.27
2026-03-25,P002,R002,C006,51,4335.0,2858.85
2026-03-25,P002,R002,C008,94,7990.0,5001.36
2026-03-25,P002,R002,C002,162,13770.0,8157.57
2026-03-25,P002,R003,C009,135,11475.0,7081.81
2026-03-25,P002,R003,C003,77,6545.0,4270.24
2026-03-25,P002,R004,C010,42,3570.0,2354.39
2026-03-25,P002,R004,C004,52,4420.0,2678.2
2026-03-25,P003,R001,C001,25,15500.0,10689.52
2026-03-25,P003,R001,C007,10,6200.0,4467.13
2026-03-25,P003,R002,C012,13,8060.0,5352.49
2026-03-25,P003,R002,C006,4,2480.0,1773.66
2026-03-25,P003,R003,C009,8,4960.0,3595.02
2026-03-25,P003,R003,C003,5,3100.0,2120.09
2026-03-25,P003,R004,C004,5,3100.0,2291.57
2026-03-25,P003,R004,C010,3,1860.0,1245.36
2026-03-25,P004,R001,C007,18,4320.0,2979.58
2026-03-25,P004,R001,C011,38,9120.0,5692.67
2026-03-25,P004,R001,C005,16,3840.0,2626.52
2026-03-25,P004,R002,C012,23,5520.0,3714.87
2026-03-25,P004,R002,C002,16,3840.0,2608.73
2026-03-25,P004,R002,C008,14,3360.0,2254.45
2026-03-25,P004,R002,C006,7,1680.0,1095.61
2026-03-25,P004,R003,C009,30,7200.0,4674.18
2026-03-25,P004,R003,C003,16,3840.0,2364.2
2026-03-25,P004,R004,C004,9,2160.0,1449.67
2026-03-25,P004,R004,C010,10,2400.0,1471.2
2026-03-25,P005,R001,C011,118,5310.0,3233.27
2026-03-25,P005,R001,C005,24,1080.0,641.83
2026-03-25,P005,R001,C001,122,5490.0,3214.15
2026-03-25,P005,R002,C008,88,3960.0,2442.94
2026-03-25,P005,R002,C006,56,2520.0,1411.55
2026-03-25,P005,R003,C003,46,2070.0,1247.4
2026-03-25,P005,R003,C009,63,2835.0,1734.66
2026-03-25,P005,R004,C010,31,1395.0,814.33
2026-03-25,P005,R004,C004,28,1260.0,766.79
2026-03-25,P006,R001,C005,14,1680.0,1040.71
2026-03-25,P006,R001,C001,42,5040.0,3267.69
2026-03-25,P006,R001,C007,25,3000.0,1891.97
2026-03-25,P006,R001,C011,51,6120.0,4096.88
2026-03-25,P006,R002,C012,40,4800.0,3235.23
2026-03-25,P006,R002,C008,29,3480.0,2306.48
2026-03-25,P006,R002,C006,13,1560.0,1056.64
2026-03-25,P006,R003,C009,56,6720.0,4527.02
2026-03-25,P006,R003,C003,29,3480.0,2182.16
2026-03-25,P006,R004,C004,16,1920.0,1214.64
2026-03-25,P006,R004,C010,11,1320.0,862.53
2026-03-26,P001,R001,C005,13,4940.0,3258.95
2026-03-26,P001,R001,C001,52,19760.0,12797.08
2026-03-26,P001,R002,C002,21,7980.0,5290.14
2026-03-26,P001,R002,C006,11,4180.0,2937.4
2026-03-26,P001,R003,C003,10,3800.0,2446.34
2026-03-26,P001,R003,C009,16,6080.0,3893.79
2026-03-26,P001,R004,C010,4,1520.0,1028.67
2026-03-26,P001,R004,C004,6,2280.0,1506.22
2026-03-26,P002,R001,C005,199,16915.0,10515.77
2026-03-26,P002,R001,C007,265,22525.0,14118.66
2026-03-26,P002,R002,C008,45,3825.0,2233.43
2026-03-26,P002,R002,C012,63,5355.0,3366.9
2026-03-26,P002,R002,C006,21,1785.0,1067.56
2026-03-26,P002,R002,C002,93,7905.0,5023.83
2026-03-26,P002,R003,C009,109,9265.0,5454.09
2026-03-26,P002,R003,C003,92,7820.0,5048.65
2026-03-26,P002,R004,C010,45,3825.0,2367.84
2026-03-26,P002,R004,C004,69,5865.0,3818.71
2026-03-26,P003,R001,C007,7,4340.0,3014.4
2026-03-26,P003,R001,C005,5,3100.0,2206.22
2026-03-26,P003,R001,C001,13,8060.0,5875.88
2026-03-26,P003,R001,C011,13,8060.0,5611.33
2026-03-26,P003,R002,C008,3,1860.0,1268.1
2026-03-26,P003,R002,C002,7,4340.0,2983.41
2026-03-26,P003,R002,C012,5,3100.0,2254.2
2026-03-26,P003,R002,C006,2,1240.0,879.44
2026-03-26,P003,R003,C009,9,5580.0,3778.32
2026-03-26,P003,R003,C003,5,3100.0,2291.77
2026-03-26,P003,R004,C010,4,2480.0,1644.69
2026-03-26,P003,R004,C004,3,1860.0,1327.75
2026-03-26,P004,R001,C011,37,8880.0,5574.14
2026-03-26,P004,R001,C007,24,5760.0,3839.3
2026-03-26,P004,R002,C006,17,4080.0,2593.7
2026-03-26,P004,R002,C012,36,8640.0,5478.54
2026-03-26,P004,R003,C009,27,6480.0,4402.78
2026-03-26,P004,R003,C003,19,4560.0,2923.77
2026-03-26,P004,R004,C010,10,2400.0,1607.06
2026-03-26,P004,R004,C004,8,1920.0,1271.74
2026-03-26,P005,R001,C011,139,6255.0,3419.87
2026-03-26,P005,R001,C007,55,2475.0,1436.18
2026-03-26,P005,R001,C005,36,1620.0,933.02
2026-03-26,P005,R002,C006,20,900.0,492.43
2026-03-26,P005,R002,C002,56,2520.0,1525.38
2026-03-26,P005,R002,C008,41,1845.0,1018.43
2026-03-26,P005,R003,C009,94,4230.0,2399.89
2026-03-26,P005,R003,C003,45,2025.0,1197.94
2026-03-26,P005,R004,C004,21,945.0,566.91
2026-03-26,P005,R004,C010,21,945.0,560.1
2026-03-26,P006,R001,C005,17,2040.0,1331.16
2026-03-26,P006,R001,C001,41,4920.0,3245.14
2026-03-26,P006,R001,C007,15,1800.0,1090.52
2026-03-26,P006,R001,C011,39,4680.0,2985.9
2026-03-26,P006,R002,C012,36,4320.0,2665.37
2026-03-26,P006,R002,C008,19,2280.0,1519.99
2026-03-26,P006,R002,C002,44,5280.0,3300.49
2026-03-26,P006,R002,C006,12,1440.0,952.58
2026-03-26,P006,R003,C003,37,4440.0,2840.83
2026-03-26,P006,R003,C009,41,4920.0,3339.19
2026-03-26,P006,R004,C010,19,2280.0,1535.97
2026-03-26,P006,R004,C004,16,1920.0,1225.87
2026-03-27,P001,R001,C005,10,3800.0,2640.35
2026-03-27,P001,R001,C007,13,4940.0,3511.92
2026-03-27,P001,R001,C001,18,6840.0,4810.1
2026-03-27,P001,R002,C006,3,1140.0,729.79
2026-03-27,P001,R002,C012,12,4560.0,3163.85
2026-03-27,P001,R002,C008,5,1900.0,1318.85
2026-03-27,P001,R002,C002,12,4560.0,3018.23
2026-03-27,P001,R003,C003,10,3800.0,2642.78
2026-03-27,P001,R003,C009,15,5700.0,3957.37
2026-03-27,P001,R004,C004,8,3040.0,2110.46
2026-03-27,P001,R004,C010,6,2280.0,1509.81
2026-03-27,P002,R001,C007,90,7650.0,4892.69
2026-03-27,P002,R001,C005,48,4080.0,2434.14
2026-03-27,P002,R001,C001,186,15810.0,10423.18
2026-03-27,P002,R001,C011,187,15895.0,9933.73
2026-03-27,P002,R002,C012,64,5440.0,3489.81
2026-03-27,P002,R002,C002,64,5440.0,3371.78
2026-03-27,P002,R002,C006,26,2210.0,1335.92
2026-03-27,P002,R002,C008,41,3485.0,2079.05
2026-03-27,P002,R003,C003,67,5695.0,3322.5
2026-03-27,P002,R003,C009,137,11645.0,7487.4
2026-03-27,P002,R004,C010,37,3145.0,1937.26
2026-03-27,P002,R004,C004,34,2890.0,1875.18
2026-03-27,P003,R001,C001,24,14880.0,9978.64
2026-03-27,P003,R001,C007,11,6820.0,5037.74
2026-03-27,P003,R002,C002,8,4960.0,3518.27
2026-03-27,P003,R002,C008,4,2480.0,1780.32
2026-03-27,P003,R002,C012,6,3720.0,2555.85
2026-03-27,P003,R003,C009,7,4340.0,3112.03
2026-03-27,P003,R003,C003,5,3100.0,2199.13
2026-03-27,P003,R004,C010,3,1860.0,1289.26
2026-03-27,P003,R004,C004,4,2480.0,1816.99
2026-03-27,P004,R001,C007,27,6480.0,4133.62
2026-03-27,P004,R001,C001,57,13680.0,8554.81
2026-03-27,P004,R002,C012,32,7680.0,4765.22
2026-03-27,P004,R002,C008,13,3120.0,1938.57
2026-03-27,P004,R002,C006,8,1920.0,1213.41
2026-03-27,P004,R003,C009,27,6480.0,4323.9
2026-03-27,P004,R003,C003,15,3600.0,2309.15
2026-03-27,P004,R004,C004,8,1920.0,1224.21
2026-03-27,P004,R004,C010,11,2640.0,1780.92
2026-03-27,P005,R001,C005,41,1845.0,1023.55
2026-03-27,P005,R001,C001,85,3825.0,2075.87
2026-03-27,P005,R001,C007,43,1935.0,1113.01
2026-03-27,P005,R001,C011,98,4410.0,2593.55
2026-03-27,P005,R002,C006,13,585.0,322.24
2026-03-27,P005,R002,C002,45,2025.0,1107.45
2026-03-27,P005,R002,C008,33,1485.0,807.98
2026-03-27,P005,R002,C012,49,2205.0,1331.12
2026-03-27,P005,R003,C009,65,2925.0,1641.84
2026-03-27,P005,R003,C003,48,2160.0,1261.41
2026-03-27,P005,R004,C010,30,1350.0,834.55
2026-03-27,P005,R004,C004,40,1800.0,1030.43
2026-03-27,P006,R001,C001,56,6720.0,4496.67
2026-03-27,P006,R001,C011,50,6000.0,3977.82
2026-03-27,P006,R002,C006,8,960.0,644.3
2026-03-27,P006,R002,C012,34,4080.0,2451.51
2026-03-27,P006,R002,C008,18,2160.0,1360.32
2026-03-27,P006,R002,C002,29,3480.0,2357.48
2026-03-27,P006,R003,C009,32,3840.0,2394.68
2026-03-27,P006,R003,C003,28,3360.0,2055.02
2026-03-27,P006,R004,C004,20,2400.0,1619.93
2026-03-27,P006,R004,C010,15,1800.0,1211.21
2026-03-28,P001,R001,C007,7,2660.0,1856.2
2026-03-28,P001,R001,C011,13,4940.0,3349.48
2026-03-28,P001,R001,C001,13,4940.0,3379.82
2026-03-28,P001,R002,C006,3,1140.0,748.02
2026-03-28,P001,R002,C002,9,3420.0,2333.5
2026-03-28,P001,R002,C008,3,1140.0,737.64
2026-03-28,P001,R002,C012,9,3420.0,2289.03
2026-03-28,P001,R003,C009,9,3420.0,2366.72
2026-03-28,P001,R003,C003,9,3420.0,2238.35
2026-03-28,P001,R004,C010,5,1900.0,1255.02
2026-03-28,P001,R004,C004,4,1520.0,1053.19
2026-03-28,P002,R001,C011,197,16745.0,9782.32
2026-03-28,P002,R001,C005,52,4420.0,2568.2
2026-03-28,P002,R002,C008,27,2295.0,1465.61
2026-03-28,P002,R002,C002,61,5185.0,3197.17
2026-03-28,P002,R002,C006,17,1445.0,918.04
2026-03-28,P002,R002,C012,53,4505.0,2770.57
2026-03-28,P002,R003,C003,41,3485.0,2290.79
2026-03-28,P002,R003,C009,77,6545.0,4018.86
2026-03-28,P002,R004,C010,21,1785.0,1145.57
2026-03-28,P002,R004,C004,30,2550.0,1679.81
2026-03-28,P003,R001,C001,12,7440.0,4957.37
2026-03-28,P003,R001,C011,8,4960.0,3466.8
2026-03-28,P003,R002,C006,1,620.0,421.47
2026-03-28,P003,R002,C002,4,2480.0,1783.23
2026-03-28,P003,R002,C012,5,3100.0,2162.01
2026-03-28,P003,R002,C008,3,1860.0,1311.26
2026-03-28,P003,R003,C009,5,3100.0,2136.53
2026-03-28,P003,R003,C003,3,1860.0,1230.33
2026-03-28,P003,R004,C010,1,620.0,442.9
2026-03-28,P003,R004,C004,2,1240.0,860.92
2026-03-28,P004,R001,C011,23,5520.0,3551.73
2026-03-28,P004,R001,C001,37,8880.0,5435.67
2026-03-28,P004,R002,C006,8,1920.0,1324.72
2026-03-28,P004,R002,C002,21,5040.0,3193.45
2026-03-28,P004,R002,C008,10,2400.0,1629.13
2026-03-28,P004,R003,C003,11,2640.0,1751.38
2026-03-28,P004,R003,C009,12,2880.0,1788.53
2026-03-28,P004,R004,C010,7,1680.0,1129.83
2026-03-28,P004,R004,C004,8,1920.0,1252.87
2026-03-28,P005,R001,C011,97,4365.0,2412.21
2026-03-28,P005,R001,C005,52,2340.0,1299.03
2026-03-28,P005,R002,C002,52,2340.0,1444.59
2026-03-28,P005,R002,C012,38,1710.0,940.72
2026-03-28,P005,R003,C009,55,2475.0,1471.32
2026-03-28,P005,R003,C003,27,1215.0,751.74
2026-03-28,P005,R004,C004,19,855.0,475.25
2026-03-28,P005,R004,C010,18,810.0,468.95
2026-03-28,P006,R001,C005,13,1560.0,977.97
2026-03-28,P006,R001,C001,37,4440.0,2762.82
2026-03-28,P006,R001,C011,27,3240.0,2045.82
2026-03-28,P006,R001,C007,11,1320.0,833.66
2026-03-28,P006,R002,C008,16,1920.0,1249.95
2026-03-28,P006,R002,C006,8,960.0,629.9
2026-03-28,P006,R002,C002,31,3720.0,2395.3
2026-03-28,P006,R003,C009,20,2400.0,1449.78
2026-03-28,P006,R003,C003,19,2280.0,1507.86
2026-03-28,P006,R004,C004,12,1440.0,870.82
2026-03-28,P006,R004,C010,9,1080.0,728.44
2026-03-29,P001,R001,C011,18,6840.0,4563.61
2026-03-29,P001,R001,C001,17,6460.0,4250.19
2026-03-29,P001,R001,C007,9,3420.0,2354.58
2026-03-29,P001,R001,C005,5,1900.0,1241.48
2026-03-29,P001,R002,C008,8,3040.0,2048.97
2026-03-29,P001,R002,C002,22,8360.0,5415.05
2026-03-29,P001,R003,C003,10,3800.0,2461.52
2026-03-29,P001,R003,C009,14,5320.0,3699.58
2026-03-29,P001,R004,C010,4,1520.0,1074.6
2026-03-29,P001,R004,C004,6,2280.0,1481.29
2026-03-29,P002,R001,C011,96,8160.0,5276.02
2026-03-29,P002,R001,C005,47,3995.0,2479.33
2026-03-29,P002,R001,C007,55,4675.0,2805.58
2026-03-29,P002,R002,C006,64,5440.0,3443.39
2026-03-29,P002,R002,C008,87,7395.0,4523.35
2026-03-29,P002,R003,C003,41,3485.0,2037.22
2026-03-29,P002,R003,C009,61,5185.0,3233.3
2026-03-29,P002,R004,C004,27,2295.0,1376.59
2026-03-29,P002,R004,C010,37,3145.0,2052.69
2026-03-29,P003,R001,C005,4,2480.0,1833.76
2026-03-29,P003,R001,C011,11,6820.0,4753.78
2026-03-29,P003,R001,C001,7,4340.0,3099.3
2026-03-29,P003,R002,C012,5,3100.0,2057.18
2026-03-29,P003,R002,C002,5,3100.0,2257.28
2026-03-29,P003,R002,C006,2,1240.0,901.59
2026-03-29,P003,R003,C003,4,2480.0,1780.28
2026-03-29,P003,R003,C009,5,3100.0,2278.51
2026-03-29,P003,R004,C010,2,1240.0,913.81
2026-03-29,P003,R004,C004,3,1860.0,1233.47
2026-03-29,P004,R001,C005,18,4320.0,2675.23
2026-03-29,P004,R001,C011,30,7200.0,4948.76
2026-03-29,P004,R002,C002,11,2640.0,1754.06
2026-03-29,P004,R002,C012,11,2640.0,1752.5
2026-03-29,P004,R002,C006,3,720.0,453.03
2026-03-29,P004,R002,C008,6,1440.0,888.59
2026-03-29,P004,R003,C003,8,1920.0,1205.07
2026-03-29,P004,R003,C009,19,4560.0,2842.72
2026-03-29,P004,R004,C010,5,1200.0,754.31
2026-03-29,P004,R004,C004,10,2400.0,1642.82
2026-03-29,P005,R001,C007,22,990.0,611.37
2026-03-29,P005,R001,C011,56,2520.0,1446.99
2026-03-29,P005,R001,C001,40,1800.0,1030.39
2026-03-29,P005,R001,C005,19,855.0,469.77
2026-03-29,P005,R002,C002,74,3330.0,1982.04
2026-03-29,P005,R002,C008,22,990.0,607.16
2026-03-29,P005,R003,C009,40,1800.0,1078.84
2026-03-29,P005,R003,C003,30,1350.0,835.03
2026-03-29,P005,R004,C010,12,540.0,296.54
2026-03-29,P005,R004,C004,15,675.0,389.53
2026-03-29,P006,R001,C007,57,6840.0,4238.12
2026-03-29,P006,R001,C005,34,4080.0,2644.56
2026-03-29,P006,R002,C012,25,3000.0,1823.03
2026-03-29,P006,R002,C008,10,1200.0,801.14
2026-03-29,P006,R002,C006,9,1080.0,684.43
2026-03-29,P006,R002,C002,22,2640.0,1719.89
2026-03-29,P006,R003,C009,26,3120.0,2010.72
2026-03-29,P006,R003,C003,22,2640.0,1756.36
2026-03-29,P006,R004,C010,11,1320.0,808.57
2026-03-29,P006,R004,C004,14,1680.0,1091.59
2026-03-30,P001,R001,C001,20,7600.0,4938.5
2026-03-30,P001,R001,C011,27,10260.0,6701.53
2026-03-30,P001,R002,C006,8,3040.0,1953.97
2026-03-30,P001,R002,C002,16,6080.0,4330.19
2026-03-30,P001,R003,C009,17,6460.0,4427.89
2026-03-30,P001,R003,C003,9,3420.0,2214.51
2026-03-30,P001,R004,C004,5,1900.0,1253.72
2026-03-30,P001,R004,C010,5,1900.0,1311.73
2026-03-30,P002,R001,C011,116,9860.0,5901.93
2026-03-30,P002,R001,C007,80,6800.0,4373.55
2026-03-30,P002,R001,C001,192,16320.0,9971.25
2026-03-30,P002,R002,C012,134,11390.0,6904.56
2026-03-30,P002,R002,C008,76,6460.0,3750.45
2026-03-30,P002,R003,C009,136,11560.0,7509.9
2026-03-30,P002,R003,C003,73,6205.0,4002.54
2026-03-30,P002,R004,C010,31,2635.0,1636.56
2026-03-30,P002,R004,C004,37,3145.0,2020.35
2026-03-30,P003,R001,C011,12,7440.0,5244.95
2026-03-30,P003,R001,C001,9,5580.0,3978.32
2026-03-30,P003,R002,C012,9,5580.0,4112.66
2026-03-30,P003,R002,C008,3,1860.0,1278.04
2026-03-30,P003,R002,C002,10,6200.0,4321.71
2026-03-30,P003,R003,C009,7,4340.0,2874.44
2026-03-30,P003,R003,C003,3,1860.0,1254.74
2026-03-30,P003,R004,C010,3,1860.0,1283.92
2026-03-30,P003,R004,C004,4,2480.0,1677.32
2026-03-30,P004,R001,C011,40,9600.0,6218.04
2026-03-30,P004,R001,C001,23,5520.0,3637.42
2026-03-30,P004,R001,C007,21,5040.0,3325.13
2026-03-30,P004,R002,C002,30,7200.0,4846.13
2026-03-30,P004,R002,C006,8,1920.0,1318.87
2026-03-30,P004,R002,C012,22,5280.0,3578.43
2026-03-30,P004,R003,C009,18,4320.0,2951.55
2026-03-30,P004,R003,C003,13,3120.0,2116.89
2026-03-30,P004,R004,C004,15,3600.0,2299.71
2026-03-30,P004,R004,C010,12,2880.0,1908.44
2026-03-30,P005,R001,C001,101,4545.0,2593.51
2026-03-30,P005,R001,C011,98,4410.0,2686.53
2026-03-30,P005,R001,C005,31,1395.0,805.22
2026-03-30,P005,R001,C007,36,1620.0,937.27
2026-03-30,P005,R002,C006,19,855.0,499.96
2026-03-30,P005,R002,C002,85,3825.0,2369.73
2026-03-30,P005,R002,C008,37,1665.0,956.94
2026-03-30,P005,R003,C003,41,1845.0,1103.69
2026-03-30,P005,R003,C009,64,2880.0,1645.54
2026-03-30,P005,R004,C004,31,1395.0,775.12
2026-03-30,P005,R004,C010,21,945.0,527.17
2026-03-30,P006,R001,C001,90,10800.0,6847.71
2026-03-30,P006,R001,C011,61,7320.0,4742.94
2026-03-30,P006,R002,C012,39,4680.0,2961.35
2026-03-30,P006,R002,C002,55,6600.0,4393.25
2026-03-30,P006,R002,C008,17,2040.0,1238.58
2026-03-30,P006,R003,C003,21,2520.0,1594.19
2026-03-30,P006,R003,C009,37,4440.0,2999.57
2026-03-30,P006,R004,C004,24,2880.0,1819.82
2026-03-30,P006,R004,C010,17,2040.0,1227.9
2026-03-31,P001,R001,C005,14,5320.0,3699.29
2026-03-31,P001,R001,C011,38,14440.0,9684.02
2026-03-31,P001,R002,C012,13,4940.0,3478.65
2026-03-31,P001,R002,C008,9,3420.0,2395.47
2026-03-31,P001,R002,C006,6,2280.0,1514.4
2026-03-31,P001,R002,C002,14,5320.0,3470.46
2026-03-31,P001,R003,C009,17,6460.0,4244.86
2026-03-31,P001,R003,C003,10,3800.0,2465.67
2026-03-31,P001,R004,C010,6,2280.0,1497.07
2026-03-31,P001,R004,C004,6,2280.0,1608.13
2026-03-31,P002,R001,C007,184,15640.0,9889.07
2026-03-31,P002,R001,C001,219,18615.0,12124.61
2026-03-31,P002,R002,C002,142,12070.0,7378.38
2026-03-31,P002,R002,C006,41,3485.0,2034.82
2026-03-31,P002,R002,C012,106,9010.0,5433.3
2026-03-31,P002,R003,C003,71,6035.0,3801.65
2026-03-31,P002,R003,C009,95,8075.0,5260.85
2026-03-31,P002,R004,C004,60,5100.0,2999.72
2026-03-31,P002,R004,C010,42,3570.0,2212.32
2026-03-31,P003,R001,C005,3,1860.0,1353.0
2026-03-31,P003,R001,C001,7,4340.0,3169.89
2026-03-31,P003,R001,C011,10,6200.0,4446.24
2026-03-31,P003,R001,C007,3,1860.0,1287.67
2026-03-31,P003,R002,C012,6,3720.0,2553.71
2026-03-31,P003,R002,C002,8,4960.0,3435.18
2026-03-31,P003,R002,C006,2,1240.0,872.62
2026-03-31,P003,R003,C009,7,4340.0,2874.61
2026-03-31,P003,R003,C003,5,3100.0,2183.72
2026-03-31,P003,R004,C004,5,3100.0,2069.9
2026-03-31,P003,R004,C010,3,1860.0,1297.15
2026-03-31,P004,R001,C005,13,3120.0,2119.64
2026-03-31,P004,R001,C011,25,6000.0,4094.42
2026-03-31,P004,R001,C007,22,5280.0,3307.92
2026-03-31,P004,R001,C001,45,10800.0,6996.18
2026-03-31,P004,R002,C012,19,4560.0,3110.54
2026-03-31,P004,R002,C002,24,5760.0,3943.91
2026-03-31,P004,R002,C006,8,1920.0,1194.34
2026-03-31,P004,R002,C008,12,2880.0,1766.94
2026-03-31,P004,R003,C009,25,6000.0,3812.79
2026-03-31,P004,R003,C003,16,3840.0,2355.93
2026-03-31,P004,R004,C010,9,2160.0,1438.47
2026-03-31,P004,R004,C004,9,2160.0,1484.02
2026-03-31,P005,R001,C001,123,5535.0,3093.66
2026-03-31,P005,R001,C005,63,2835.0,1713.37
2026-03-31,P005,R002,C012,63,2835.0,1635.16
2026-03-31,P005,R002,C006,25,1125.0,620.41
2026-03-31,P005,R002,C002,59,2655.0,1532.51
2026-03-31,P005,R003,C009,49,2205.0,1282.58
2026-03-31,P005,R003,C003,32,1440.0,838.1
2026-03-31,P005,R004,C010,22,990.0,567.46
2026-03-31,P005,R004,C004,29,1305.0,727.33
2026-03-31,P006,R001,C005,47,5640.0,3534.12
2026-03-31,P006,R001,C011,95,11400.0,6995.73
2026-03-31,P006,R002,C012,35,4200.0,2658.32
2026-03-31,P006,R002,C008,18,2160.0,1430.16
2026-03-31,P006,R002,C002,33,3960.0,2486.44
2026-03-31,P006,R003,C003,30,3600.0,2374.37
2026-03-31,P006,R003,C009,46,5520.0,3666.38
2026-03-31,P006,R004,C004,19,2280.0,1397.82
2026-03-31,P006,R004,C010,11,1320.0,799.03
2026-04-01,P001,R001,C005,5,1900.0,1354.32
2026-04-01,P001,R001,C001,22,8360.0,5880.32
2026-04-01,P001,R001,C007,13,4940.0,3322.39
2026-04-01,P001,R001,C011,16,6080.0,4191.44
2026-04-01,P001,R002,C008,5,1900.0,1312.22
2026-04-01,P001,R002,C006,5,1900.0,1314.33
2026-04-01,P001,R002,C012,9,3420.0,2260.6
2026-04-01,P001,R002,C002,8,3040.0,2057.54
2026-04-01,P001,R003,C003,14,5320.0,3651.59
2026-04-01,P001,R003,C009,13,4940.0,3226.97
2026-04-01,P001,R004,C004,6,2280.0,1521.63
2026-04-01,P001,R004,C010,6,2280.0,1614.2
2026-04-01,P002,R001,C007,67,5695.0,3557.77
2026-04-01,P002,R001,C001,133,11305.0,6886.13
2026-04-01,P002,R001,C005,44,3740.0,2400.49
2026-04-01,P002,R001,C011,115,9775.0,5942.34
2026-04-01,P002,R002,C008,89,7565.0,4626.35
2026-04-01,P002,R002,C012,177,15045.0,9425.94
2026-04-01,P002,R003,C003,84,7140.0,4670.42
2026-04-01,P002,R003,C009,127,10795.0,6694.73
2026-04-01,P002,R004,C010,55,4675.0,2846.12
2026-04-01,P002,R004,C004,56,4760.0,2836.27
2026-04-01,P003,R001,C011,22,13640.0,9454.0
2026-04-01,P003,R001,C005,8,4960.0,3462.45
2026-04-01,P003,R001,C007,8,4960.0,3430.46
2026-04-01,P003,R002,C002,13,8060.0,5403.23
2026-04-01,P003,R002,C008,6,3720.0,2517.6
2026-04-01,P003,R003,C009,5,3100.0,2077.16
2026-04-01,P003,R003,C003,5,3100.0,2172.86
2026-04-01,P003,R004,C010,3,1860.0,1264.24
2026-04-01,P003,R004,C004,4,2480.0,1805.33
2026-04-01,P004,R001,C001,31,7440.0,4882.53
2026-04-01,P004,R001,C007,22,5280.0,3412.78
2026-04-01,P004,R001,C011,42,10080.0,6324.78
2026-04-01,P004,R002,C008,13,3120.0,2129.24
2026-04-01,P004,R002,C002,40,9600.0,5927.46
2026-04-01,P004,R003,C009,24,5760.0,3747.78
2026-04-01,P004,R003,C003,12,2880.0,1869.5
2026-04-01,P004,R004,C004,12,2880.0,1782.28
2026-04-01,P004,R004,C010,9,2160.0,1339.57
2026-04-01,P005,R001,C001,132,5940.0,3373.3
2026-04-01,P005,R001,C007,65,2925.0,1783.45
2026-04-01,P005,R002,C012,69,3105.0,1891.93
2026-04-01,P005,R002,C002,41,1845.0,1113.59
2026-04-01,P005,R002,C008,33,1485.0,856.79
2026-04-01,P005,R002,C006,23,1035.0,559.11
2026-04-01,P005,R003,C009,73,3285.0,1793.66
2026-04-01,P005,R003,C003,31,1395.0,856.56
2026-04-01,P005,R004,C004,24,1080.0,616.46
2026-04-01,P005,R004,C010,30,1350.0,780.47
2026-04-01,P006,R001,C005,15,1800.0,1164.98
2026-04-01,P006,R001,C007,19,2280.0,1541.67
2026-04-01,P006,R001,C001,59,7080.0,4501.39
2026-04-01,P006,R001,C011,41,4920.0,3100.01
2026-04-01,P006,R002,C002,79,9480.0,6020.62
2026-04-01,P006,R002,C008,33,3960.0,2466.55
2026-04-01,P006,R003,C009,34,4080.0,2695.9
2026-04-01,P006,R003,C003,30,3600.0,2443.94
2026-04-01,P006,R004,C004,16,1920.0,1239.17
2026-04-01,P006,R004,C010,19,2280.0,1477.15
2026-04-02,P001,R001,C001,50,19000.0,13520.97
2026-04-02,P001,R001,C007,25,9500.0,6306.71
2026-04-02,P001,R002,C012,13,4940.0,3230.06
2026-04-02,P001,R002,C006,4,1520.0,1009.32
2026-04-02,P001,R002,C002,9,3420.0,2428.14
2026-04-02,P001,R002,C008,8,3040.0,2130.07
2026-04-02,P001,R003,C009,16,6080.0,4326.85
2026-04-02,P001,R003,C003,11,4180.0,2742.21
2026-04-02,P001,R004,C004,8,3040.0,2097.92
2026-04-02,P001,R004,C010,6,2280.0,1615.26
2026-04-02,P002,R001,C001,190,16150.0,10656.17
2026-04-02,P002,R001,C007,109,9265.0,5877.27
2026-04-02,P002,R002,C002,128,10880.0,7084.1
2026-04-02,P002,R002,C012,165,14025.0,8703.54
2026-04-02,P002,R003,C009,86,7310.0,4648.16
2026-04-02,P002,R003,C003,83,7055.0,4280.09
2026-04-02,P002,R004,C010,50,4250.0,2669.52
2026-04-02,P002,R004,C004,55,4675.0,2779.21
2026-04-02,P003,R001,C011,12,7440.0,5061.32
2026-04-02,P003,R001,C001,11,6820.0,4783.3
2026-04-02,P003,R001,C007,5,3100.0,2157.21
2026-04-02,P003,R002,C002,19,11780.0,8433.84
2026-04-02,P003,R002,C008,5,3100.0,2235.59
2026-04-02,P003,R003,C003,5,3100.0,2253.97
2026-04-02,P003,R003,C009,7,4340.0,2941.99
2026-04-02,P003,R004,C010,3,1860.0,1318.67
2026-04-02,P003,R004,C004,3,1860.0,1274.44
2026-04-02,P004,R001,C011,23,5520.0,3595.11
2026-04-02,P004,R001,C001,29,6960.0,4427.51
2026-04-02,P004,R001,C007,14,3360.0,2214.13
2026-04-02,P004,R001,C005,10,2400.0,1647.69
2026-04-02,P004,R002,C006,13,3120.0,2051.74
2026-04-02,P004,R002,C002,35,8400.0,5452.4
2026-04-02,P004,R002,C012,26,6240.0,3877.51
2026-04-02,P004,R003,C003,19,4560.0,2994.97
2026-04-02,P004,R003,C009,27,6480.0,4252.62
2026-04-02,P004,R004,C010,8,1920.0,1214.99
2026-04-02,P004,R004,C004,7,1680.0,1088.52
2026-04-02,P005,R001,C001,105,4725.0,2583.46
2026-04-02,P005,R001,C011,73,3285.0,1861.44
2026-04-02,P005,R001,C007,37,1665.0,1027.06
2026-04-02,P005,R001,C005,30,1350.0,753.64
2026-04-02,P005,R002,C002,89,4005.0,2464.89
2026-04-02,P005,R002,C012,108,4860.0,2809.05
2026-04-02,P005,R003,C003,45,2025.0,1153.12
2026-04-02,P005,R003,C009,78,3510.0,2037.97
2026-04-02,P005,R004,C004,29,1305.0,765.51
2026-04-02,P005,R004,C010,22,990.0,589.67
2026-04-02,P006,R001,C007,45,5400.0,3471.89
2026-04-02,P006,R001,C011,79,9480.0,5837.65
2026-04-02,P006,R002,C008,13,1560.0,1028.38
2026-04-02,P006,R002,C012,21,2520.0,1557.81
2026-04-02,P006,R002,C006,10,1200.0,760.15
2026-04-02,P006,R002,C002,24,2880.0,1955.21
2026-04-02,P006,R003,C003,26,3120.0,1899.32
2026-04-02,P006,R003,C009,39,4680.0,2899.16
2026-04-02,P006,R004,C010,20,2400.0,1549.09
2026-04-02,P006,R004,C004,20,2400.0,1622.32
2026-04-03,P001,R001,C005,11,4180.0,2826.27
2026-04-03,P001,R001,C011,34,12920.0,8880.82
2026-04-03,P001,R002,C012,23,8740.0,5975.16
2026-04-03,P001,R002,C006,11,4180.0,2772.85
2026-04-03,P001,R003,C003,10,3800.0,2675.94
2026-04-03,P001,R003,C009,12,4560.0,3094.58
2026-04-03,P001,R004,C004,7,2660.0,1903.19
2026-04-03,P001,R004,C010,5,1900.0,1360.04
2026-04-03,P002,R001,C001,86,7310.0,4800.61
2026-04-03,P002,R001,C011,144,12240.0,7501.53
2026-04-03,P002,R001,C005,28,2380.0,1382.32
2026-04-03,P002,R001,C007,65,5525.0,3519.02
2026-04-03,P002,R002,C006,69,5865.0,3708.26
2026-04-03,P002,R002,C002,151,12835.0,8324.56
2026-04-03,P002,R003,C003,82,6970.0,4397.73
2026-04-03,P002,R003,C009,76,6460.0,4018.69
2026-04-03,P002,R004,C004,46,3910.0,2382.33
2026-04-03,P002,R004,C010,48,4080.0,2513.92
2026-04-03,P003,R001,C007,7,4340.0,3171.55
2026-04-03,P003,R001,C001,15,9300.0,6404.77
2026-04-03,P003,R001,C011,10,6200.0,4145.98
2026-04-03,P003,R002,C008,4,2480.0,1642.47
2026-04-03,P003,R002,C006,2,1240.0,831.68
2026-04-03,P003,R002,C012,7,4340.0,2885.01
2026-04-03,P003,R002,C002,7,4340.0,2953.71
2026-04-03,P003,R003,C003,5,3100.0,2291.01
2026-04-03,P003,R003,C009,6,3720.0,2696.21
2026-04-03,P003,R004,C004,4,2480.0,1787.49
2026-04-03,P003,R004,C010,3,1860.0,1316.53
2026-04-03,P004,R001,C007,23,5520.0,3525.04
2026-04-03,P004,R001,C001,58,13920.0,9459.09
2026-04-03,P004,R002,C002,32,7680.0,5071.66
2026-04-03,P004,R002,C008,17,4080.0,2788.88
2026-04-03,P004,R003,C009,26,6240.0,4157.89
2026-04-03,P004,R003,C003,14,3360.0,2197.8
2026-04-03,P004,R004,C004,12,2880.0,1985.54
2026-04-03,P004,R004,C010,8,1920.0,1203.26
2026-04-03,P005,R001,C011,127,5715.0,3359.6
2026-04-03,P005,R001,C007,93,4185.0,2430.0
2026-04-03,P005,R002,C012,138,6210.0,3663.97
2026-04-03,P005,R002,C006,40,1800.0,1032.25
2026-04-03,P005,R003,C003,39,1755.0,1010.31
2026-04-03,P005,R003,C009,66,2970.0,1628.59
2026-04-03,P005,R004,C004,27,1215.0,742.9
2026-04-03,P005,R004,C010,26,1170.0,706.96
2026-04-03,P006,R001,C005,12,1440.0,943.57
2026-04-03,P006,R001,C001,56,6720.0,4190.82
2026-04-03,P006,R001,C007,21,2520.0,1677.88
2026-04-03,P006,R001,C011,53,6360.0,4014.07
2026-04-03,P006,R002,C012,58,6960.0,4234.32
2026-04-03,P006,R002,C008,36,4320.0,2726.73
2026-04-03,P006,R003,C003,26,3120.0,2113.82
2026-04-03,P006,R003,C009,39,4680.0,2924.93
2026-04-03,P006,R004,C004,22,2640.0,1646.42
2026-04-03,P006,R004,C010,12,1440.0,955.39
2026-04-04,P001,R001,C007,5,1900.0,1348.38
2026-04-04,P001,R001,C001,13,4940.0,3342.06
2026-04-04,P001,R001,C005,3,1140.0,803.77
2026-04-04,P001,R001,C011,8,3040.0,1967.31
2026-04-04,P001,R002,C008,10,3800.0,2483.69
2026-04-04,P001,R002,C002,24,9120.0,6271.54
2026-04-04,P001,R003,C009,16,6080.0,4001.17
2026-04-04,P001,R003,C003,7,2660.0,1898.67
2026-04-04,P001,R004,C010,4,1520.0,1032.23
2026-04-04,P001,R004,C004,4,1520.0,1093.35
2026-04-04,P002,R001,C011,168,14280.0,8722.17
2026-04-04,P002,R001,C005,65,5525.0,3335.69
2026-04-04,P002,R002,C008,69,5865.0,3707.66
2026-04-04,P002,R002,C002,101,8585.0,5097.36
2026-04-04,P002,R003,C009,64,5440.0,3374.54
2026-04-04,P002,R003,C003,59,5015.0,3086.59
2026-04-04,P002,R004,C010,28,2380.0,1476.96
2026-04-04,P002,R004,C004,21,1785.0,1149.11
2026-04-04,P003,R001,C005,5,3100.0,2123.38
2026-04-04,P003,R001,C011,13,8060.0,5874.44
2026-04-04,P003,R002,C006,2,1240.0,824.49
2026-04-04,P003,R002,C002,7,4340.0,3198.52
2026-04-04,P003,R002,C008,4,2480.0,1681.67
2026-04-04,P003,R003,C009,6,3720.0,2717.93
2026-04-04,P003,R003,C003,5,3100.0,2201.53
2026-04-04,P003,R004,C010,2,1240.0,884.01
2026-04-04,P003,R004,C004,4,2480.0,1668.87
2026-04-04,P004,R001,C001,17,4080.0,2621.87
2026-04-04,P004,R001,C007,13,3120.0,2089.22
2026-04-04,P004,R001,C011,17,4080.0,2596.59
2026-04-04,P004,R002,C012,16,3840.0,2421.1
2026-04-04,P004,R002,C008,6,1440.0,911.71
2026-04-04,P004,R002,C006,5,1200.0,790.06
2026-04-04,P004,R002,C002,10,2400.0,1573.09
2026-04-04,P004,R003,C009,17,4080.0,2517.16
2026-04-04,P004,R003,C003,11,2640.0,1756.61
2026-04-04,P004,R004,C004,11,2640.0,1740.22
2026-04-04,P004,R004,C010,5,1200.0,781.31
2026-04-04,P005,R001,C011,68,3060.0,1852.35
2026-04-04,P005,R001,C007,47,2115.0,1270.04
2026-04-04,P005,R001,C005,26,1170.0,647.71
2026-04-04,P005,R002,C006,16,720.0,402.97
2026-04-04,P005,R002,C002,46,2070.0,1140.82
2026-04-04,P005,R003,C003,26,1170.0,653.58
2026-04-04,P005,R003,C009,31,1395.0,784.19
2026-04-04,P005,R004,C004,29,1305.0,782.68
2026-04-04,P005,R004,C010,14,630.0,383.92
2026-04-04,P006,R001,C011,67,8040.0,5291.2
2026-04-04,P006,R001,C005,24,2880.0,1895.06
2026-04-04,P006,R002,C008,14,1680.0,1053.31
2026-04-04,P006,R002,C002,20,2400.0,1537.43
2026-04-04,P006,R002,C012,21,2520.0,1672.23
2026-04-04,P006,R002,C006,8,960.0,633.69
2026-04-04,P006,R003,C003,22,2640.0,1789.25
2026-04-04,P006,R003,C009,20,2400.0,1440.4
2026-04-04,P006,R004,C010,9,1080.0,672.5
2026-04-04,P006,R004,C004,9,1080.0,717.44
2026-04-05,P001,R001,C005,16,6080.0,4083.1
2026-04-05,P001,R001,C007,23,8740.0,6076.31
2026-04-05,P001,R002,C008,7,2660.0,1884.43
2026-04-05,P001,R002,C002,14,5320.0,3618.79
2026-04-05,P001,R002,C006,5,1900.0,1271.33
2026-04-05,P001,R003,C003,10,3800.0,2458.56
2026-04-05,P001,R003,C009,8,3040.0,2033.99
2026-04-05,P001,R004,C010,5,1900.0,1363.6
2026-04-05,P001,R004,C004,6,2280.0,1507.38
2026-04-05,P002,R001,C005,51,4335.0,2852.39
2026-04-05,P002,R001,C001,95,8075.0,5327.06
2026-04-05,P002,R001,C007,64,5440.0,3442.9
2026-04-05,P002,R002,C006,49,4165.0,2416.72
2026-04-05,P002,R002,C008,102,8670.0,5180.37
2026-04-05,P002,R003,C003,47,3995.0,2554.79
2026-04-05,P002,R003,C009,70,5950.0,3833.01
2026-04-05,P002,R004,C004,36,3060.0,1783.62
2026-04-05,P002,R004,C010,28,2380.0,1542.97
2026-04-05,P003,R001,C011,10,6200.0,4186.27
2026-04-05,P003,R001,C007,4,2480.0,1771.08
2026-04-05,P003,R001,C005,4,2480.0,1665.4
2026-04-05,P003,R002,C002,8,4960.0,3407.41
2026-04-05,P003,R002,C008,3,1860.0,1301.71
2026-04-05,P003,R002,C006,2,1240.0,857.13
2026-04-05,P003,R003,C009,5,3100.0,2167.67
2026-04-05,P003,R003,C003,3,1860.0,1285.58
2026-04-05,P003,R004,C004,2,1240.0,883.13
2026-04-05,P003,R004,C010,2,1240.0,887.47
2026-04-05,P004,R001,C001,14,3360.0,2052.12
2026-04-05,P004,R001,C007,11,2640.0,1640.32
2026-04-05,P004,R001,C005,5,1200.0,802.71
2026-04-05,P004,R001,C011,16,3840.0,2518.47
2026-04-05,P004,R002,C008,5,1200.0,782.97
2026-04-05,P004,R002,C002,9,2160.0,1396.93
2026-04-05,P004,R002,C006,5,1200.0,768.66
2026-04-05,P004,R002,C012,13,3120.0,1982.0
2026-04-05,P004,R003,C009,9,2160.0,1484.63
2026-04-05,P004,R003,C003,9,2160.0,1411.05
2026-04-05,P004,R004,C004,9,2160.0,1321.15
2026-04-05,P004,R004,C010,7,1680.0,1154.46
2026-04-05,P005,R001,C005,20,900.0,524.22
2026-04-05,P005,R001,C011,66,2970.0,1837.26
2026-04-05,P005,R001,C001,57,2565.0,1540.69
2026-04-05,P005,R002,C012,33,1485.0,857.45
2026-04-05,P005,R002,C008,16,720.0,430.72
2026-04-05,P005,R002,C006,11,495.0,280.69
2026-04-05,P005,R002,C002,34,1530.0,830.79
2026-04-05,P005,R003,C003,30,1350.0,827.23
2026-04-05,P005,R003,C009,47,2115.0,1152.68
2026-04-05,P005,R004,C004,26,1170.0,636.73
2026-04-05,P005,R004,C010,15,675.0,389.0
2026-04-05,P006,R001,C007,16,1920.0,1302.39
2026-04-05,P006,R001,C001,23,2760.0,1850.89
2026-04-05,P006,R001,C011,28,3360.0,2192.1
2026-04-05,P006,R001,C005,12,1440.0,893.54
2026-04-05,P006,R002,C012,20,2400.0,1493.83
2026-04-05,P006,R002,C002,14,1680.0,1122.9
2026-04-05,P006,R002,C006,8,960.0,643.63
2026-04-05,P006,R002,C008,10,1200.0,722.61
2026-04-05,P006,R003,C009,16,1920.0,1179.0
2026-04-05,P006,R003,C003,19,2280.0,1464.28
2026-04-05,P006,R004,C004,10,1200.0,721.11
2026-04-05,P006,R004,C010,9,1080.0,709.17
2026-04-06,P001,R001,C007,21,7980.0,5669.03
2026-04-06,P001,R001,C011,25,9500.0,6784.76
2026-04-06,P001,R001,C005,11,4180.0,2770.59
2026-04-06,P001,R002,C008,29,11020.0,7473.14
2026-04-06,P001,R002,C006,19,7220.0,5007.85
2026-04-06,P001,R003,C003,9,3420.0,2213.44
2026-04-06,P001,R003,C009,18,6840.0,4707.29
2026-04-06,P001,R004,C004,5,1900.0,1256.89
2026-04-06,P001,R004,C010,6,2280.0,1556.32
2026-04-06,P002,R001,C001,159,13515.0,8053.36
2026-04-06,P002,R001,C011,190,16150.0,10593.49
2026-04-06,P002,R001,C007,80,6800.0,4370.86
2026-04-06,P002,R002,C006,22,1870.0,1098.1
2026-04-06,P002,R002,C012,77,6545.0,4264.09
2026-04-06,P002,R002,C008,47,3995.0,2359.04
2026-04-06,P002,R002,C002,81,6885.0,4238.53
2026-04-06,P002,R003,C009,90,7650.0,4477.43
2026-04-06,P002,R003,C003,69,5865.0,3810.08
2026-04-06,P002,R004,C004,68,5780.0,3404.89
2026-04-06,P002,R004,C010,49,4165.0,2474.56
2026-04-06,P003,R001,C011,22,13640.0,9895.35
2026-04-06,P003,R001,C007,14,8680.0,5857.01
2026-04-06,P003,R002,C006,5,3100.0,2287.37
2026-04-06,P003,R002,C002,16,9920.0,6584.38
2026-04-06,P003,R003,C009,8,4960.0,3319.34
2026-04-06,P003,R003,C003,4,2480.0,1698.24
2026-04-06,P003,R004,C004,5,3100.0,2180.12
2026-04-06,P003,R004,C010,4,2480.0,1641.78
2026-04-06,P004,R001,C001,69,16560.0,11079.51
2026-04-06,P004,R001,C005,18,4320.0,2845.96
2026-04-06,P004,R002,C006,7,1680.0,1061.74
2026-04-06,P004,R002,C012,18,4320.0,2908.41
2026-04-06,P004,R002,C002,22,5280.0,3552.47
2026-04-06,P004,R002,C008,11,2640.0,1655.89
2026-04-06,P004,R003,C009,29,6960.0,4456.95
2026-04-06,P004,R003,C003,12,2880.0,1933.39
2026-04-06,P004,R004,C010,10,2400.0,1553.98
2026-04-06,P004,R004,C004,13,3120.0,1970.24
2026-04-06,P005,R001,C007,44,1980.0,1136.04
2026-04-06,P005,R001,C005,21,945.0,559.96
2026-04-06,P005,R001,C011,62,2790.0,1727.35
2026-04-06,P005,R001,C001,70,3150.0,1934.49
2026-04-06,P005,R002,C012,59,2655.0,1520.73
2026-04-06,P005,R002,C008,42,1890.0,1096.57
2026-04-06,P005,R002,C006,24,1080.0,614.11
2026-04-06,P005,R003,C009,68,3060.0,1875.32
2026-04-06,P005,R003,C003,43,1935.0,1107.71
2026-04-06,P005,R004,C004,32,1440.0,779.18
2026-04-06,P005,R004,C010,32,1440.0,819.37
2026-04-06,P006,R001,C007,45,5400.0,3483.18
2026-04-06,P006,R001,C005,18,2160.0,1329.89
2026-04-06,P006,R001,C001,84,10080.0,6279.89
2026-04-06,P006,R002,C002,84,10080.0,6590.51
2026-04-06,P006,R002,C006,37,4440.0,2664.19
2026-04-06,P006,R003,C003,26,3120.0,1897.95
2026-04-06,P006,R003,C009,37,4440.0,2822.29
2026-04-06,P006,R004,C010,18,2160.0,1357.93
2026-04-06,P006,R004,C004,21,2520.0,1637.16
2026-04-07,P001,R001,C001,24,9120.0,5961.89
2026-04-07,P001,R001,C011,31,11780.0,8278.58
2026-04-07,P001,R001,C005,7,2660.0,1885.66
2026-04-07,P001,R002,C008,7,2660.0,1772.83
2026-04-07,P001,R002,C012,19,7220.0,4951.56
2026-04-07,P001,R002,C002,12,4560.0,3253.12
2026-04-07,P001,R003,C009,20,7600.0,4916.96
2026-04-07,P001,R003,C003,13,4940.0,3359.26
2026-04-07,P001,R004,C004,9,3420.0,2418.67
2026-04-07,P001,R004,C010,6,2280.0,1571.4
2026-04-07,P002,R001,C005,54,4590.0,2701.3
2026-04-07,P002,R001,C007,88,7480.0,4780.83
2026-04-07,P002,R001,C011,194,16490.0,10207.37
2026-04-07,P002,R002,C008,44,3740.0,2380.3
2026-04-07,P002,R002,C002,97,8245.0,5012.39
2026-04-07,P002,R002,C006,35,2975.0,1921.4
2026-04-07,P002,R002,C012,83,7055.0,4510.01
2026-04-07,P002,R003,C009,97,8245.0,5382.38
2026-04-07,P002,R003,C003,71,6035.0,3738.65
2026-04-07,P002,R004,C010,55,4675.0,2880.63
2026-04-07,P002,R004,C004,40,3400.0,1998.03
2026-04-07,P003,R001,C001,13,8060.0,5551.69
2026-04-07,P003,R001,C005,4,2480.0,1774.16
2026-04-07,P003,R001,C007,8,4960.0,3474.19
2026-04-07,P003,R002,C008,5,3100.0,2112.44
2026-04-07,P003,R002,C012,12,7440.0,5394.97
2026-04-07,P003,R002,C006,4,2480.0,1747.85
2026-04-07,P003,R003,C003,6,3720.0,2543.49
2026-04-07,P003,R003,C009,10,6200.0,4186.87
2026-04-07,P003,R004,C004,4,2480.0,1832.49
2026-04-07,P003,R004,C010,3,1860.0,1253.14
2026-04-07,P004,R001,C007,15,3600.0,2333.02
2026-04-07,P004,R001,C011,41,9840.0,6715.58
2026-04-07,P004,R001,C005,11,2640.0,1688.49
2026-04-07,P004,R002,C008,16,3840.0,2529.34
2026-04-07,P004,R002,C002,19,4560.0,2837.98
2026-04-07,P004,R002,C006,8,1920.0,1266.88
2026-04-07,P004,R003,C009,35,8400.0,5244.34
2026-04-07,P004,R003,C003,15,3600.0,2416.11
2026-04-07,P004,R004,C010,8,1920.0,1201.93
2026-04-07,P004,R004,C004,16,3840.0,2528.66
2026-04-07,P005,R001,C001,139,6255.0,3680.25
2026-04-07,P005,R001,C007,66,2970.0,1694.54
2026-04-07,P005,R002,C008,35,1575.0,919.65
2026-04-07,P005,R002,C006,29,1305.0,782.39
2026-04-07,P005,R002,C012,71,3195.0,1973.5
2026-04-07,P005,R003,C009,49,2205.0,1230.31
2026-04-07,P005,R003,C003,43,1935.0,1118.79
2026-04-07,P005,R004,C010,18,810.0,454.46
2026-04-07,P005,R004,C004,26,1170.0,659.5
2026-04-07,P006,R001,C007,27,3240.0,2080.69
2026-04-07,P006,R001,C011,37,4440.0,2849.19
2026-04-07,P006,R001,C001,49,5880.0,3816.61
2026-04-07,P006,R002,C002,46,5520.0,3625.97
2026-04-07,P006,R002,C008,23,2760.0,1698.41
2026-04-07,P006,R002,C012,35,4200.0,2540.53
2026-04-07,P006,R003,C009,34,4080.0,2454.56
2026-04-07,P006,R003,C003,24,2880.0,1785.0
2026-04-07,P006,R004,C010,10,1200.0,725.34
2026-04-07,P006,R004,C004,18,2160.0,1328.05
2026-04-08,P001,R001,C001,25,9500.0,6569.52
2026-04-08,P001,R001,C007,20,7600.0,5384.24
2026-04-08,P001,R001,C005,11,4180.0,2915.42
2026-04-08,P001,R002,C012,17,6460.0,4427.75
2026-04-08,P001,R002,C002,27,10260.0,7253.96
2026-04-08,P001,R003,C009,16,6080.0,4231.17
2026-04-08,P001,R003,C003,8,3040.0,2092.54
2026-04-08,P001,R004,C004,7,2660.0,1905.8
2026-04-08,P001,R004,C010,7,2660.0,1722.29
2026-04-08,P002,R001,C007,75,6375.0,4121.06
2026-04-08,P002,R001,C011,118,10030.0,6100.72
2026-04-08,P002,R001,C001,115,9775.0,6075.09
2026-04-08,P002,R002,C006,33,2805.0,1763.42
2026-04-08,P002,R002,C008,57,4845.0,3047.94
2026-04-08,P002,R002,C012,78,6630.0,4237.78
2026-04-08,P002,R002,C002,93,7905.0,5217.16
2026-04-08,P002,R003,C003,50,4250.0,2617.19
2026-04-08,P002,R003,C009,113,9605.0,5755.81
2026-04-08,P002,R004,C004,45,3825.0,2253.46
2026-04-08,P002,R004,C010,31,2635.0,1547.92
2026-04-08,P003,R001,C005,5,3100.0,2224.86
2026-04-08,P003,R001,C001,14,8680.0,6022.56
2026-04-08,P003,R001,C011,12,7440.0,4917.58
2026-04-08,P003,R001,C007,6,3720.0,2740.84
2026-04-08,P003,R002,C006,2,1240.0,883.29
2026-04-08,P003,R002,C002,7,4340.0,2987.37
2026-04-08,P003,R002,C012,8,4960.0,3510.44
2026-04-08,P003,R003,C003,6,3720.0,2674.22
2026-04-08,P003,R003,C009,8,4960.0,3378.36
2026-04-08,P003,R004,C010,3,1860.0,1374.58
2026-04-08,P003,R004,C004,4,2480.0,1698.39
2026-04-08,P004,R001,C007,14,3360.0,2190.47
2026-04-08,P004,R001,C005,8,1920.0,1291.04
2026-04-08,P004,R001,C011,32,7680.0,5137.65
2026-04-08,P004,R001,C001,33,7920.0,5230.87
2026-04-08,P004,R002,C002,18,4320.0,2762.61
2026-04-08,P004,R002,C006,7,1680.0,1101.74
2026-04-08,P004,R002,C012,19,4560.0,2959.63
2026-04-08,P004,R002,C008,10,2400.0,1635.59
2026-04-08,P004,R003,C003,18,4320.0,2684.96
2026-04-08,P004,R003,C009,19,4560.0,2910.36
2026-04-08,P004,R004,C010,12,2880.0,1873.28
2026-04-08,P004,R004,C004,10,2400.0,1507.6
2026-04-08,P005,R001,C007,33,1485.0,818.76
2026-04-08,P005,R001,C001,92,4140.0,2296.81
2026-04-08,P005,R001,C005,37,1665.0,918.3
2026-04-08,P005,R001,C011,65,2925.0,1725.02
2026-04-08,P005,R002,C002,73,3285.0,1954.83
2026-04-08,P005,R002,C006,17,765.0,429.37
2026-04-08,P005,R002,C008,31,1395.0,825.6
2026-04-08,P005,R002,C012,69,3105.0,1787.56
2026-04-08,P005,R003,C003,36,1620.0,937.02
2026-04-08,P005,R003,C009,65,2925.0,1760.82
2026-04-08,P005,R004,C010,21,945.0,530.27
2026-04-08,P005,R004,C004,26,1170.0,723.69
2026-04-08,P006,R001,C005,29,3480.0,2283.97
2026-04-08,P006,R001,C007,28,3360.0,2274.57
2026-04-08,P006,R001,C011,64,7680.0,4693.37
2026-04-08,P006,R002,C006,8,960.0,612.23
2026-04-08,P006,R002,C002,37,4440.0,2747.74
2026-04-08,P006,R002,C008,14,1680.0,1037.1
2026-04-08,P006,R002,C012,33,3960.0,2451.88
2026-04-08,P006,R003,C003,32,3840.0,2489.5
2026-04-08,P006,R003,C009,52,6240.0,3959.62
2026-04-08,P006,R004,C010,16,1920.0,1179.7
2026-04-08,P006,R004,C004,19,2280.0,1519.71
2026-04-09,P001,R001,C011,23,8740.0,6280.23
2026-04-09,P001,R001,C007,10,3800.0,2553.37
2026-04-09,P001,R001,C001,27,10260.0,7315.28
2026-04-09,P001,R001,C005,8,3040.0,2063.45
2026-04-09,P001,R002,C012,24,9120.0,6220.05
2026-04-09,P001,R002,C002,23,8740.0,6089.58
2026-04-09,P001,R002,C006,6,2280.0,1606.81
2026-04-09,P001,R003,C009,11,4180.0,2750.1
2026-04-09,P001,R003,C003,7,2660.0,1845.0
2026-04-09,P001,R004,C004,6,2280.0,1491.81
2026-04-09,P001,R004,C010,6,2280.0,1529.87
2026-04-09,P002,R001,C011,111,9435.0,5482.81
2026-04-09,P002,R001,C007,45,3825.0,2490.81
2026-04-09,P002,R001,C001,139,11815.0,7362.93
2026-04-09,P002,R002,C006,101,8585.0,5257.24
2026-04-09,P002,R002,C008,150,12750.0,7922.48
2026-04-09,P002,R003,C003,103,8755.0,5109.74
2026-04-09,P002,R003,C009,110,9350.0,5517.58
2026-04-09,P002,R004,C004,50,4250.0,2731.25
2026-04-09,P002,R004,C010,46,3910.0,2568.51
2026-04-09,P003,R001,C011,19,11780.0,8236.39
2026-04-09,P003,R001,C007,9,5580.0,4081.95
2026-04-09,P003,R002,C012,7,4340.0,3060.69
2026-04-09,P003,R002,C002,6,3720.0,2565.68
2026-04-09,P003,R002,C008,3,1860.0,1356.28
2026-04-09,P003,R002,C006,2,1240.0,840.52
2026-04-09,P003,R003,C009,9,5580.0,3939.83
2026-04-09,P003,R003,C003,4,2480.0,1760.54
2026-04-09,P003,R004,C010,3,1860.0,1233.09
2026-04-09,P003,R004,C004,4,2480.0,1694.77
2026-04-09,P004,R001,C005,12,2880.0,1950.15
2026-04-09,P004,R001,C007,18,4320.0,2676.6
2026-04-09,P004,R001,C001,20,4800.0,2991.04
2026-04-09,P004,R001,C011,27,6480.0,4016.45
2026-04-09,P004,R002,C012,25,6000.0,3803.89
2026-04-09,P004,R002,C006,11,2640.0,1718.78
2026-04-09,P004,R002,C002,35,8400.0,5737.45
2026-04-09,P004,R003,C003,17,4080.0,2698.7
2026-04-09,P004,R003,C009,32,7680.0,4710.9
2026-04-09,P004,R004,C004,9,2160.0,1411.18
2026-04-09,P004,R004,C010,7,1680.0,1139.55
2026-04-09,P005,R001,C007,36,1620.0,914.9
2026-04-09,P005,R001,C001,76,3420.0,1995.94
2026-04-09,P005,R001,C011,108,4860.0,2670.49
2026-04-09,P005,R001,C005,34,1530.0,871.36
2026-04-09,P005,R002,C012,87,3915.0,2277.63
2026-04-09,P005,R002,C008,51,2295.0,1262.4
2026-04-09,P005,R003,C003,52,2340.0,1433.52
2026-04-09,P005,R003,C009,81,3645.0,2090.3
2026-04-09,P005,R004,C010,18,810.0,488.73
2026-04-09,P005,R004,C004,23,1035.0,640.14
2026-04-09,P006,R001,C007,50,6000.0,4072.0
2026-04-09,P006,R001,C011,119,14280.0,8642.99
2026-04-09,P006,R002,C012,38,4560.0,3012.32
2026-04-09,P006,R002,C002,57,6840.0,4539.26
2026-04-09,P006,R003,C009,37,4440.0,2749.22
2026-04-09,P006,R003,C003,19,2280.0,1507.36
2026-04-09,P006,R004,C004,25,3000.0,2003.44
2026-04-09,P006,R004,C010,22,2640.0,1713.97
2026-04-10,P001,R001,C011,25,9500.0,6790.1
2026-04-10,P001,R001,C001,26,9880.0,6649.15
2026-04-10,P001,R001,C007,14,5320.0,3450.31
2026-04-10,P001,R001,C005,9,3420.0,2420.39
2026-04-10,P001,R002,C008,7,2660.0,1782.25
2026-04-10,P001,R002,C002,18,6840.0,4637.77
2026-04-10,P001,R002,C006,4,1520.0,992.9
2026-04-10,P001,R002,C012,16,6080.0,4239.59
2026-04-10,P001,R003,C009,13,4940.0,3376.96
2026-04-10,P001,R003,C003,10,3800.0,2717.59
2026-04-10,P001,R004,C010,7,2660.0,1906.51
2026-04-10,P001,R004,C004,7,2660.0,1868.19
2026-04-10,P002,R001,C007,133,11305.0,6964.95
2026-04-10,P002,R001,C001,261,22185.0,14578.63
2026-04-10,P002,R002,C006,29,2465.0,1499.91
2026-04-10,P002,R002,C008,28,2380.0,1556.06
2026-04-10,P002,R002,C012,71,6035.0,3664.58
2026-04-10,P002,R002,C002,64,5440.0,3535.47
2026-04-10,P002,R003,C009,76,6460.0,3845.85
2026-04-10,P002,R003,C003,74,6290.0,3679.41
2026-04-10,P002,R004,C010,46,3910.0,2311.68
2026-04-10,P002,R004,C004,49,4165.0,2627.24
2026-04-10,P003,R001,C005,6,3720.0,2540.25
2026-04-10,P003,R001,C011,22,13640.0,9209.09
2026-04-10,P003,R002,C006,2,1240.0,829.05
2026-04-10,P003,R002,C008,3,1860.0,1266.63
2026-04-10,P003,R002,C002,5,3100.0,2098.98
2026-04-10,P003,R002,C012,5,3100.0,2097.82
2026-04-10,P003,R003,C009,10,6200.0,4218.62
2026-04-10,P003,R003,C003,4,2480.0,1756.39
2026-04-10,P003,R004,C004,4,2480.0,1803.02
2026-04-10,P003,R004,C010,2,1240.0,824.56
2026-04-10,P004,R001,C007,15,3600.0,2442.98
2026-04-10,P004,R001,C001,36,8640.0,5369.14
2026-04-10,P004,R001,C011,28,6720.0,4626.31
2026-04-10,P004,R002,C002,20,4800.0,3132.03
2026-04-10,P004,R002,C008,10,2400.0,1483.31
2026-04-10,P004,R002,C012,25,6000.0,3691.68
2026-04-10,P004,R002,C006,7,1680.0,1056.81
2026-04-10,P004,R003,C009,21,5040.0,3270.6
2026-04-10,P004,R003,C003,18,4320.0,2673.24
2026-04-10,P004,R004,C010,8,1920.0,1179.35
2026-04-10,P004,R004,C004,14,3360.0,2066.0
2026-04-10,P005,R001,C005,80,3600.0,2128.15
2026-04-10,P005,R001,C007,122,5490.0,3224.36
2026-04-10,P005,R002,C012,109,4905.0,2893.34
2026-04-10,P005,R002,C008,71,3195.0,1784.38
2026-04-10,P005,R003,C003,59,2655.0,1630.82
2026-04-10,P005,R003,C009,78,3510.0,1968.72
2026-04-10,P005,R004,C010,26,1170.0,717.85
2026-04-10,P005,R004,C004,37,1665.0,920.66
2026-04-10,P006,R001,C011,94,11280.0,7068.42
2026-04-10,P006,R001,C005,39,4680.0,3150.77
2026-04-10,P006,R002,C006,7,840.0,541.76
2026-04-10,P006,R002,C012,34,4080.0,2601.93
2026-04-10,P006,R002,C008,12,1440.0,912.75
2026-04-10,P006,R002,C002,35,4200.0,2782.64
2026-04-10,P006,R003,C003,21,2520.0,1683.12
2026-04-10,P006,R003,C009,40,4800.0,3212.54
2026-04-10,P006,R004,C010,12,1440.0,951.99
2026-04-10,P006,R004,C004,17,2040.0,1355.34
2026-04-11,P001,R001,C005,6,2280.0,1546.68
2026-04-11,P001,R001,C011,22,8360.0,5403.03
2026-04-11,P001,R001,C007,12,4560.0,2967.4
2026-04-11,P001,R002,C012,14,5320.0,3550.23
2026-04-11,P001,R002,C008,8,3040.0,2033.89
2026-04-11,P001,R002,C006,4,1520.0,1027.41
2026-04-11,P001,R003,C003,7,2660.0,1795.81
2026-04-11,P001,R003,C009,13,4940.0,3165.43
2026-04-11,P001,R004,C010,5,1900.0,1340.85
2026-04-11,P001,R004,C004,5,1900.0,1292.09
2026-04-11,P002,R001,C001,100,8500.0,5183.7
2026-04-11,P002,R001,C011,100,8500.0,5574.94
2026-04-11,P002,R001,C005,33,2805.0,1847.19
2026-04-11,P002,R002,C008,45,3825.0,2282.45
2026-04-11,P002,R002,C012,105,8925.0,5802.25
2026-04-11,P002,R003,C009,77,6545.0,4107.43
2026-04-11,P002,R003,C003,36,3060.0,1856.05
2026-04-11,P002,R004,C010,24,2040.0,1188.29
2026-04-11,P002,R004,C004,42,3570.0,2119.96
2026-04-11,P003,R001,C001,7,4340.0,3079.45
2026-04-11,P003,R001,C011,8,4960.0,3445.72
2026-04-11,P003,R001,C007,3,1860.0,1248.45
2026-04-11,P003,R001,C005,3,1860.0,1352.08
2026-04-11,P003,R002,C008,4,2480.0,1703.49
2026-04-11,P003,R002,C012,7,4340.0,3122.36
2026-04-11,P003,R003,C003,4,2480.0,1680.9
2026-04-11,P003,R003,C009,6,3720.0,2492.77
2026-04-11,P003,R004,C004,3,1860.0,1300.08
2026-04-11,P003,R004,C010,2,1240.0,830.24
2026-04-11,P004,R001,C011,40,9600.0,6385.63
2026-04-11,P004,R001,C005,12,2880.0,1959.25
2026-04-11,P004,R002,C012,19,4560.0,3008.22
2026-04-11,P004,R002,C002,21,5040.0,3383.28
2026-04-11,P004,R002,C008,9,2160.0,1345.07
2026-04-11,P004,R003,C003,14,3360.0,2198.19
2026-04-11,P004,R003,C009,16,3840.0,2364.94
2026-04-11,P004,R004,C010,5,1200.0,803.82
2026-04-11,P004,R004,C004,6,1440.0,919.8
2026-04-11,P005,R001,C001,55,2475.0,1362.72
2026-04-11,P005,R001,C011,47,2115.0,1244.82
2026-04-11,P005,R001,C007,19,855.0,479.67
2026-04-11,P005,R001,C005,17,765.0,437.51
2026-04-11,P005,R002,C008,41,1845.0,1049.69
2026-04-11,P005,R002,C006,48,2160.0,1300.33
2026-04-11,P005,R003,C003,22,990.0,564.17
2026-04-11,P005,R003,C009,39,1755.0,1079.47
2026-04-11,P005,R004,C010,22,990.0,537.51
2026-04-11,P005,R004,C004,26,1170.0,691.03
2026-04-11,P006,R001,C011,48,5760.0,3710.65
2026-04-11,P006,R001,C005,22,2640.0,1623.77
2026-04-11,P006,R002,C012,23,2760.0,1658.34
2026-04-11,P006,R002,C006,7,840.0,571.12
2026-04-11,P006,R002,C008,9,1080.0,732.07
2026-04-11,P006,R002,C002,14,1680.0,1019.96
2026-04-11,P006,R003,C009,32,3840.0,2306.38
2026-04-11,P006,R003,C003,18,2160.0,1402.87
2026-04-11,P006,R004,C004,15,1800.0,1099.8
2026-04-11,P006,R004,C010,12,1440.0,962.34
2026-04-12,P001,R001,C001,33,12540.0,8039.08
2026-04-12,P001,R001,C005,10,3800.0,2461.13
2026-04-12,P001,R002,C012,7,2660.0,1739.74
2026-04-12,P001,R002,C008,3,1140.0,736.13
2026-04-12,P001,R002,C006,2,760.0,535.07
2026-04-12,P001,R002,C002,5,1900.0,1339.81
2026-04-12,P001,R003,C003,9,3420.0,2309.71
2026-04-12,P001,R003,C009,13,4940.0,3188.0
2026-04-12,P001,R004,C010,5,1900.0,1302.28
2026-04-12,P001,R004,C004,4,1520.0,1049.32
2026-04-12,P002,R001,C011,89,7565.0,4628.47
2026-04-12,P002,R001,C007,62,5270.0,3366.63
2026-04-12,P002,R001,C001,131,11135.0,7182.08
2026-04-12,P002,R002,C002,109,9265.0,5653.22
2026-04-12,P002,R002,C008,34,2890.0,1725.5
2026-04-12,P002,R002,C006,39,3315.0,1995.65
2026-04-12,P002,R003,C003,39,3315.0,1930.66
2026-04-12,P002,R003,C009,86,7310.0,4359.39
2026-04-12,P002,R004,C004,25,2125.0,1385.53
2026-04-12,P002,R004,C010,25,2125.0,1341.22
2026-04-12,P003,R001,C005,3,1860.0,1317.96
2026-04-12,P003,R001,C011,8,4960.0,3362.78
2026-04-12,P003,R001,C001,11,6820.0,5016.42
2026-04-12,P003,R002,C002,9,5580.0,4052.61
2026-04-12,P003,R002,C008,5,3100.0,2136.48
2026-04-12,P003,R003,C003,3,1860.0,1340.16
2026-04-12,P003,R003,C009,5,3100.0,2228.9
2026-04-12,P003,R004,C004,2,1240.0,838.74
2026-04-12,P003,R004,C010,2,1240.0,847.07
2026-04-12,P004,R001,C001,46,11040.0,7441.85
2026-04-12,P004,R001,C005,10,2400.0,1595.38
2026-04-12,P004,R002,C012,10,2400.0,1501.51
2026-04-12,P004,R002,C006,4,960.0,603.57
2026-04-12,P004,R002,C002,11,2640.0,1672.61
2026-04-12,P004,R002,C008,6,1440.0,923.46
2026-04-12,P004,R003,C003,10,2400.0,1486.2
2026-04-12,P004,R003,C009,16,3840.0,2636.94
2026-04-12,P004,R004,C004,5,1200.0,738.0
2026-04-12,P004,R004,C010,5,1200.0,799.45
2026-04-12,P005,R001,C005,18,810.0,498.02
2026-04-12,P005,R001,C011,64,2880.0,1604.49
2026-04-12,P005,R001,C007,21,945.0,574.82
2026-04-12,P005,R001,C001,63,2835.0,1663.02
2026-04-12,P005,R002,C008,23,1035.0,606.79
2026-04-12,P005,R002,C012,50,2250.0,1351.06
2026-04-12,P005,R002,C002,46,2070.0,1174.64
2026-04-12,P005,R002,C006,12,540.0,302.08
2026-04-12,P005,R003,C009,35,1575.0,957.45
2026-04-12,P005,R003,C003,18,810.0,498.06
2026-04-12,P005,R004,C004,27,1215.0,678.86
2026-04-12,P005,R004,C010,17,765.0,421.69
2026-04-12,P006,R001,C007,29,3480.0,2302.01
2026-04-12,P006,R001,C001,59,7080.0,4554.16
2026-04-12,P006,R002,C006,7,840.0,540.95
2026-04-12,P006,R002,C008,12,1440.0,886.85
2026-04-12,P006,R002,C002,17,2040.0,1225.78
2026-04-12,P006,R002,C012,13,1560.0,938.62
2026-04-12,P006,R003,C009,38,4560.0,2832.51
2026-04-12,P006,R003,C003,21,2520.0,1566.35
2026-04-12,P006,R004,C010,8,960.0,618.97
2026-04-12,P006,R004,C004,14,1680.0,1016.21
2026-04-13,P001,R001,C007,11,4180.0,2726.18
2026-04-13,P001,R001,C011,29,11020.0,7398.91
2026-04-13,P001,R001,C001,19,7220.0,4760.97
2026-04-13,P001,R002,C008,33,12540.0,8374.68
2026-04-13,P001,R002,C006,22,8360.0,5949.73
2026-04-13,P001,R003,C009,14,5320.0,3563.51
2026-04-13,P001,R003,C003,17,6460.0,4601.87
2026-04-13,P001,R004,C004,7,2660.0,1913.2
2026-04-13,P001,R004,C010,6,2280.0,1480.87
2026-04-13,P002,R001,C007,73,6205.0,3825.63
2026-04-13,P002,R001,C005,37,3145.0,1927.1
2026-04-13,P002,R001,C001,103,8755.0,5712.96
2026-04-13,P002,R001,C011,117,9945.0,5920.18
2026-04-13,P002,R002,C008,106,9010.0,5579.66
2026-04-13,P002,R002,C002,208,17680.0,11623.42
2026-04-13,P002,R003,C003,77,6545.0,3935.31
2026-04-13,P002,R003,C009,105,8925.0,5637.5
2026-04-13,P002,R004,C010,29,2465.0,1586.82
2026-04-13,P002,R004,C004,46,3910.0,2519.96
2026-04-13,P003,R001,C011,8,4960.0,3572.21
2026-04-13,P003,R001,C001,11,6820.0,4841.82
2026-04-13,P003,R001,C007,6,3720.0,2473.87
2026-04-13,P003,R001,C005,3,1860.0,1327.54
2026-04-13,P003,R002,C002,9,5580.0,3861.95
2026-04-13,P003,R002,C012,9,5580.0,4002.3
2026-04-13,P003,R002,C006,2,1240.0,833.27
2026-04-13,P003,R003,C003,5,3100.0,2108.01
2026-04-13,P003,R003,C009,6,3720.0,2485.54
2026-04-13,P003,R004,C010,3,1860.0,1281.5
2026-04-13,P003,R004,C004,3,1860.0,1296.73
2026-04-13,P004,R001,C001,28,6720.0,4456.41
2026-04-13,P004,R001,C005,7,1680.0,1138.54
2026-04-13,P004,R001,C007,11,2640.0,1621.49
2026-04-13,P004,R001,C011,32,7680.0,5155.65
2026-04-13,P004,R002,C012,20,4800.0,3204.54
2026-04-13,P004,R002,C008,12,2880.0,1903.05
2026-04-13,P004,R002,C006,6,1440.0,951.72
2026-04-13,P004,R002,C002,16,3840.0,2503.61
2026-04-13,P004,R003,C003,13,3120.0,2053.32
2026-04-13,P004,R003,C009,25,6000.0,3856.27
2026-04-13,P004,R004,C004,15,3600.0,2345.71
2026-04-13,P004,R004,C010,11,2640.0,1761.17
2026-04-13,P005,R001,C001,69,3105.0,1805.39
2026-04-13,P005,R001,C007,54,2430.0,1467.65
2026-04-13,P005,R001,C011,74,3330.0,1890.69
2026-04-13,P005,R001,C005,37,1665.0,998.86
2026-04-13,P005,R002,C002,96,4320.0,2359.11
2026-04-13,P005,R002,C012,61,2745.0,1597.3
2026-04-13,P005,R003,C003,53,2385.0,1469.84
2026-04-13,P005,R003,C009,75,3375.0,1852.22
2026-04-13,P005,R004,C010,26,1170.0,636.7
2026-04-13,P005,R004,C004,24,1080.0,664.09
2026-04-13,P006,R001,C011,106,12720.0,7979.22
2026-04-13,P006,R001,C007,49,5880.0,3888.58
2026-04-13,P006,R002,C012,76,9120.0,5555.29
2026-04-13,P006,R002,C006,20,2400.0,1610.98
2026-04-13,P006,R003,C009,46,5520.0,3686.04
2026-04-13,P006,R003,C003,23,2760.0,1717.55
2026-04-13,P006,R004,C010,17,2040.0,1307.61
2026-04-13,P006,R004,C004,22,2640.0,1743.91
2026-04-14,P001,R001,C007,13,4940.0,3424.96
2026-04-14,P001,R001,C005,12,4560.0,3235.96
2026-04-14,P001,R001,C001,21,7980.0,5339.26
2026-04-14,P001,R002,C008,7,2660.0,1836.13
2026-04-14,P001,R002,C012,15,5700.0,3954.67
2026-04-14,P001,R002,C002,11,4180.0,2958.3
2026-04-14,P001,R002,C006,4,1520.0,1035.35
2026-04-14,P001,R003,C009,19,7220.0,4658.03
2026-04-14,P001,R003,C003,10,3800.0,2694.7
2026-04-14,P001,R004,C004,7,2660.0,1831.9
2026-04-14,P001,R004,C010,6,2280.0,1572.94
2026-04-14,P002,R001,C011,240,20400.0,12566.01
2026-04-14,P002,R001,C007,153,13005.0,7929.14
2026-04-14,P002,R002,C008,79,6715.0,4140.07
2026-04-14,P002,R002,C006,43,3655.0,2293.68
2026-04-14,P002,R002,C002,122,10370.0,6193.48
2026-04-14,P002,R003,C003,73,6205.0,3827.08
2026-04-14,P002,R003,C009,102,8670.0,5513.28
2026-04-14,P002,R004,C004,61,5185.0,3068.7
2026-04-14,P002,R004,C010,41,3485.0,2107.11
2026-04-14,P003,R001,C001,24,14880.0,9952.36
2026-04-14,P003,R001,C007,8,4960.0,3340.98
2026-04-14,P003,R002,C006,3,1860.0,1327.85
2026-04-14,P003,R002,C012,8,4960.0,3561.29
2026-04-14,P003,R002,C002,6,3720.0,2665.77
2026-04-14,P003,R003,C003,5,3100.0,2213.26
2026-04-14,P003,R003,C009,7,4340.0,2909.04
2026-04-14,P003,R004,C004,4,2480.0,1769.58
2026-04-14,P003,R004,C010,2,1240.0,845.99
2026-04-14,P004,R001,C005,17,4080.0,2753.75
2026-04-14,P004,R001,C011,49,11760.0,7949.99
2026-04-14,P004,R001,C001,34,8160.0,5204.96
2026-04-14,P004,R002,C002,31,7440.0,4759.91
2026-04-14,P004,R002,C008,16,3840.0,2383.85
2026-04-14,P004,R002,C012,23,5520.0,3544.69
2026-04-14,P004,R003,C009,20,4800.0,3274.73
2026-04-14,P004,R003,C003,20,4800.0,3193.67
2026-04-14,P004,R004,C004,8,1920.0,1269.87
2026-04-14,P004,R004,C010,11,2640.0,1614.71
2026-04-14,P005,R001,C005,50,2250.0,1256.26
2026-04-14,P005,R001,C001,222,9990.0,5704.17
2026-04-14,P005,R002,C012,49,2205.0,1364.82
2026-04-14,P005,R002,C006,21,945.0,513.68
2026-04-14,P005,R002,C002,72,3240.0,1918.1
2026-04-14,P005,R002,C008,42,1890.0,1039.32
2026-04-14,P005,R003,C009,66,2970.0,1829.21
2026-04-14,P005,R003,C003,43,1935.0,1175.83
2026-04-14,P005,R004,C010,19,855.0,491.65
2026-04-14,P005,R004,C004,21,945.0,512.57
2026-04-14,P006,R001,C011,81,9720.0,6308.93
2026-04-14,P006,R001,C007,40,4800.0,2987.56
2026-04-14,P006,R002,C012,45,5400.0,3415.77
2026-04-14,P006,R002,C008,23,2760.0,1661.99
2026-04-14,P006,R002,C002,32,3840.0,2600.81
2026-04-14,P006,R002,C006,13,1560.0,942.61
2026-04-14,P006,R003,C009,46,5520.0,3435.76
2026-04-14,P006,R003,C003,37,4440.0,2798.21
2026-04-14,P006,R004,C010,18,2160.0,1453.4
2026-04-14,P006,R004,C004,18,2160.0,1330.71
2026-04-15,P001,R001,C007,20,7600.0,5164.47
2026-04-15,P001,R001,C005,12,4560.0,2985.24
2026-04-15,P001,R001,C001,33,12540.0,8544.86
2026-04-15,P001,R002,C008,6,2280.0,1582.83
2026-04-15,P001,R002,C002,17,6460.0,4648.72
2026-04-15,P001,R002,C006,3,1140.0,781.13
2026-04-15,P001,R002,C012,18,6840.0,4645.11
2026-04-15,P001,R003,C003,9,3420.0,2319.34
2026-04-15,P001,R003,C009,18,6840.0,4730.43
2026-04-15,P001,R004,C004,7,2660.0,1844.04
2026-04-15,P001,R004,C010,5,1900.0,1273.46
2026-04-15,P002,R001,C007,112,9520.0,5890.15
2026-04-15,P002,R001,C001,248,21080.0,12844.67
2026-04-15,P002,R002,C002,101,8585.0,5163.07
2026-04-15,P002,R002,C012,137,11645.0,7059.26
2026-04-15,P002,R003,C003,60,5100.0,3356.77
2026-04-15,P002,R003,C009,100,8500.0,5135.0
2026-04-15,P002,R004,C010,32,2720.0,1612.24
2026-04-15,P002,R004,C004,32,2720.0,1656.99
2026-04-15,P003,R001,C007,14,8680.0,5816.91
2026-04-15,P003,R001,C005,10,6200.0,4369.63
2026-04-15,P003,R002,C008,4,2480.0,1709.0
2026-04-15,P003,R002,C002,10,6200.0,4581.34
2026-04-15,P003,R002,C012,8,4960.0,3371.05
2026-04-15,P003,R003,C009,9,5580.0,4126.28
2026-04-15,P003,R003,C003,4,2480.0,1665.49
2026-04-15,P003,R004,C004,3,1860.0,1252.49
2026-04-15,P003,R004,C010,4,2480.0,1800.19
2026-04-15,P004,R001,C011,40,9600.0,6261.19
2026-04-15,P004,R001,C001,41,9840.0,6417.91
2026-04-15,P004,R002,C002,28,6720.0,4535.42
2026-04-15,P004,R002,C012,23,5520.0,3676.83
2026-04-15,P004,R003,C003,18,4320.0,2735.91
2026-04-15,P004,R003,C009,28,6720.0,4178.66
2026-04-15,P004,R004,C010,10,2400.0,1635.8
2026-04-15,P004,R004,C004,9,2160.0,1436.99
2026-04-15,P005,R001,C005,53,2385.0,1403.66
2026-04-15,P005,R001,C001,134,6030.0,3418.89
2026-04-15,P005,R002,C012,47,2115.0,1165.53
2026-04-15,P005,R002,C002,33,1485.0,807.12
2026-04-15,P005,R002,C008,25,1125.0,693.48
2026-04-15,P005,R002,C006,19,855.0,517.44
2026-04-15,P005,R003,C009,73,3285.0,1838.04
2026-04-15,P005,R003,C003,49,2205.0,1337.32
2026-04-15,P005,R004,C010,32,1440.0,795.76
2026-04-15,P005,R004,C004,39,1755.0,969.79
2026-04-15,P006,R001,C005,66,7920.0,5242.9
2026-04-15,P006,R001,C007,68,8160.0,5529.26
2026-04-15,P006,R002,C012,27,3240.0,2012.33
2026-04-15,P006,R002,C002,27,3240.0,2051.01
2026-04-15,P006,R002,C006,13,1560.0,1018.55
2026-04-15,P006,R002,C008,21,2520.0,1552.98
2026-04-15,P006,R003,C009,39,4680.0,2830.75
2026-04-15,P006,R003,C003,26,3120.0,1878.9
2026-04-15,P006,R004,C004,28,3360.0,2080.21
2026-04-15,P006,R004,C010,13,1560.0,1040.8
2026-04-16,P001,R001,C011,21,7980.0,5702.63
2026-04-16,P001,R001,C005,5,1900.0,1317.3
2026-04-16,P001,R001,C007,10,3800.0,2571.08
2026-04-16,P001,R001,C001,17,6460.0,4561.14
2026-04-16,P001,R002,C008,7,2660.0,1807.0
2026-04-16,P001,R002,C002,13,4940.0,3228.79
2026-04-16,P001,R002,C006,5,1900.0,1322.13
2026-04-16,P001,R002,C012,10,3800.0,2639.88
2026-04-16,P001,R003,C009,20,7600.0,5254.82
2026-04-16,P001,R003,C003,8,3040.0,2113.58
2026-04-16,P001,R004,C004,8,3040.0,2065.31
2026-04-16,P001,R004,C010,6,2280.0,1482.66
2026-04-16,P002,R001,C011,103,8755.0,5259.78
2026-04-16,P002,R001,C007,68,5780.0,3635.12
2026-04-16,P002,R001,C001,177,15045.0,9143.13
2026-04-16,P002,R002,C006,66,5610.0,3296.33
2026-04-16,P002,R002,C008,159,13515.0,8149.32
2026-04-16,P002,R003,C009,135,11475.0,6929.88
2026-04-16,P002,R003,C003,96,8160.0,5202.48
2026-04-16,P002,R004,C010,39,3315.0,2181.73
2026-04-16,P002,R004,C004,52,4420.0,2767.4
2026-04-16,P003,R001,C007,14,8680.0,6114.43
2026-04-16,P003,R001,C005,11,6820.0,4712.89
2026-04-16,P003,R002,C006,5,3100.0,2055.71
2026-04-16,P003,R002,C012,14,8680.0,5992.13
2026-04-16,P003,R003,C003,6,3720.0,2629.04
2026-04-16,P003,R003,C009,8,4960.0,3664.72
2026-04-16,P003,R004,C004,4,2480.0,1787.52
2026-04-16,P003,R004,C010,2,1240.0,886.72
2026-04-16,P004,R001,C007,21,5040.0,3368.17
2026-04-16,P004,R001,C011,43,10320.0,6793.67
2026-04-16,P004,R001,C001,36,8640.0,5284.64
2026-04-16,P004,R002,C006,9,2160.0,1407.22
2026-04-16,P004,R002,C002,18,4320.0,2913.52
2026-04-16,P004,R002,C008,12,2880.0,1785.76
2026-04-16,P004,R002,C012,25,6000.0,3947.83
2026-04-16,P004,R003,C009,15,3600.0,2299.2
2026-04-16,P004,R003,C003,18,4320.0,2734.87
2026-04-16,P004,R004,C004,11,2640.0,1783.68
2026-04-16,P004,R004,C010,7,1680.0,1029.85
2026-04-16,P005,R001,C011,87,3915.0,2414.14
2026-04-16,P005,R001,C001,122,5490.0,3235.49
2026-04-16,P005,R001,C007,42,1890.0,1131.0
2026-04-16,P005,R001,C005,33,1485.0,897.97
2026-04-16,P005,R002,C002,71,3195.0,1838.02
2026-04-16,P005,R002,C012,90,4050.0,2363.7
2026-04-16,P005,R003,C003,35,1575.0,942.06
2026-04-16,P005,R003,C009,54,2430.0,1428.05
2026-04-16,P005,R004,C010,25,1125.0,686.04
2026-04-16,P005,R004,C004,26,1170.0,646.82
2026-04-16,P006,R001,C011,83,9960.0,6591.88
2026-04-16,P006,R001,C007,62,7440.0,4873.04
2026-04-16,P006,R002,C002,37,4440.0,2737.58
2026-04-16,P006,R002,C008,27,3240.0,2093.03
2026-04-16,P006,R002,C006,15,1800.0,1166.28
2026-04-16,P006,R003,C003,29,3480.0,2127.45
2026-04-16,P006,R003,C009,54,6480.0,3945.26
2026-04-16,P006,R004,C010,16,1920.0,1178.72
2026-04-16,P006,R004,C004,14,1680.0,1111.3
2026-04-17,P001,R001,C001,22,8360.0,5427.44
2026-04-17,P001,R001,C011,22,8360.0,5395.68
2026-04-17,P001,R002,C012,15,5700.0,3817.96
2026-04-17,P001,R002,C008,7,2660.0,1738.88
2026-04-17,P001,R002,C002,14,5320.0,3438.16
2026-04-17,P001,R002,C006,4,1520.0,1084.99
2026-04-17,P001,R003,C009,12,4560.0,3114.59
2026-04-17,P001,R003,C003,8,3040.0,2129.24
2026-04-17,P001,R004,C010,5,1900.0,1222.99
2026-04-17,P001,R004,C004,5,1900.0,1329.03
2026-04-17,P002,R001,C007,80,6800.0,4126.44
2026-04-17,P002,R001,C011,104,8840.0,5307.47
2026-04-17,P002,R001,C001,121,10285.0,6165.55
2026-04-17,P002,R002,C002,180,15300.0,9323.19
2026-04-17,P002,R002,C008,102,8670.0,5529.65
2026-04-17,P002,R003,C003,69,5865.0,3742.46
2026-04-17,P002,R003,C009,111,9435.0,5793.39
2026-04-17,P002,R004,C010,32,2720.0,1764.42
2026-04-17,P002,R004,C004,41,3485.0,2065.38
2026-04-17,P003,R001,C001,18,11160.0,7782.71
2026-04-17,P003,R001,C005,9,5580.0,3825.42
2026-04-17,P003,R002,C002,6,3720.0,2543.56
2026-04-17,P003,R002,C006,2,1240.0,836.87
2026-04-17,P003,R002,C012,7,4340.0,2888.2
2026-04-17,P003,R002,C008,3,1860.0,1347.16
2026-04-17,P003,R003,C009,7,4340.0,3127.73
2026-04-17,P003,R003,C003,6,3720.0,2580.67
2026-04-17,P003,R004,C004,3,1860.0,1286.79
2026-04-17,P003,R004,C010,3,1860.0,1373.59
2026-04-17,P004,R001,C011,21,5040.0,3340.26
2026-04-17,P004,R001,C005,9,2160.0,1388.71
2026-04-17,P004,R001,C001,21,5040.0,3348.38
2026-04-17,P004,R001,C007,14,3360.0,2136.71
2026-04-17,P004,R002,C006,11,2640.0,1795.05
2026-04-17,P004,R002,C012,23,5520.0,3751.8
2026-04-17,P004,R002,C002,27,6480.0,4406.11
2026-04-17,P004,R003,C003,19,4560.0,2971.01
2026-04-17,P004,R003,C009,25,6000.0,3922.76
2026-04-17,P004,R004,C004,9,2160.0,1343.61
2026-04-17,P004,R004,C010,10,2400.0,1569.3
2026-04-17,P005,R001,C007,36,1620.0,991.13
2026-04-17,P005,R001,C011,64,2880.0,1694.86
2026-04-17,P005,R001,C005,28,1260.0,705.89
2026-04-17,P005,R001,C001,67,3015.0,1835.57
2026-04-17,P005,R002,C012,64,2880.0,1593.69
2026-04-17,P005,R002,C008,41,1845.0,997.41
2026-04-17,P005,R002,C006,27,1215.0,707.97
2026-04-17,P005,R003,C009,67,3015.0,1813.16
2026-04-17,P005,R003,C003,40,1800.0,1016.29
2026-04-17,P005,R004,C010,18,810.0,470.45
2026-04-17,P005,R004,C004,33,1485.0,836.97
2026-04-17,P006,R001,C011,73,8760.0,5936.99
2026-04-17,P006,R001,C005,22,2640.0,1700.58
2026-04-17,P006,R001,C001,55,6600.0,4304.88
2026-04-17,P006,R002,C008,15,1800.0,1160.66
2026-04-17,P006,R002,C002,34,4080.0,2533.82
2026-04-17,P006,R002,C006,9,1080.0,732.02
2026-04-17,P006,R002,C012,32,3840.0,2511.12
2026-04-17,P006,R003,C009,47,5640.0,3466.26
2026-04-17,P006,R003,C003,27,3240.0,2064.12
2026-04-17,P006,R004,C004,20,2400.0,1441.55
2026-04-17,P006,R004,C010,13,1560.0,963.88
2026-04-18,P001,R001,C005,5,1900.0,1250.13
2026-04-18,P001,R001,C011,15,5700.0,3776.85
2026-04-18,P001,R001,C007,7,2660.0,1724.21
2026-04-18,P001,R002,C008,8,3040.0,2179.79
2026-04-18,P001,R002,C002,17,6460.0,4578.04
2026-04-18,P001,R003,C003,7,2660.0,1742.05
2026-04-18,P001,R003,C009,12,4560.0,2926.7
2026-04-18,P001,R004,C010,5,1900.0,1320.8
2026-04-18,P001,R004,C004,5,1900.0,1307.94
2026-04-18,P002,R001,C005,61,5185.0,3062.72
2026-04-18,P002,R001,C011,155,13175.0,8632.55
2026-04-18,P002,R002,C002,66,5610.0,3435.89
2026-04-18,P002,R002,C006,20,1700.0,1076.92
2026-04-18,P002,R002,C012,91,7735.0,4486.99
2026-04-18,P002,R003,C009,96,8160.0,4742.56
2026-04-18,P002,R003,C003,66,5610.0,3543.67
2026-04-18,P002,R004,C004,35,2975.0,1925.9
2026-04-18,P002,R004,C010,33,2805.0,1792.07
2026-04-18,P003,R001,C001,17,10540.0,7589.71
2026-04-18,P003,R001,C005,5,3100.0,2219.51
2026-04-18,P003,R002,C008,3,1860.0,1364.4
2026-04-18,P003,R002,C006,2,1240.0,886.52
2026-04-18,P003,R002,C012,7,4340.0,2910.73
2026-04-18,P003,R003,C003,4,2480.0,1817.91
2026-04-18,P003,R003,C009,6,3720.0,2594.01
2026-04-18,P003,R004,C004,3,1860.0,1274.16
2026-04-18,P003,R004,C010,2,1240.0,854.51
2026-04-18,P004,R001,C007,13,3120.0,1964.68
2026-04-18,P004,R001,C005,7,1680.0,1062.13
2026-04-18,P004,R001,C011,27,6480.0,4121.91
2026-04-18,P004,R001,C001,16,3840.0,2456.61
2026-04-18,P004,R002,C012,11,2640.0,1801.06
2026-04-18,P004,R002,C006,4,960.0,643.58
2026-04-18,P004,R002,C002,11,2640.0,1755.51
2026-04-18,P004,R003,C009,18,4320.0,2824.29
2026-04-18,P004,R003,C003,12,2880.0,1956.35
2026-04-18,P004,R004,C010,5,1200.0,809.02
2026-04-18,P004,R004,C004,8,1920.0,1184.0
2026-04-18,P005,R001,C005,50,2250.0,1246.34
2026-04-18,P005,R001,C001,100,4500.0,2463.29
2026-04-18,P005,R002,C008,19,855.0,507.92
2026-04-18,P005,R002,C012,32,1440.0,882.35
2026-04-18,P005,R002,C006,10,450.0,262.54
2026-04-18,P005,R002,C002,37,1665.0,1004.47
2026-04-18,P005,R003,C003,41,1845.0,1021.05
2026-04-18,P005,R003,C009,61,2745.0,1586.5
2026-04-18,P005,R004,C010,18,810.0,467.72
2026-04-18,P005,R004,C004,19,855.0,525.22
2026-04-18,P006,R001,C005,11,1320.0,879.62
2026-04-18,P006,R001,C011,36,4320.0,2730.66
2026-04-18,P006,R001,C007,16,1920.0,1253.76
2026-04-18,P006,R001,C001,32,3840.0,2472.74
2026-04-18,P006,R002,C008,8,960.0,624.84
2026-04-18,P006,R002,C012,25,3000.0,1830.15
2026-04-18,P006,R002,C002,15,1800.0,1191.62
2026-04-18,P006,R002,C006,7,840.0,521.77
2026-04-18,P006,R003,C003,21,2520.0,1681.09
2026-04-18,P006,R003,C009,37,4440.0,2947.79
2026-04-18,P006,R004,C010,8,960.0,577.85
2026-04-18,P006,R004,C004,14,1680.0,1045.87
2026-04-19,P001,R001,C005,16,6080.0,4275.77
2026-04-19,P001,R001,C007,27,10260.0,7303.82
2026-04-19,P001,R002,C012,12,4560.0,3075.84
2026-04-19,P001,R002,C008,7,2660.0,1905.59
2026-04-19,P001,R002,C006,5,1900.0,1312.26
2026-04-19,P001,R003,C003,8,3040.0,2066.73
2026-04-19,P001,R003,C009,14,5320.0,3678.07
2026-04-19,P001,R004,C010,4,1520.0,984.75
2026-04-19,P001,R004,C004,5,1900.0,1269.04
2026-04-19,P002,R001,C001,152,12920.0,8288.37
2026-04-19,P002,R001,C007,53,4505.0,2954.4
2026-04-19,P002,R001,C005,41,3485.0,2146.87
2026-04-19,P002,R002,C012,103,8755.0,5196.68
2026-04-19,P002,R002,C008,62,5270.0,3162.66
2026-04-19,P002,R003,C003,45,3825.0,2494.86
2026-04-19,P002,R003,C009,70,5950.0,3565.53
2026-04-19,P002,R004,C010,29,2465.0,1475.77
2026-04-19,P002,R004,C004,35,2975.0,1960.53
2026-04-19,P003,R001,C011,6,3720.0,2693.0
2026-04-19,P003,R001,C007,4,2480.0,1737.02
2026-04-19,P003,R001,C005,3,1860.0,1231.15
2026-04-19,P003,R001,C001,8,4960.0,3457.29
2026-04-19,P003,R002,C012,8,4960.0,3443.49
2026-04-19,P003,R002,C006,2,1240.0,859.39
2026-04-19,P003,R003,C003,3,1860.0,1330.44
2026-04-19,P003,R003,C009,4,2480.0,1666.8
2026-04-19,P003,R004,C004,2,1240.0,889.84
2026-04-19,P003,R004,C010,2,1240.0,890.75
2026-04-19,P004,R001,C011,21,5040.0,3337.34
2026-04-19,P004,R001,C001,26,6240.0,4058.49
2026-04-19,P004,R001,C005,6,1440.0,925.84
2026-04-19,P004,R001,C007,9,2160.0,1335.01
2026-04-19,P004,R002,C006,10,2400.0,1583.42
2026-04-19,P004,R002,C008,16,3840.0,2506.95
2026-04-19,P004,R003,C009,15,3600.0,2397.6
2026-04-19,P004,R003,C003,10,2400.0,1602.56
2026-04-19,P004,R004,C010,6,1440.0,900.07
2026-04-19,P004,R004,C004,6,1440.0,886.43
2026-04-19,P005,R001,C005,21,945.0,550.48
2026-04-19,P005,R001,C001,63,2835.0,1538.89
2026-04-19,P005,R001,C011,96,4320.0,2474.13
2026-04-19,P005,R002,C002,52,2340.0,1278.55
2026-04-19,P005,R002,C008,23,1035.0,560.33
2026-04-19,P005,R002,C006,11,495.0,289.85
2026-04-19,P005,R002,C012,53,2385.0,1308.35
2026-04-19,P005,R003,C009,40,1800.0,1076.22
2026-04-19,P005,R003,C003,27,1215.0,717.93
2026-04-19,P005,R004,C010,16,720.0,400.37
2026-04-19,P005,R004,C004,29,1305.0,737.86
2026-04-19,P006,R001,C005,32,3840.0,2325.54
2026-04-19,P006,R001,C001,60,7200.0,4589.73
2026-04-19,P006,R002,C012,21,2520.0,1577.24
2026-04-19,P006,R002,C008,10,1200.0,807.83
2026-04-19,P006,R002,C002,17,2040.0,1274.64
2026-04-19,P006,R002,C006,5,600.0,389.76
2026-04-19,P006,R003,C009,32,3840.0,2500.64
2026-04-19,P006,R003,C003,25,3000.0,1823.13
2026-04-19,P006,R004,C004,15,1800.0,1106.67
2026-04-19,P006,R004,C010,9,1080.0,652.98
2026-04-20,P001,R001,C011,53,20140.0,13684.13
2026-04-20,P001,R001,C005,12,4560.0,3220.44
2026-04-20,P001,R002,C006,7,2660.0,1827.14
2026-04-20,P001,R002,C008,8,3040.0,2157.85
2026-04-20,P001,R002,C012,11,4180.0,2806.75
2026-04-20,P001,R002,C002,13,4940.0,3219.17
2026-04-20,P001,R003,C009,19,7220.0,5105.17
2026-04-20,P001,R003,C003,11,4180.0,2817.59
2026-04-20,P001,R004,C010,7,2660.0,1900.07
2026-04-20,P001,R004,C004,7,2660.0,1860.19
2026-04-20,P002,R001,C007,84,7140.0,4427.53
2026-04-20,P002,R001,C001,199,16915.0,10526.44
2026-04-20,P002,R001,C005,72,6120.0,3873.69
2026-04-20,P002,R002,C006,31,2635.0,1541.55
2026-04-20,P002,R002,C012,89,7565.0,4705.9
2026-04-20,P002,R002,C002,76,6460.0,4019.45
2026-04-20,P002,R002,C008,30,2550.0,1588.97
2026-04-20,P002,R003,C003,79,6715.0,4066.49
2026-04-20,P002,R003,C009,116,9860.0,5759.0
2026-04-20,P002,R004,C010,29,2465.0,1515.16
2026-04-20,P002,R004,C004,39,3315.0,2113.59
2026-04-20,P003,R001,C001,10,6200.0,4261.83
2026-04-20,P003,R001,C011,12,7440.0,5134.88
2026-04-20,P003,R001,C005,4,2480.0,1778.21
2026-04-20,P003,R001,C007,4,2480.0,1782.7
2026-04-20,P003,R002,C008,5,3100.0,2251.68
2026-04-20,P003,R002,C006,5,3100.0,2063.85
2026-04-20,P003,R002,C002,13,8060.0,5893.48
2026-04-20,P003,R003,C009,7,4340.0,3053.86
2026-04-20,P003,R003,C003,5,3100.0,2203.53
2026-04-20,P003,R004,C010,3,1860.0,1265.11
2026-04-20,P003,R004,C004,3,1860.0,1279.91
2026-04-20,P004,R001,C005,13,3120.0,1965.1
2026-04-20,P004,R001,C011,24,5760.0,3647.98
2026-04-20,P004,R001,C001,34,8160.0,5185.82
2026-04-20,P004,R002,C002,59,14160.0,9437.84
2026-04-20,P004,R002,C006,20,4800.0,3191.02
2026-04-20,P004,R003,C003,16,3840.0,2555.28
2026-04-20,P004,R003,C009,23,5520.0,3402.19
2026-04-20,P004,R004,C010,7,1680.0,1148.61
2026-04-20,P004,R004,C004,7,1680.0,1084.92
2026-04-20,P005,R001,C011,110,4950.0,2913.54
2026-04-20,P005,R001,C001,97,4365.0,2430.48
2026-04-20,P005,R001,C005,40,1800.0,1011.95
2026-04-20,P005,R002,C012,48,2160.0,1331.34
2026-04-20,P005,R002,C006,20,900.0,554.23
2026-04-20,P005,R002,C002,44,1980.0,1172.25
2026-04-20,P005,R003,C009,80,3600.0,2034.91
2026-04-20,P005,R003,C003,59,2655.0,1524.18
2026-04-20,P005,R004,C004,27,1215.0,682.68
2026-04-20,P005,R004,C010,27,1215.0,690.71
2026-04-20,P006,R001,C007,39,4680.0,2822.05
2026-04-20,P006,R001,C011,65,7800.0,5284.29
2026-04-20,P006,R002,C012,40,4800.0,3262.97
2026-04-20,P006,R002,C006,17,2040.0,1229.33
2026-04-20,P006,R002,C002,56,6720.0,4151.63
2026-04-20,P006,R003,C009,43,5160.0,3484.51
2026-04-20,P006,R003,C003,28,3360.0,2048.95
2026-04-20,P006,R004,C010,15,1800.0,1161.27
2026-04-20,P006,R004,C004,15,1800.0,1085.72
2026-04-21,P001,R001,C007,8,3040.0,1985.68
2026-04-21,P001,R001,C001,20,7600.0,4900.72
2026-04-21,P001,R001,C011,15,5700.0,3923.75
2026-04-21,P001,R001,C005,5,1900.0,1361.71
2026-04-21,P001,R002,C008,12,4560.0,3196.81
2026-04-21,P001,R002,C006,7,2660.0,1785.49
2026-04-21,P001,R002,C012,24,9120.0,5928.81
2026-04-21,P001,R003,C003,12,4560.0,3112.96
2026-04-21,P001,R003,C009,21,7980.0,5726.9
2026-04-21,P001,R004,C010,4,1520.0,1032.97
2026-04-21,P001,R004,C004,7,2660.0,1788.07
2026-04-21,P002,R001,C001,206,17510.0,11223.78
2026-04-21,P002,R001,C011,121,10285.0,6586.61
2026-04-21,P002,R002,C012,148,12580.0,8013.44
2026-04-21,P002,R002,C008,74,6290.0,3786.35
2026-04-21,P002,R003,C009,119,10115.0,6661.85
2026-04-21,P002,R003,C003,81,6885.0,4140.35
2026-04-21,P002,R004,C010,31,2635.0,1639.82
2026-04-21,P002,R004,C004,40,3400.0,2139.01
2026-04-21,P003,R001,C007,3,1860.0,1283.23
2026-04-21,P003,R001,C001,10,6200.0,4273.51
2026-04-21,P003,R001,C005,3,1860.0,1349.43
2026-04-21,P003,R001,C011,10,6200.0,4385.41
2026-04-21,P003,R002,C002,8,4960.0,3597.19
2026-04-21,P003,R002,C008,4,2480.0,1750.28
2026-04-21,P003,R002,C012,7,4340.0,3047.99
2026-04-21,P003,R002,C006,3,1860.0,1321.35
2026-04-21,P003,R003,C009,7,4340.0,3021.12
2026-04-21,P003,R003,C003,6,3720.0,2604.97
2026-04-21,P003,R004,C004,4,2480.0,1759.17
2026-04-21,P003,R004,C010,3,1860.0,1353.66
2026-04-21,P004,R001,C011,31,7440.0,4583.89
2026-04-21,P004,R001,C007,19,4560.0,2833.7
2026-04-21,P004,R001,C005,16,3840.0,2638.41
2026-04-21,P004,R002,C006,25,6000.0,3888.8
2026-04-21,P004,R002,C008,40,9600.0,6018.77
2026-04-21,P004,R003,C003,20,4800.0,3238.89
2026-04-21,P004,R003,C009,32,7680.0,4745.68
2026-04-21,P004,R004,C010,8,1920.0,1261.99
2026-04-21,P004,R004,C004,10,2400.0,1613.94
2026-04-21,P005,R001,C011,110,4950.0,2842.62
2026-04-21,P005,R001,C001,108,4860.0,2838.85
2026-04-21,P005,R001,C005,23,1035.0,631.34
2026-04-21,P005,R002,C012,49,2205.0,1234.41
2026-04-21,P005,R002,C008,24,1080.0,583.63
2026-04-21,P005,R002,C006,23,1035.0,572.82
2026-04-21,P005,R002,C002,65,2925.0,1773.67
2026-04-21,P005,R003,C009,67,3015.0,1736.3
2026-04-21,P005,R003,C003,34,1530.0,879.87
2026-04-21,P005,R004,C004,39,1755.0,949.92
2026-04-21,P005,R004,C010,32,1440.0,876.91
2026-04-21,P006,R001,C001,49,5880.0,3883.83
2026-04-21,P006,R001,C005,22,2640.0,1584.21
2026-04-21,P006,R001,C011,56,6720.0,4308.51
2026-04-21,P006,R001,C007,30,3600.0,2404.78
2026-04-21,P006,R002,C008,19,2280.0,1400.89
2026-04-21,P006,R002,C012,44,5280.0,3386.67
2026-04-21,P006,R002,C006,13,1560.0,1021.27
2026-04-21,P006,R002,C002,25,3000.0,1893.93
2026-04-21,P006,R003,C003,30,3600.0,2274.84
2026-04-21,P006,R003,C009,55,6600.0,4040.19
2026-04-21,P006,R004,C010,11,1320.0,894.1
2026-04-21,P006,R004,C004,14,1680.0,1015.3
2026-04-22,P001,R001,C007,13,4940.0,3181.12
2026-04-22,P001,R001,C011,37,14060.0,10017.39
2026-04-22,P001,R002,C002,20,7600.0,4886.63
2026-04-22,P001,R002,C012,14,5320.0,3466.35
2026-04-22,P001,R003,C009,11,4180.0,2723.97
2026-04-22,P001,R003,C003,12,4560.0,3147.44
2026-04-22,P001,R004,C010,8,3040.0,2129.9
2026-04-22,P001,R004,C004,10,3800.0,2553.95
2026-04-22,P002,R001,C007,90,7650.0,4562.24
2026-04-22,P002,R001,C005,38,3230.0,2052.92
2026-04-22,P002,R001,C001,135,11475.0,6849.21
2026-04-22,P002,R001,C011,162,13770.0,8703.64
2026-04-22,P002,R002,C002,122,10370.0,6607.04
2026-04-22,P002,R002,C012,136,11560.0,6919.7
2026-04-22,P002,R003,C003,63,5355.0,3306.05
2026-04-22,P002,R003,C009,98,8330.0,5210.28
2026-04-22,P002,R004,C004,49,4165.0,2478.78
2026-04-22,P002,R004,C010,31,2635.0,1563.86
2026-04-22,P003,R001,C011,8,4960.0,3356.02
2026-04-22,P003,R001,C005,3,1860.0,1329.79
2026-04-22,P003,R001,C007,5,3100.0,2182.23
2026-04-22,P003,R001,C001,9,5580.0,4029.83
2026-04-22,P003,R002,C006,2,1240.0,819.75
2026-04-22,P003,R002,C008,2,1240.0,885.24
2026-04-22,P003,R002,C002,6,3720.0,2716.51
2026-04-22,P003,R002,C012,6,3720.0,2565.48
2026-04-22,P003,R003,C003,6,3720.0,2687.18
2026-04-22,P003,R003,C009,7,4340.0,3167.73
2026-04-22,P003,R004,C010,4,2480.0,1683.2
2026-04-22,P003,R004,C004,5,3100.0,2210.09
2026-04-22,P004,R001,C001,73,17520.0,11343.87
2026-04-22,P004,R001,C007,27,6480.0,4255.37
2026-04-22,P004,R002,C008,20,4800.0,3244.75
2026-04-22,P004,R002,C002,39,9360.0,6408.86
2026-04-22,P004,R003,C009,21,5040.0,3330.95
2026-04-22,P004,R003,C003,18,4320.0,2803.73
2026-04-22,P004,R004,C004,11,2640.0,1798.9
2026-04-22,P004,R004,C010,8,1920.0,1244.34
2026-04-22,P005,R001,C005,54,2430.0,1415.25
2026-04-22,P005,R001,C001,232,10440.0,5665.47
2026-04-22,P005,R002,C008,56,2520.0,1553.02
2026-04-22,P005,R002,C006,35,1575.0,866.51
2026-04-22,P005,R002,C012,97,4365.0,2418.58
2026-04-22,P005,R003,C003,46,2070.0,1176.33
2026-04-22,P005,R003,C009,73,3285.0,1917.86
2026-04-22,P005,R004,C010,24,1080.0,607.25
2026-04-22,P005,R004,C004,26,1170.0,696.9
2026-04-22,P006,R001,C001,138,16560.0,10095.24
2026-04-22,P006,R001,C007,43,5160.0,3191.91
2026-04-22,P006,R002,C002,50,6000.0,4030.94
2026-04-22,P006,R002,C012,46,5520.0,3365.51
2026-04-22,P006,R003,C003,37,4440.0,3014.95
2026-04-22,P006,R003,C009,53,6360.0,3911.05
2026-04-22,P006,R004,C010,10,1200.0,761.01
2026-04-22,P006,R004,C004,16,1920.0,1155.05
2026-04-23,P001,R001,C007,12,4560.0,2935.69
2026-04-23,P001,R001,C011,21,7980.0,5678.74
2026-04-23,P001,R001,C001,16,6080.0,4327.61
2026-04-23,P001,R002,C008,18,6840.0,4913.12
2026-04-23,P001,R002,C012,27,10260.0,7059.18
2026-04-23,P001,R003,C003,9,3420.0,2280.9
2026-04-23,P001,R003,C009,15,5700.0,4051.1
2026-04-23,P001,R004,C010,8,3040.0,2060.59
2026-04-23,P001,R004,C004,6,2280.0,1615.33
2026-04-23,P002,R001,C007,50,4250.0,2546.28
2026-04-23,P002,R001,C011,165,14025.0,8735.94
2026-04-23,P002,R001,C001,115,9775.0,5972.78
2026-04-23,P002,R001,C005,35,2975.0,1848.13
2026-04-23,P002,R002,C012,147,12495.0,8067.01
2026-04-23,P002,R002,C006,60,5100.0,3256.45
2026-04-23,P002,R003,C009,133,11305.0,7314.38
2026-04-23,P002,R003,C003,74,6290.0,3845.8
2026-04-23,P002,R004,C004,34,2890.0,1750.48
2026-04-23,P002,R004,C010,30,2550.0,1485.83
2026-04-23,P003,R001,C005,6,3720.0,2603.39
2026-04-23,P003,R001,C001,22,13640.0,9563.07
2026-04-23,P003,R002,C008,9,5580.0,4117.39
2026-04-23,P003,R002,C006,7,4340.0,2887.3
2026-04-23,P003,R003,C009,6,3720.0,2609.94
2026-04-23,P003,R003,C003,6,3720.0,2740.11
2026-04-23,P003,R004,C010,4,2480.0,1799.14
2026-04-23,P003,R004,C004,5,3100.0,2151.59
2026-04-23,P004,R001,C011,35,8400.0,5232.74
2026-04-23,P004,R001,C005,12,2880.0,1921.1
2026-04-23,P004,R001,C001,49,11760.0,7965.15
2026-04-23,P004,R002,C002,36,8640.0,5496.53
2026-04-23,P004,R002,C008,15,3600.0,2463.75
2026-04-23,P004,R002,C006,13,3120.0,1967.2
2026-04-23,P004,R003,C003,17,4080.0,2812.71
2026-04-23,P004,R003,C009,18,4320.0,2693.27
2026-04-23,P004,R004,C004,11,2640.0,1651.99
2026-04-23,P004,R004,C010,13,3120.0,2021.55
2026-04-23,P005,R001,C007,46,2070.0,1131.53
2026-04-23,P005,R001,C011,81,3645.0,1988.57
2026-04-23,P005,R001,C001,100,4500.0,2716.76
2026-04-23,P005,R001,C005,35,1575.0,913.91
2026-04-23,P005,R002,C008,49,2205.0,1261.97
2026-04-23,P005,R002,C002,61,2745.0,1523.89
2026-04-23,P005,R002,C006,30,1350.0,768.89
2026-04-23,P005,R003,C003,37,1665.0,919.2
2026-04-23,P005,R003,C009,70,3150.0,1896.76
2026-04-23,P005,R004,C010,35,1575.0,885.71
2026-04-23,P005,R004,C004,35,1575.0,971.3
2026-04-23,P006,R001,C011,63,7560.0,4694.62
2026-04-23,P006,R001,C001,46,5520.0,3393.14
2026-04-23,P006,R001,C007,26,3120.0,2093.67
2026-04-23,P006,R001,C005,21,2520.0,1679.16
2026-04-23,P006,R002,C012,30,3600.0,2443.32
2026-04-23,P006,R002,C002,23,2760.0,1683.13
2026-04-23,P006,R002,C008,13,1560.0,973.84
2026-04-23,P006,R003,C009,39,4680.0,3095.84
2026-04-23,P006,R003,C003,32,3840.0,2383.38
2026-04-23,P006,R004,C004,14,1680.0,1063.02
2026-04-23,P006,R004,C010,16,1920.0,1190.63
2026-04-24,P001,R001,C007,18,6840.0,4621.99
2026-04-24,P001,R001,C011,28,10640.0,7071.68
2026-04-24,P001,R002,C006,9,3420.0,2453.45
2026-04-24,P001,R002,C012,28,10640.0,7107.06
2026-04-24,P001,R002,C008,11,4180.0,2902.91
2026-04-24,P001,R003,C009,16,6080.0,4159.28
2026-04-24,P001,R003,C003,11,4180.0,2764.43
2026-04-24,P001,R004,C010,4,1520.0,1066.99
2026-04-24,P001,R004,C004,7,2660.0,1763.41
2026-04-24,P002,R001,C001,291,24735.0,14879.02
2026-04-24,P002,R001,C005,94,7990.0,4642.13
2026-04-24,P002,R002,C002,79,6715.0,4287.91
2026-04-24,P002,R002,C012,95,8075.0,4861.93
2026-04-24,P002,R002,C008,44,3740.0,2395.03
2026-04-24,P002,R003,C003,94,7990.0,4750.91
2026-04-24,P002,R003,C009,108,9180.0,5543.33
2026-04-24,P002,R004,C010,49,4165.0,2576.06
2026-04-24,P002,R004,C004,56,4760.0,2861.06
2026-04-24,P003,R001,C001,16,9920.0,6776.55
2026-04-24,P003,R001,C005,5,3100.0,2060.54
2026-04-24,P003,R002,C002,4,2480.0,1653.57
2026-04-24,P003,R002,C008,3,1860.0,1285.86
2026-04-24,P003,R002,C006,2,1240.0,837.97
2026-04-24,P003,R002,C012,6,3720.0,2719.65
2026-04-24,P003,R003,C003,5,3100.0,2127.52
2026-04-24,P003,R003,C009,9,5580.0,3856.36
2026-04-24,P003,R004,C004,5,3100.0,2266.62
2026-04-24,P003,R004,C010,4,2480.0,1729.58
2026-04-24,P004,R001,C007,32,7680.0,5092.65
2026-04-24,P004,R001,C005,17,4080.0,2491.19
2026-04-24,P004,R001,C001,57,13680.0,9238.47
2026-04-24,P004,R002,C002,34,8160.0,5174.05
2026-04-24,P004,R002,C012,24,5760.0,3580.46
2026-04-24,P004,R003,C003,14,3360.0,2245.28
2026-04-24,P004,R003,C009,18,4320.0,2885.83
2026-04-24,P004,R004,C010,10,2400.0,1650.7
2026-04-24,P004,R004,C004,9,2160.0,1393.65
2026-04-24,P005,R001,C011,112,5040.0,3054.92
2026-04-24,P005,R001,C005,57,2565.0,1401.28
2026-04-24,P005,R001,C007,72,3240.0,1923.84
2026-04-24,P005,R002,C012,75,3375.0,2069.9
2026-04-24,P005,R002,C006,21,945.0,519.8
2026-04-24,P005,R002,C002,68,3060.0,1723.83
2026-04-24,P005,R003,C009,59,2655.0,1475.35
2026-04-24,P005,R003,C003,45,2025.0,1111.26
2026-04-24,P005,R004,C004,35,1575.0,852.53
2026-04-24,P005,R004,C010,18,810.0,487.45
2026-04-24,P006,R001,C011,69,8280.0,5017.12
2026-04-24,P006,R001,C007,35,4200.0,2577.23
2026-04-24,P006,R001,C001,56,6720.0,4344.62
2026-04-24,P006,R002,C006,7,840.0,570.74
2026-04-24,P006,R002,C008,16,1920.0,1276.35
2026-04-24,P006,R002,C002,24,2880.0,1848.27
2026-04-24,P006,R002,C012,21,2520.0,1665.36
2026-04-24,P006,R003,C009,33,3960.0,2383.42
2026-04-24,P006,R003,C003,18,2160.0,1338.62
2026-04-24,P006,R004,C010,18,2160.0,1354.2
2026-04-24,P006,R004,C004,15,1800.0,1183.26
2026-04-25,P001,R001,C007,10,3800.0,2442.09
2026-04-25,P001,R001,C005,5,1900.0,1332.14
2026-04-25,P001,R001,C011,15,5700.0,3863.43
2026-04-25,P001,R002,C002,15,5700.0,4000.03
2026-04-25,P001,R002,C012,9,3420.0,2285.28
2026-04-25,P001,R003,C009,10,3800.0,2636.7
2026-04-25,P001,R003,C003,8,3040.0,2117.65
2026-04-25,P001,R004,C004,4,1520.0,987.82
2026-04-25,P001,R004,C010,3,1140.0,764.84
2026-04-25,P002,R001,C007,87,7395.0,4361.87
2026-04-25,P002,R001,C011,185,15725.0,9490.18
2026-04-25,P002,R002,C002,95,8075.0,5275.28
2026-04-25,P002,R002,C008,51,4335.0,2805.06
2026-04-25,P002,R003,C003,45,3825.0,2225.97
2026-04-25,P002,R003,C009,84,7140.0,4479.8
2026-04-25,P002,R004,C010,28,2380.0,1523.85
2026-04-25,P002,R004,C004,45,3825.0,2274.94
2026-04-25,P003,R001,C007,5,3100.0,2145.42
2026-04-25,P003,R001,C011,14,8680.0,5858.56
2026-04-25,P003,R002,C012,4,2480.0,1735.55
2026-04-25,P003,R002,C008,2,1240.0,867.49
2026-04-25,P003,R002,C006,1,620.0,458.59
2026-04-25,P003,R002,C002,4,2480.0,1724.08
2026-04-25,P003,R003,C003,3,1860.0,1253.01
2026-04-25,P003,R003,C009,5,3100.0,2199.52
2026-04-25,P003,R004,C010,2,1240.0,842.7
2026-04-25,P003,R004,C004,2,1240.0,820.73
2026-04-25,P004,R001,C011,25,6000.0,3901.84
2026-04-25,P004,R001,C005,8,1920.0,1270.69
2026-04-25,P004,R001,C001,30,7200.0,4729.32
2026-04-25,P004,R002,C008,10,2400.0,1491.77
2026-04-25,P004,R002,C002,34,8160.0,5026.62
2026-04-25,P004,R003,C009,14,3360.0,2223.09
2026-04-25,P004,R003,C003,9,2160.0,1420.81
2026-04-25,P004,R004,C010,7,1680.0,1062.97
2026-04-25,P004,R004,C004,7,1680.0,1150.64
2026-04-25,P005,R001,C007,51,2295.0,1369.71
2026-04-25,P005,R001,C011,125,5625.0,3146.94
2026-04-25,P005,R002,C006,18,810.0,475.36
2026-04-25,P005,R002,C008,25,1125.0,650.59
2026-04-25,P005,R002,C012,52,2340.0,1320.53
2026-04-25,P005,R002,C002,38,1710.0,1044.37
2026-04-25,P005,R003,C009,54,2430.0,1351.69
2026-04-25,P005,R003,C003,29,1305.0,764.69
2026-04-25,P005,R004,C010,21,945.0,569.01
2026-04-25,P005,R004,C004,27,1215.0,736.99
2026-04-25,P006,R001,C007,50,6000.0,3601.03
2026-04-25,P006,R001,C005,30,3600.0,2174.89
2026-04-25,P006,R002,C002,25,3000.0,1842.35
2026-04-25,P006,R002,C006,10,1200.0,789.95
2026-04-25,P006,R002,C012,32,3840.0,2526.27
2026-04-25,P006,R003,C003,20,2400.0,1510.63
2026-04-25,P006,R003,C009,24,2880.0,1945.7
2026-04-25,P006,R004,C010,8,960.0,635.01
2026-04-25,P006,R004,C004,17,2040.0,1268.89
2026-04-26,P001,R001,C005,8,3040.0,2044.01
2026-04-26,P001,R001,C011,22,8360.0,5642.06
2026-04-26,P001,R001,C001,16,6080.0,4352.44
2026-04-26,P001,R002,C012,9,3420.0,2423.71
2026-04-26,P001,R002,C006,3,1140.0,775.16
2026-04-26,P001,R002,C002,6,2280.0,1530.63
2026-04-26,P001,R002,C008,3,1140.0,799.01
2026-04-26,P001,R003,C009,12,4560.0,3265.91
2026-04-26,P001,R003,C003,5,1900.0,1330.17
2026-04-26,P001,R004,C004,5,1900.0,1354.9
2026-04-26,P001,R004,C010,3,1140.0,738.36
2026-04-26,P002,R001,C007,41,3485.0,2293.66
2026-04-26,P002,R001,C011,83,7055.0,4246.2
2026-04-26,P002,R001,C001,132,11220.0,6671.66
2026-04-26,P002,R002,C012,53,4505.0,2872.16
2026-04-26,P002,R002,C002,37,3145.0,2039.88
2026-04-26,P002,R002,C006,17,1445.0,868.52
2026-04-26,P002,R002,C008,33,2805.0,1678.28
2026-04-26,P002,R003,C003,70,5950.0,3671.57
2026-04-26,P002,R003,C009,94,7990.0,5078.32
2026-04-26,P002,R004,C004,42,3570.0,2266.66
2026-04-26,P002,R004,C010,27,2295.0,1336.0
2026-04-26,P003,R001,C005,4,2480.0,1651.83
2026-04-26,P003,R001,C007,7,4340.0,2939.59
2026-04-26,P003,R001,C001,10,6200.0,4126.12
2026-04-26,P003,R002,C006,2,1240.0,910.87
2026-04-26,P003,R002,C002,5,3100.0,2185.88
2026-04-26,P003,R002,C008,4,2480.0,1777.77
2026-04-26,P003,R003,C009,5,3100.0,2060.75
2026-04-26,P003,R003,C003,3,1860.0,1337.21
2026-04-26,P003,R004,C010,2,1240.0,892.73
2026-04-26,P003,R004,C004,2,1240.0,893.95
2026-04-26,P004,R001,C001,23,5520.0,3789.56
2026-04-26,P004,R001,C011,26,6240.0,4232.55
2026-04-26,P004,R001,C007,11,2640.0,1630.96
2026-04-26,P004,R001,C005,7,1680.0,1028.52
2026-04-26,P004,R002,C012,19,4560.0,2909.7
2026-04-26,P004,R002,C008,11,2640.0,1800.74
2026-04-26,P004,R002,C002,13,3120.0,1928.96
2026-04-26,P004,R003,C003,10,2400.0,1653.9
2026-04-26,P004,R003,C009,11,2640.0,1669.7
2026-04-26,P004,R004,C004,5,1200.0,755.91
2026-04-26,P004,R004,C010,7,1680.0,1032.81
2026-04-26,P005,R001,C005,34,1530.0,914.95
2026-04-26,P005,R001,C001,74,3330.0,2055.56
2026-04-26,P005,R001,C007,53,2385.0,1301.79
2026-04-26,P005,R002,C008,18,810.0,498.19
2026-04-26,P005,R002,C006,11,495.0,284.22
2026-04-26,P005,R002,C002,39,1755.0,954.29
2026-04-26,P005,R002,C012,47,2115.0,1294.53
2026-04-26,P005,R003,C009,62,2790.0,1566.35
2026-04-26,P005,R003,C003,31,1395.0,818.74
2026-04-26,P005,R004,C004,15,675.0,398.82
2026-04-26,P005,R004,C010,19,855.0,470.86
2026-04-26,P006,R001,C001,84,10080.0,6300.51
2026-04-26,P006,R001,C007,33,3960.0,2641.58
2026-04-26,P006,R002,C002,26,3120.0,2050.96
2026-04-26,P006,R002,C008,13,1560.0,944.66
2026-04-26,P006,R002,C006,9,1080.0,671.39
2026-04-26,P006,R002,C012,23,2760.0,1812.9
2026-04-26,P006,R003,C003,13,1560.0,1025.69
2026-04-26,P006,R003,C009,24,2880.0,1946.62
2026-04-26,P006,R004,C010,11,1320.0,832.41
2026-04-26,P006,R004,C004,10,1200.0,786.54
2026-04-27,P001,R001,C001,21,7980.0,5507.11
2026-04-27,P001,R001,C011,19,7220.0,4671.54
2026-04-27,P001,R001,C007,8,3040.0,2091.32
2026-04-27,P001,R001,C005,7,2660.0,1875.38
2026-04-27,P001,R002,C006,4,1520.0,976.53
2026-04-27,P001,R002,C012,14,5320.0,3758.56
2026-04-27,P001,R002,C008,6,2280.0,1567.42
2026-04-27,P001,R002,C002,16,6080.0,4082.0
2026-04-27,P001,R003,C009,17,6460.0,4330.4
2026-04-27,P001,R003,C003,7,2660.0,1708.77
2026-04-27,P001,R004,C004,7,2660.0,1704.48
2026-04-27,P001,R004,C010,6,2280.0,1535.89
2026-04-27,P002,R001,C011,197,16745.0,10924.38
2026-04-27,P002,R001,C005,79,6715.0,3931.03
2026-04-27,P002,R001,C007,89,7565.0,4399.64
2026-04-27,P002,R002,C012,126,10710.0,6245.03
2026-04-27,P002,R002,C006,42,3570.0,2082.02
2026-04-27,P002,R002,C002,105,8925.0,5276.06
2026-04-27,P002,R003,C009,138,11730.0,7363.49
2026-04-27,P002,R003,C003,97,8245.0,4985.57
2026-04-27,P002,R004,C010,26,2210.0,1297.32
2026-04-27,P002,R004,C004,39,3315.0,2113.82
2026-04-27,P003,R001,C007,8,4960.0,3380.41
2026-04-27,P003,R001,C001,11,6820.0,4697.18
2026-04-27,P003,R001,C005,3,1860.0,1305.12
2026-04-27,P003,R002,C002,13,8060.0,5468.39
2026-04-27,P003,R002,C008,6,3720.0,2468.47
2026-04-27,P003,R003,C009,10,6200.0,4490.04
2026-04-27,P003,R003,C003,6,3720.0,2506.32
2026-04-27,P003,R004,C010,4,2480.0,1814.09
2026-04-27,P003,R004,C004,3,1860.0,1365.16
2026-04-27,P004,R001,C001,24,5760.0,3878.84
2026-04-27,P004,R001,C005,13,3120.0,2131.52
2026-04-27,P004,R001,C011,29,6960.0,4434.05
2026-04-27,P004,R001,C007,16,3840.0,2488.15
2026-04-27,P004,R002,C006,14,3360.0,2311.11
2026-04-27,P004,R002,C002,60,14400.0,9025.91
2026-04-27,P004,R003,C009,21,5040.0,3422.81
2026-04-27,P004,R003,C003,17,4080.0,2499.71
2026-04-27,P004,R004,C004,10,2400.0,1553.92
2026-04-27,P004,R004,C010,8,1920.0,1208.48
2026-04-27,P005,R001,C005,38,1710.0,1011.16
2026-04-27,P005,R001,C007,44,1980.0,1101.44
2026-04-27,P005,R001,C001,149,6705.0,4107.1
2026-04-27,P005,R002,C006,35,1575.0,872.52
2026-04-27,P005,R002,C008,44,1980.0,1114.95
2026-04-27,P005,R002,C012,94,4230.0,2446.12
2026-04-27,P005,R003,C003,39,1755.0,1053.28
2026-04-27,P005,R003,C009,53,2385.0,1413.68
2026-04-27,P005,R004,C004,22,990.0,548.84
2026-04-27,P005,R004,C010,25,1125.0,680.9
2026-04-27,P006,R001,C001,39,4680.0,3069.67
2026-04-27,P006,R001,C005,17,2040.0,1363.21
2026-04-27,P006,R001,C011,51,6120.0,4066.56
2026-04-27,P006,R002,C008,22,2640.0,1753.6
2026-04-27,P006,R002,C012,63,7560.0,4975.39
2026-04-27,P006,R002,C006,19,2280.0,1503.04
2026-04-27,P006,R003,C009,39,4680.0,2993.28
2026-04-27,P006,R003,C003,18,2160.0,1306.94
2026-04-27,P006,R004,C010,20,2400.0,1532.83
2026-04-27,P006,R004,C004,20,2400.0,1609.44
2026-04-28,P001,R001,C001,21,7980.0,5530.89
2026-04-28,P001,R001,C011,15,5700.0,3815.01
2026-04-28,P001,R001,C005,5,1900.0,1281.05
2026-04-28,P001,R001,C007,7,2660.0,1847.57
2026-04-28,P001,R002,C002,25,9500.0,6753.91
2026-04-28,P001,R002,C008,9,3420.0,2212.66
2026-04-28,P001,R002,C006,10,3800.0,2665.66
2026-04-28,P001,R003,C003,11,4180.0,2880.95
2026-04-28,P001,R003,C009,13,4940.0,3499.79
2026-04-28,P001,R004,C004,5,1900.0,1240.41
2026-04-28,P001,R004,C010,7,2660.0,1717.3
2026-04-28,P002,R001,C001,283,24055.0,15363.75
2026-04-28,P002,R001,C007,101,8585.0,5174.76
2026-04-28,P002,R002,C002,102,8670.0,5289.91
2026-04-28,P002,R002,C012,119,10115.0,6421.04
2026-04-28,P002,R002,C008,41,3485.0,2151.28
2026-04-28,P002,R003,C009,121,10285.0,6676.39
2026-04-28,P002,R003,C003,60,5100.0,3083.6
2026-04-28,P002,R004,C004,40,3400.0,2227.01
2026-04-28,P002,R004,C010,42,3570.0,2167.7
2026-04-28,P003,R001,C011,24,14880.0,10606.11
2026-04-28,P003,R001,C005,6,3720.0,2658.85
2026-04-28,P003,R001,C007,12,7440.0,5446.47
2026-04-28,P003,R002,C006,2,1240.0,858.73
2026-04-28,P003,R002,C008,5,3100.0,2049.95
2026-04-28,P003,R002,C012,9,5580.0,3977.56
2026-04-28,P003,R002,C002,10,6200.0,4122.22
2026-04-28,P003,R003,C003,5,3100.0,2069.58
2026-04-28,P003,R003,C009,9,5580.0,3968.39
2026-04-28,P003,R004,C010,3,1860.0,1350.84
2026-04-28,P003,R004,C004,4,2480.0,1783.77
2026-04-28,P004,R001,C007,21,5040.0,3309.52
2026-04-28,P004,R001,C005,16,3840.0,2508.99
2026-04-28,P004,R001,C001,45,10800.0,7182.52
2026-04-28,P004,R002,C006,10,2400.0,1569.83
2026-04-28,P004,R002,C002,37,8880.0,5435.25
2026-04-28,P004,R003,C003,17,4080.0,2666.74
2026-04-28,P004,R003,C009,24,5760.0,3881.08
2026-04-28,P004,R004,C010,9,2160.0,1339.17
2026-04-28,P004,R004,C004,11,2640.0,1623.42
2026-04-28,P005,R001,C011,115,5175.0,3142.05
2026-04-28,P005,R001,C007,41,1845.0,1042.42
2026-04-28,P005,R001,C005,35,1575.0,911.71
2026-04-28,P005,R002,C012,74,3330.0,1811.17
2026-04-28,P005,R002,C002,61,2745.0,1690.12
2026-04-28,P005,R003,C009,64,2880.0,1755.7
2026-04-28,P005,R003,C003,48,2160.0,1276.29
2026-04-28,P005,R004,C004,25,1125.0,686.1
2026-04-28,P005,R004,C010,26,1170.0,632.62
2026-04-28,P006,R001,C011,57,6840.0,4614.83
2026-04-28,P006,R001,C005,23,2760.0,1763.27
2026-04-28,P006,R001,C001,42,5040.0,3288.69
2026-04-28,P006,R002,C002,27,3240.0,2130.88
2026-04-28,P006,R002,C008,13,1560.0,1008.96
2026-04-28,P006,R002,C012,22,2640.0,1675.13
2026-04-28,P006,R002,C006,11,1320.0,802.74
2026-04-28,P006,R003,C003,24,2880.0,1818.73
2026-04-28,P006,R003,C009,43,5160.0,3189.56
2026-04-28,P006,R004,C010,15,1800.0,1196.74
2026-04-28,P006,R004,C004,19,2280.0,1438.52
2026-04-29,P001,R001,C001,37,14060.0,10084.66
2026-04-29,P001,R001,C005,13,4940.0,3202.21
2026-04-29,P001,R002,C012,25,9500.0,6483.98
2026-04-29,P001,R002,C008,12,4560.0,3139.52
2026-04-29,P001,R003,C009,20,7600.0,4966.99
2026-04-29,P001,R003,C003,14,5320.0,3800.08
2026-04-29,P001,R004,C010,6,2280.0,1616.76
2026-04-29,P001,R004,C004,7,2660.0,1738.79
2026-04-29,P002,R001,C011,179,15215.0,9932.46
2026-04-29,P002,R001,C007,96,8160.0,5263.76
2026-04-29,P002,R001,C005,50,4250.0,2595.41
2026-04-29,P002,R001,C001,195,16575.0,10665.12
2026-04-29,P002,R002,C006,25,2125.0,1282.41
2026-04-29,P002,R002,C012,108,9180.0,5665.5
2026-04-29,P002,R002,C002,110,9350.0,5952.42
2026-04-29,P002,R002,C008,58,4930.0,2896.79
2026-04-29,P002,R003,C009,122,10370.0,6342.88
2026-04-29,P002,R003,C003,91,7735.0,5102.55
2026-04-29,P002,R004,C010,37,3145.0,1889.9
2026-04-29,P002,R004,C004,52,4420.0,2653.65
2026-04-29,P003,R001,C011,14,8680.0,5925.97
2026-04-29,P003,R001,C005,5,3100.0,2146.07
2026-04-29,P003,R001,C001,13,8060.0,5713.0
2026-04-29,P003,R001,C007,7,4340.0,2882.51
2026-04-29,P003,R002,C006,3,1860.0,1296.92
2026-04-29,P003,R002,C008,4,2480.0,1657.37
2026-04-29,P003,R002,C012,7,4340.0,3120.19
2026-04-29,P003,R002,C002,7,4340.0,2944.76
2026-04-29,P003,R003,C009,8,4960.0,3629.63
2026-04-29,P003,R003,C003,5,3100.0,2188.05
2026-04-29,P003,R004,C004,3,1860.0,1303.02
2026-04-29,P003,R004,C010,3,1860.0,1347.71
2026-04-29,P004,R001,C011,46,11040.0,7033.48
2026-04-29,P004,R001,C007,16,3840.0,2503.4
2026-04-29,P004,R001,C005,16,3840.0,2566.25
2026-04-29,P004,R002,C012,19,4560.0,2813.83
2026-04-29,P004,R002,C008,9,2160.0,1365.66
2026-04-29,P004,R002,C006,5,1200.0,809.46
2026-04-29,P004,R002,C002,15,3600.0,2479.47
2026-04-29,P004,R003,C003,13,3120.0,1910.32
2026-04-29,P004,R003,C009,25,6000.0,3871.85
2026-04-29,P004,R004,C010,10,2400.0,1617.61
2026-04-29,P004,R004,C004,9,2160.0,1384.05
2026-04-29,P005,R001,C005,22,990.0,557.62
2026-04-29,P005,R001,C011,75,3375.0,1904.87
2026-04-29,P005,R001,C007,34,1530.0,866.01
2026-04-29,P005,R001,C001,85,3825.0,2067.03
2026-04-29,P005,R002,C006,28,1260.0,725.92
2026-04-29,P005,R002,C012,87,3915.0,2149.45
2026-04-29,P005,R003,C003,56,2520.0,1433.5
2026-04-29,P005,R003,C009,80,3600.0,1974.43
2026-04-29,P005,R004,C004,43,1935.0,1168.8
2026-04-29,P005,R004,C010,29,1305.0,791.67
2026-04-29,P006,R001,C007,46,5520.0,3684.33
2026-04-29,P006,R001,C001,124,14880.0,9518.05
2026-04-29,P006,R002,C012,50,6000.0,3807.21
2026-04-29,P006,R002,C002,62,7440.0,4953.95
2026-04-29,P006,R003,C009,40,4800.0,3022.35
2026-04-29,P006,R003,C003,20,2400.0,1586.65
2026-04-29,P006,R004,C010,19,2280.0,1444.78
2026-04-29,P006,R004,C004,16,1920.0,1280.4
2026-04-30,P001,R001,C005,7,2660.0,1777.93
2026-04-30,P001,R001,C007,7,2660.0,1795.93
2026-04-30,P001,R001,C011,22,8360.0,5735.65
2026-04-30,P001,R001,C001,15,5700.0,3730.1
2026-04-30,P001,R002,C008,15,5700.0,4038.38
2026-04-30,P001,R002,C002,24,9120.0,6219.06
2026-04-30,P001,R002,C006,10,3800.0,2635.19
2026-04-30,P001,R003,C009,11,4180.0,2682.26
2026-04-30,P001,R003,C003,10,3800.0,2556.78
2026-04-30,P001,R004,C004,6,2280.0,1561.01
2026-04-30,P001,R004,C010,5,1900.0,1231.16
2026-04-30,P002,R001,C001,91,7735.0,4517.94
2026-04-30,P002,R001,C011,100,8500.0,5183.69
2026-04-30,P002,R001,C007,55,4675.0,3048.09
2026-04-30,P002,R001,C005,43,3655.0,2322.84
2026-04-30,P002,R002,C008,84,7140.0,4644.5
2026-04-30,P002,R002,C012,172,14620.0,9248.07
2026-04-30,P002,R003,C009,83,7055.0,4404.79
2026-04-30,P002,R003,C003,80,6800.0,4406.95
2026-04-30,P002,R004,C010,44,3740.0,2465.31
2026-04-30,P002,R004,C004,50,4250.0,2508.03
2026-04-30,P003,R001,C011,17,10540.0,7423.17
2026-04-30,P003,R001,C005,6,3720.0,2591.18
2026-04-30,P003,R002,C008,5,3100.0,2177.1
2026-04-30,P003,R002,C012,8,4960.0,3412.35
2026-04-30,P003,R002,C006,3,1860.0,1285.95
2026-04-30,P003,R002,C002,10,6200.0,4170.63
2026-04-30,P003,R003,C003,4,2480.0,1695.07
2026-04-30,P003,R003,C009,5,3100.0,2279.82
2026-04-30,P003,R004,C004,2,1240.0,899.85
2026-04-30,P003,R004,C010,2,1240.0,891.13
2026-04-30,P004,R001,C005,25,6000.0,4022.87
2026-04-30,P004,R001,C011,67,16080.0,10235.36
2026-04-30,P004,R002,C008,15,3600.0,2237.2
2026-04-30,P004,R002,C012,35,8400.0,5125.57
2026-04-30,P004,R003,C009,27,6480.0,4072.98
2026-04-30,P004,R003,C003,21,5040.0,3331.42
2026-04-30,P004,R004,C010,10,2400.0,1508.07
2026-04-30,P004,R004,C004,12,2880.0,1882.09
2026-04-30,P005,R001,C001,144,6480.0,3631.57
2026-04-30,P005,R001,C007,93,4185.0,2547.28
2026-04-30,P005,R002,C012,74,3330.0,1847.42
2026-04-30,P005,R002,C006,29,1305.0,725.16
2026-04-30,P005,R002,C002,75,3375.0,1911.82
2026-04-30,P005,R003,C003,44,1980.0,1175.08
2026-04-30,P005,R003,C009,89,4005.0,2458.22
2026-04-30,P005,R004,C010,20,900.0,529.01
2026-04-30,P005,R004,C004,40,1800.0,1037.79
2026-04-30,P006,R001,C005,26,3120.0,1892.41
2026-04-30,P006,R001,C001,69,8280.0,5182.21
2026-04-30,P006,R001,C007,56,6720.0,4140.79
2026-04-30,P006,R002,C012,40,4800.0,2941.62
2026-04-30,P006,R002,C008,17,2040.0,1329.64
2026-04-30,P006,R002,C002,38,4560.0,2960.95
2026-04-30,P006,R002,C006,9,1080.0,727.53
2026-04-30,P006,R003,C003,25,3000.0,1955.59
2026-04-30,P006,R003,C009,48,5760.0,3678.59
2026-04-30,P006,R004,C004,14,1680.0,1045.02
2026-04-30,P006,R004,C010,18,2160.0,1458.37
2026-05-01,P001,R001,C001,32,12160.0,8453.4
2026-05-01,P001,R001,C005,8,3040.0,2130.74
2026-05-01,P001,R001,C007,18,6840.0,4842.17
2026-05-01,P001,R002,C008,8,3040.0,2040.89
2026-05-01,P001,R002,C006,6,2280.0,1553.39
2026-05-01,P001,R002,C012,18,6840.0,4748.77
2026-05-01,P001,R002,C002,15,5700.0,3711.52
2026-05-01,P001,R003,C003,12,4560.0,2975.58
2026-05-01,P001,R003,C009,17,6460.0,4368.31
2026-05-01,P001,R004,C004,11,4180.0,2699.09
2026-05-01,P001,R004,C010,7,2660.0,1765.86
2026-05-01,P002,R001,C007,106,9010.0,5931.85
2026-05-01,P002,R001,C001,147,12495.0,7411.11
2026-05-01,P002,R001,C005,74,6290.0,4009.0
2026-05-01,P002,R002,C006,54,4590.0,2670.45
2026-05-01,P002,R002,C008,69,5865.0,3442.75
2026-05-01,P002,R002,C012,116,9860.0,6369.26
2026-05-01,P002,R003,C003,75,6375.0,4140.25
2026-05-01,P002,R003,C009,79,6715.0,4312.07
2026-05-01,P002,R004,C010,48,4080.0,2653.23
2026-05-01,P002,R004,C004,42,3570.0,2309.28
2026-05-01,P003,R001,C005,4,2480.0,1813.08
2026-05-01,P003,R001,C011,10,6200.0,4501.08
2026-05-01,P003,R001,C007,8,4960.0,3520.92
2026-05-01,P003,R002,C012,11,6820.0,5033.03
2026-05-01,P003,R002,C006,4,2480.0,1657.46
2026-05-01,P003,R002,C002,8,4960.0,3444.39
2026-05-01,P003,R003,C003,6,3720.0,2471.86
2026-05-01,P003,R003,C009,10,6200.0,4492.97
2026-05-01,P003,R004,C010,3,1860.0,1349.51
2026-05-01,P003,R004,C004,5,3100.0,2209.18
2026-05-01,P004,R001,C001,67,16080.0,10309.92
2026-05-01,P004,R001,C005,18,4320.0,2676.13
2026-05-01,P004,R001,C007,29,6960.0,4319.04
2026-05-01,P004,R002,C002,26,6240.0,4227.95
2026-05-01,P004,R002,C008,15,3600.0,2386.93
2026-05-01,P004,R002,C012,25,6000.0,3948.47
2026-05-01,P004,R003,C009,29,6960.0,4272.25
2026-05-01,P004,R003,C003,14,3360.0,2306.91
2026-05-01,P004,R004,C010,9,2160.0,1371.01
2026-05-01,P004,R004,C004,11,2640.0,1774.0
2026-05-01,P005,R001,C007,64,2880.0,1561.68
2026-05-01,P005,R001,C001,135,6075.0,3664.67
2026-05-01,P005,R001,C005,39,1755.0,1072.92
2026-05-01,P005,R002,C008,28,1260.0,708.87
2026-05-01,P005,R002,C002,64,2880.0,1718.91
2026-05-01,P005,R002,C012,94,4230.0,2358.93
2026-05-01,P005,R003,C009,65,2925.0,1629.69
2026-05-01,P005,R003,C003,55,2475.0,1509.31
2026-05-01,P005,R004,C010,20,900.0,530.91
2026-05-01,P005,R004,C004,23,1035.0,639.43
2026-05-01,P006,R001,C005,39,4680.0,2872.17
2026-05-01,P006,R001,C001,129,15480.0,9701.66
2026-05-01,P006,R002,C012,73,8760.0,5647.25
2026-05-01,P006,R002,C006,26,3120.0,1987.93
2026-05-01,P006,R003,C003,24,2880.0,1953.18
2026-05-01,P006,R003,C009,37,4440.0,2989.87
2026-05-01,P006,R004,C004,16,1920.0,1225.2
2026-05-01,P006,R004,C010,12,1440.0,908.65
2026-05-02,P001,R001,C007,9,3420.0,2230.42
2026-05-02,P001,R001,C001,16,6080.0,3913.57
2026-05-02,P001,R001,C011,12,4560.0,2962.06
2026-05-02,P001,R001,C005,5,1900.0,1276.6
2026-05-02,P001,R002,C002,8,3040.0,2053.21
2026-05-02,P001,R002,C006,3,1140.0,751.92
2026-05-02,P001,R002,C012,9,3420.0,2200.33
2026-05-02,P001,R002,C008,3,1140.0,783.13
2026-05-02,P001,R003,C003,9,3420.0,2267.9
2026-05-02,P001,R003,C009,12,4560.0,2919.2
2026-05-02,P001,R004,C004,5,1900.0,1283.98
2026-05-02,P001,R004,C010,5,1900.0,1352.54
2026-05-02,P002,R001,C007,132,11220.0,6858.25
2026-05-02,P002,R001,C005,122,10370.0,6515.65
2026-05-02,P002,R002,C008,41,3485.0,2218.41
2026-05-02,P002,R002,C002,105,8925.0,5508.62
2026-05-02,P002,R002,C006,40,3400.0,1996.96
2026-05-02,P002,R003,C003,43,3655.0,2285.85
2026-05-02,P002,R003,C009,71,6035.0,3537.4
2026-05-02,P002,R004,C010,18,1530.0,924.39
2026-05-02,P002,R004,C004,27,2295.0,1420.98
2026-05-02,P003,R001,C011,8,4960.0,3398.44
2026-05-02,P003,R001,C001,9,5580.0,4085.03
2026-05-02,P003,R001,C005,2,1240.0,886.62
2026-05-02,P003,R002,C008,2,1240.0,893.42
2026-05-02,P003,R002,C012,5,3100.0,2093.13
2026-05-02,P003,R002,C002,5,3100.0,2120.86
2026-05-02,P003,R003,C003,2,1240.0,839.97
2026-05-02,P003,R003,C009,5,3100.0,2269.72
2026-05-02,P003,R004,C004,3,1860.0,1259.71
2026-05-02,P003,R004,C010,2,1240.0,887.39
2026-05-02,P004,R001,C011,30,7200.0,4705.62
2026-05-02,P004,R001,C001,23,5520.0,3629.93
2026-05-02,P004,R001,C007,15,3600.0,2335.97
2026-05-02,P004,R002,C002,9,2160.0,1392.63
2026-05-02,P004,R002,C008,8,1920.0,1240.81
2026-05-02,P004,R002,C012,13,3120.0,2075.74
2026-05-02,P004,R003,C003,10,2400.0,1583.08
2026-05-02,P004,R003,C009,14,3360.0,2280.02
2026-05-02,P004,R004,C004,6,1440.0,932.48
2026-05-02,P004,R004,C010,6,1440.0,947.08
2026-05-02,P005,R001,C001,50,2250.0,1255.0
2026-05-02,P005,R001,C007,26,1170.0,689.05
2026-05-02,P005,R001,C005,20,900.0,556.32
2026-05-02,P005,R001,C011,67,3015.0,1855.8
2026-05-02,P005,R002,C012,74,3330.0,2048.27
2026-05-02,P005,R002,C006,23,1035.0,591.23
2026-05-02,P005,R003,C003,26,1170.0,650.42
2026-05-02,P005,R003,C009,28,1260.0,682.43
2026-05-02,P005,R004,C004,13,585.0,328.83
2026-05-02,P005,R004,C010,16,720.0,395.55
2026-05-02,P006,R001,C007,34,4080.0,2608.83
2026-05-02,P006,R001,C005,22,2640.0,1670.3
2026-05-02,P006,R001,C011,73,8760.0,5653.44
2026-05-02,P006,R002,C008,18,2160.0,1364.1
2026-05-02,P006,R002,C012,26,3120.0,1978.48
2026-05-02,P006,R002,C002,26,3120.0,1962.14
2026-05-02,P006,R003,C009,19,2280.0,1368.58
2026-05-02,P006,R003,C003,10,1200.0,806.81
2026-05-02,P006,R004,C010,7,840.0,534.13
2026-05-02,P006,R004,C004,10,1200.0,807.54
2026-05-03,P001,R001,C011,16,6080.0,4240.74
2026-05-03,P001,R001,C007,6,2280.0,1511.52
2026-05-03,P001,R001,C001,11,4180.0,2970.18
2026-05-03,P001,R002,C006,7,2660.0,1887.65
2026-05-03,P001,R002,C002,18,6840.0,4735.91
2026-05-03,P001,R003,C009,11,4180.0,2932.97
2026-05-03,P001,R003,C003,4,1520.0,1059.32
2026-05-03,P001,R004,C010,5,1900.0,1298.06
2026-05-03,P001,R004,C004,4,1520.0,1039.01
2026-05-03,P002,R001,C007,68,5780.0,3653.23
2026-05-03,P002,R001,C001,151,12835.0,8332.54
2026-05-03,P002,R001,C005,47,3995.0,2572.84
2026-05-03,P002,R002,C012,36,3060.0,1981.95
2026-05-03,P002,R002,C008,32,2720.0,1779.32
2026-05-03,P002,R002,C002,47,3995.0,2415.26
2026-05-03,P002,R002,C006,15,1275.0,838.81
2026-05-03,P002,R003,C003,43,3655.0,2396.22
2026-05-03,P002,R003,C009,94,7990.0,5130.23
2026-05-03,P002,R004,C010,25,2125.0,1266.57
2026-05-03,P002,R004,C004,33,2805.0,1779.57
2026-05-03,P003,R001,C001,16,9920.0,6595.8
2026-05-03,P003,R001,C005,4,2480.0,1765.88
2026-05-03,P003,R002,C006,2,1240.0,902.54
2026-05-03,P003,R002,C008,4,2480.0,1701.82
2026-05-03,P003,R002,C012,5,3100.0,2238.38
2026-05-03,P003,R003,C003,2,1240.0,841.6
2026-05-03,P003,R003,C009,5,3100.0,2212.4
2026-05-03,P003,R004,C004,2,1240.0,900.53
2026-05-03,P003,R004,C010,2,1240.0,873.53
2026-05-03,P004,R001,C005,6,1440.0,993.23
2026-05-03,P004,R001,C011,27,6480.0,4268.22
2026-05-03,P004,R001,C007,10,2400.0,1553.21
2026-05-03,P004,R002,C006,5,1200.0,786.04
2026-05-03,P004,R002,C012,10,2400.0,1581.34
2026-05-03,P004,R002,C002,13,3120.0,2140.93
2026-05-03,P004,R002,C008,5,1200.0,785.89
2026-05-03,P004,R003,C003,10,2400.0,1473.93
2026-05-03,P004,R003,C009,14,3360.0,2275.12
2026-05-03,P004,R004,C004,7,1680.0,1100.07
2026-05-03,P004,R004,C010,7,1680.0,1139.61
2026-05-03,P005,R001,C007,45,2025.0,1235.32
2026-05-03,P005,R001,C005,26,1170.0,638.96
2026-05-03,P005,R001,C001,80,3600.0,2087.23
2026-05-03,P005,R002,C012,41,1845.0,1132.79
2026-05-03,P005,R002,C006,19,855.0,513.66
2026-05-03,P005,R002,C002,41,1845.0,1104.76
2026-05-03,P005,R003,C009,31,1395.0,762.5
2026-05-03,P005,R003,C003,19,855.0,474.94
2026-05-03,P005,R004,C010,16,720.0,408.55
2026-05-03,P005,R004,C004,22,990.0,581.5
2026-05-03,P006,R001,C001,45,5400.0,3545.84
2026-05-03,P006,R001,C005,19,2280.0,1432.65
2026-05-03,P006,R001,C011,56,6720.0,4067.41
2026-05-03,P006,R002,C006,7,840.0,527.61
2026-05-03,P006,R002,C012,23,2760.0,1803.5
2026-05-03,P006,R002,C008,8,960.0,599.91
2026-05-03,P006,R002,C002,28,3360.0,2029.18
2026-05-03,P006,R003,C009,21,2520.0,1646.01
2026-05-03,P006,R003,C003,21,2520.0,1694.54
2026-05-03,P006,R004,C010,12,1440.0,964.19
2026-05-03,P006,R004,C004,13,1560.0,1057.23
2026-05-04,P001,R001,C011,20,7600.0,4983.68
2026-05-04,P001,R001,C007,16,6080.0,4095.89
2026-05-04,P001,R001,C005,6,2280.0,1553.46
2026-05-04,P001,R002,C008,7,2660.0,1815.98
2026-05-04,P001,R002,C006,4,1520.0,986.92
2026-05-04,P001,R002,C012,11,4180.0,2828.13
2026-05-04,P001,R002,C002,16,6080.0,4231.27
2026-05-04,P001,R003,C009,13,4940.0,3165.17
2026-05-04,P001,R003,C003,11,4180.0,2690.32
2026-05-04,P001,R004,C010,7,2660.0,1864.98
2026-05-04,P001,R004,C004,10,3800.0,2705.16
2026-05-04,P002,R001,C007,59,5015.0,2988.19
2026-05-04,P002,R001,C011,150,12750.0,8407.75
2026-05-04,P002,R001,C001,147,12495.0,7985.83
2026-05-04,P002,R001,C005,43,3655.0,2263.84
2026-05-04,P002,R002,C002,116,9860.0,6391.55
2026-05-04,P002,R002,C008,55,4675.0,2796.08
2026-05-04,P002,R003,C003,102,8670.0,5280.09
2026-05-04,P002,R003,C009,146,12410.0,7958.13
2026-05-04,P002,R004,C010,52,4420.0,2569.61
2026-05-04,P002,R004,C004,46,3910.0,2505.54
2026-05-04,P003,R001,C005,8,4960.0,3669.45
2026-05-04,P003,R001,C011,25,15500.0,11198.24
2026-05-04,P003,R002,C012,7,4340.0,3030.66
2026-05-04,P003,R002,C002,6,3720.0,2589.36
2026-05-04,P003,R002,C006,2,1240.0,857.36
2026-05-04,P003,R002,C008,3,1860.0,1336.64
2026-05-04,P003,R003,C003,5,3100.0,2093.99
2026-05-04,P003,R003,C009,9,5580.0,4022.64
2026-05-04,P003,R004,C004,4,2480.0,1648.45
2026-05-04,P003,R004,C010,3,1860.0,1364.04
2026-05-04,P004,R001,C011,43,10320.0,6336.07
2026-05-04,P004,R001,C007,15,3600.0,2253.43
2026-05-04,P004,R001,C005,11,2640.0,1789.54
2026-05-04,P004,R002,C006,13,3120.0,2048.3
2026-05-04,P004,R002,C002,45,10800.0,7378.25
2026-05-04,P004,R002,C008,17,4080.0,2498.49
2026-05-04,P004,R003,C009,20,4800.0,3088.77
2026-05-04,P004,R003,C003,15,3600.0,2469.09
2026-05-04,P004,R004,C010,9,2160.0,1488.65
2026-05-04,P004,R004,C004,6,1440.0,937.25
2026-05-04,P005,R001,C007,80,3600.0,1969.03
2026-05-04,P005,R001,C001,165,7425.0,4236.86
2026-05-04,P005,R002,C008,24,1080.0,609.53
2026-05-04,P005,R002,C006,14,630.0,346.18
2026-05-04,P005,R002,C012,45,2025.0,1094.38
2026-05-04,P005,R002,C002,66,2970.0,1801.29
2026-05-04,P005,R003,C003,65,2925.0,1584.05
2026-05-04,P005,R003,C009,91,4095.0,2377.75
2026-05-04,P005,R004,C010,20,900.0,515.59
2026-05-04,P005,R004,C004,25,1125.0,638.91
2026-05-04,P006,R001,C011,61,7320.0,4438.19
2026-05-04,P006,R001,C007,35,4200.0,2572.8
2026-05-04,P006,R001,C001,46,5520.0,3461.54
2026-05-04,P006,R002,C002,21,2520.0,1573.15
2026-05-04,P006,R002,C008,13,1560.0,1049.97
2026-05-04,P006,R002,C006,12,1440.0,911.83
2026-05-04,P006,R002,C012,34,4080.0,2726.75
2026-05-04,P006,R003,C009,51,6120.0,3934.65
2026-05-04,P006,R003,C003,29,3480.0,2175.29
2026-05-04,P006,R004,C010,16,1920.0,1239.63
2026-05-04,P006,R004,C004,16,1920.0,1248.95
2026-05-05,P001,R001,C001,14,5320.0,3599.18
2026-05-05,P001,R001,C007,12,4560.0,3084.13
2026-05-05,P001,R001,C005,6,2280.0,1621.27
2026-05-05,P001,R001,C011,17,6460.0,4402.26
2026-05-05,P001,R002,C008,15,5700.0,3723.81
2026-05-05,P001,R002,C012,19,7220.0,4675.31
2026-05-05,P001,R003,C009,15,5700.0,3961.52
2026-05-05,P001,R003,C003,10,3800.0,2712.66
2026-05-05,P001,R004,C010,9,3420.0,2299.85
2026-05-05,P001,R004,C004,11,4180.0,2712.89
2026-05-05,P002,R001,C011,240,20400.0,12194.29
2026-05-05,P002,R001,C007,124,10540.0,6588.68
2026-05-05,P002,R002,C012,64,5440.0,3518.12
2026-05-05,P002,R002,C002,93,7905.0,4613.36
2026-05-05,P002,R002,C006,22,1870.0,1121.99
2026-05-05,P002,R002,C008,46,3910.0,2380.67
2026-05-05,P002,R003,C009,76,6460.0,4059.34
2026-05-05,P002,R003,C003,57,4845.0,3043.9
2026-05-05,P002,R004,C004,48,4080.0,2541.72
2026-05-05,P002,R004,C010,56,4760.0,2997.36
2026-05-05,P003,R001,C007,6,3720.0,2532.25
2026-05-05,P003,R001,C001,9,5580.0,4034.15
2026-05-05,P003,R001,C011,10,6200.0,4159.91
2026-05-05,P003,R001,C005,4,2480.0,1825.07
2026-05-05,P003,R002,C012,9,5580.0,3989.2
2026-05-05,P003,R002,C002,11,6820.0,4623.69
2026-05-05,P003,R002,C008,4,2480.0,1690.64
2026-05-05,P003,R003,C003,5,3100.0,2101.47
2026-05-05,P003,R003,C009,12,7440.0,5044.33
2026-05-05,P003,R004,C004,5,3100.0,2160.2
2026-05-05,P003,R004,C010,3,1860.0,1297.91
2026-05-05,P004,R001,C007,25,6000.0,4103.28
2026-05-05,P004,R001,C011,53,12720.0,8174.04
2026-05-05,P004,R002,C002,29,6960.0,4725.06
2026-05-05,P004,R002,C012,24,5760.0,3536.02
2026-05-05,P004,R003,C009,23,5520.0,3556.58
2026-05-05,P004,R003,C003,22,5280.0,3423.39
2026-05-05,P004,R004,C004,10,2400.0,1611.97
2026-05-05,P004,R004,C010,10,2400.0,1591.02
2026-05-05,P005,R001,C005,20,900.0,511.18
2026-05-05,P005,R001,C011,76,3420.0,1977.3
2026-05-05,P005,R001,C007,32,1440.0,791.34
2026-05-05,P005,R001,C001,54,2430.0,1381.22
2026-05-05,P005,R002,C006,13,585.0,362.09
2026-05-05,P005,R002,C008,37,1665.0,915.32
2026-05-05,P005,R002,C002,64,2880.0,1612.61
2026-05-05,P005,R002,C012,44,1980.0,1120.1
2026-05-05,P005,R003,C003,63,2835.0,1650.93
2026-05-05,P005,R003,C009,94,4230.0,2418.42
2026-05-05,P005,R004,C010,29,1305.0,807.45
2026-05-05,P005,R004,C004,34,1530.0,841.17
2026-05-05,P006,R001,C001,40,4800.0,3249.07
2026-05-05,P006,R001,C011,40,4800.0,3061.35
2026-05-05,P006,R001,C007,21,2520.0,1636.27
2026-05-05,P006,R002,C006,16,1920.0,1217.65
2026-05-05,P006,R002,C008,19,2280.0,1435.93
2026-05-05,P006,R002,C002,32,3840.0,2318.24
2026-05-05,P006,R003,C003,32,3840.0,2587.55
2026-05-05,P006,R003,C009,40,4800.0,3224.96
2026-05-05,P006,R004,C010,16,1920.0,1238.54
2026-05-05,P006,R004,C004,24,2880.0,1764.13
2026-05-06,P001,R001,C011,39,14820.0,10453.97
2026-05-06,P001,R001,C007,23,8740.0,5806.23
2026-05-06,P001,R001,C005,9,3420.0,2320.4
2026-05-06,P001,R002,C008,10,3800.0,2589.82
2026-05-06,P001,R002,C002,13,4940.0,3474.79
2026-05-06,P001,R002,C012,15,5700.0,3839.14
2026-05-06,P001,R003,C003,16,6080.0,4197.49
2026-05-06,P001,R003,C009,14,5320.0,3513.91
2026-05-06,P001,R004,C010,5,1900.0,1298.63
2026-05-06,P001,R004,C004,6,2280.0,1597.74
2026-05-06,P002,R001,C005,77,6545.0,3936.91
2026-05-06,P002,R001,C011,209,17765.0,11187.5
2026-05-06,P002,R001,C007,102,8670.0,5491.78
2026-05-06,P002,R002,C008,81,6885.0,4157.68
2026-05-06,P002,R002,C012,220,18700.0,11765.49
2026-05-06,P002,R003,C003,62,5270.0,3156.63
2026-05-06,P002,R003,C009,103,8755.0,5492.92
2026-05-06,P002,R004,C010,26,2210.0,1357.82
2026-05-06,P002,R004,C004,53,4505.0,2700.93
2026-05-06,P003,R001,C001,14,8680.0,6269.1
2026-05-06,P003,R001,C005,4,2480.0,1637.89
2026-05-06,P003,R001,C011,10,6200.0,4333.2
2026-05-06,P003,R002,C008,5,3100.0,2185.63
2026-05-06,P003,R002,C002,14,8680.0,5913.31
2026-05-06,P003,R003,C003,7,4340.0,2946.65
2026-05-06,P003,R003,C009,8,4960.0,3636.34
2026-05-06,P003,R004,C004,3,1860.0,1343.74
2026-05-06,P003,R004,C010,3,1860.0,1274.43
2026-05-06,P004,R001,C005,33,7920.0,4949.95
2026-05-06,P004,R001,C007,61,14640.0,9224.32
2026-05-06,P004,R002,C008,22,5280.0,3307.57
2026-05-06,P004,R002,C006,15,3600.0,2419.21
2026-05-06,P004,R002,C012,42,10080.0,6165.6
2026-05-06,P004,R003,C003,17,4080.0,2633.22
2026-05-06,P004,R003,C009,27,6480.0,4461.56
2026-05-06,P004,R004,C004,15,3600.0,2372.08
2026-05-06,P004,R004,C010,8,1920.0,1314.63
2026-05-06,P005,R001,C011,107,4815.0,2791.05
2026-05-06,P005,R001,C001,84,3780.0,2085.36
2026-05-06,P005,R001,C007,41,1845.0,1127.95
2026-05-06,P005,R002,C006,32,1440.0,811.44
2026-05-06,P005,R002,C002,94,4230.0,2585.51
2026-05-06,P005,R002,C012,60,2700.0,1512.72
2026-05-06,P005,R003,C009,74,3330.0,2058.94
2026-05-06,P005,R003,C003,40,1800.0,1069.45
2026-05-06,P005,R004,C010,16,720.0,401.0
2026-05-06,P005,R004,C004,33,1485.0,865.78
2026-05-06,P006,R001,C007,22,2640.0,1784.29
2026-05-06,P006,R001,C011,52,6240.0,3874.14
2026-05-06,P006,R001,C001,60,7200.0,4378.37
2026-05-06,P006,R001,C005,26,3120.0,2082.49
2026-05-06,P006,R002,C006,16,1920.0,1271.09
2026-05-06,P006,R002,C012,32,3840.0,2561.18
2026-05-06,P006,R002,C008,26,3120.0,1886.83
2026-05-06,P006,R003,C003,34,4080.0,2605.36
2026-05-06,P006,R003,C009,57,6840.0,4178.84
2026-05-06,P006,R004,C004,17,2040.0,1373.5
2026-05-06,P006,R004,C010,16,1920.0,1271.23
2026-05-07,P001,R001,C005,6,2280.0,1627.64
2026-05-07,P001,R001,C007,9,3420.0,2223.29
2026-05-07,P001,R001,C001,28,10640.0,6880.04
2026-05-07,P001,R001,C011,20,7600.0,4914.08
2026-05-07,P001,R002,C006,7,2660.0,1771.96
2026-05-07,P001,R002,C008,10,3800.0,2704.5
2026-05-07,P001,R002,C002,12,4560.0,3108.08
2026-05-07,P001,R002,C012,16,6080.0,4289.86
2026-05-07,P001,R003,C009,23,8740.0,6077.64
2026-05-07,P001,R003,C003,15,5700.0,3724.49
2026-05-07,P001,R004,C010,7,2660.0,1704.65
2026-05-07,P001,R004,C004,7,2660.0,1764.36
2026-05-07,P002,R001,C007,72,6120.0,3682.02
2026-05-07,P002,R001,C005,47,3995.0,2449.97
2026-05-07,P002,R001,C011,121,10285.0,6314.96
2026-05-07,P002,R001,C001,103,8755.0,5521.2
2026-05-07,P002,R002,C008,154,13090.0,8205.91
2026-05-07,P002,R002,C006,104,8840.0,5773.04
2026-05-07,P002,R003,C009,128,10880.0,6547.16
2026-05-07,P002,R003,C003,79,6715.0,4175.19
2026-05-07,P002,R004,C004,70,5950.0,3459.15
2026-05-07,P002,R004,C010,57,4845.0,3067.37
2026-05-07,P003,R001,C001,8,4960.0,3377.86
2026-05-07,P003,R001,C007,5,3100.0,2279.86
2026-05-07,P003,R001,C005,3,1860.0,1346.9
2026-05-07,P003,R001,C011,11,6820.0,4691.91
2026-05-07,P003,R002,C002,6,3720.0,2659.11
2026-05-07,P003,R002,C012,8,4960.0,3593.94
2026-05-07,P003,R002,C008,5,3100.0,2292.87
2026-05-07,P003,R002,C006,3,1860.0,1371.42
2026-05-07,P003,R003,C003,6,3720.0,2529.41
2026-05-07,P003,R003,C009,8,4960.0,3667.14
2026-05-07,P003,R004,C010,3,1860.0,1305.48
2026-05-07,P003,R004,C004,6,3720.0,2720.26
2026-05-07,P004,R001,C011,36,8640.0,5904.49
2026-05-07,P004,R001,C001,36,8640.0,5408.9
2026-05-07,P004,R001,C007,15,3600.0,2414.26
2026-05-07,P004,R001,C005,9,2160.0,1463.1
2026-05-07,P004,R002,C006,6,1440.0,901.2
2026-05-07,P004,R002,C012,16,3840.0,2543.69
2026-05-07,P004,R002,C002,15,3600.0,2224.24
2026-05-07,P004,R002,C008,11,2640.0,1635.2
2026-05-07,P004,R003,C009,21,5040.0,3357.83
2026-05-07,P004,R003,C003,20,4800.0,2985.29
2026-05-07,P004,R004,C010,8,1920.0,1285.43
2026-05-07,P004,R004,C004,7,1680.0,1028.7
2026-05-07,P005,R001,C007,32,1440.0,847.41
2026-05-07,P005,R001,C001,95,4275.0,2419.38
2026-05-07,P005,R001,C005,31,1395.0,787.5
2026-05-07,P005,R001,C011,71,3195.0,1898.8
2026-05-07,P005,R002,C008,33,1485.0,908.09
2026-05-07,P005,R002,C012,51,2295.0,1384.81
2026-05-07,P005,R002,C006,20,900.0,534.44
2026-05-07,P005,R002,C002,64,2880.0,1581.89
2026-05-07,P005,R003,C009,65,2925.0,1695.2
2026-05-07,P005,R003,C003,30,1350.0,744.86
2026-05-07,P005,R004,C004,42,1890.0,1112.99
2026-05-07,P005,R004,C010,26,1170.0,705.43
2026-05-07,P006,R001,C001,98,11760.0,7665.04
2026-05-07,P006,R001,C007,42,5040.0,3079.68
2026-05-07,P006,R001,C005,33,3960.0,2500.68
2026-05-07,P006,R002,C002,37,4440.0,2787.74
2026-05-07,P006,R002,C006,16,1920.0,1177.63
2026-05-07,P006,R002,C012,32,3840.0,2558.73
2026-05-07,P006,R002,C008,24,2880.0,1743.79
2026-05-07,P006,R003,C003,27,3240.0,1985.61
2026-05-07,P006,R003,C009,45,5400.0,3315.25
2026-05-07,P006,R004,C010,19,2280.0,1503.49
2026-05-07,P006,R004,C004,24,2880.0,1874.74
2026-05-08,P001,R001,C011,30,11400.0,7505.12
2026-05-08,P001,R001,C001,23,8740.0,5823.84
2026-05-08,P001,R002,C012,13,4940.0,3402.84
2026-05-08,P001,R002,C006,6,2280.0,1531.31
2026-05-08,P001,R002,C002,16,6080.0,4265.48
2026-05-08,P001,R002,C008,7,2660.0,1855.46
2026-05-08,P001,R003,C009,18,6840.0,4672.68
2026-05-08,P001,R003,C003,9,3420.0,2239.62
2026-05-08,P001,R004,C010,6,2280.0,1601.91
2026-05-08,P001,R004,C004,6,2280.0,1492.49
2026-05-08,P002,R001,C005,61,5185.0,3124.0
2026-05-08,P002,R001,C011,113,9605.0,6279.72
2026-05-08,P002,R001,C001,105,8925.0,5403.93
2026-05-08,P002,R001,C007,60,5100.0,3131.17
2026-05-08,P002,R002,C002,87,7395.0,4755.21
2026-05-08,P002,R002,C012,111,9435.0,6048.05
2026-05-08,P002,R002,C008,46,3910.0,2495.08
2026-05-08,P002,R002,C006,32,2720.0,1669.15
2026-05-08,P002,R003,C009,112,9520.0,5756.02
2026-05-08,P002,R003,C003,76,6460.0,4089.67
2026-05-08,P002,R004,C004,52,4420.0,2621.14
2026-05-08,P002,R004,C010,48,4080.0,2621.46
2026-05-08,P003,R001,C005,10,6200.0,4160.08
2026-05-08,P003,R001,C001,18,11160.0,7655.65
2026-05-08,P003,R002,C006,4,2480.0,1714.18
2026-05-08,P003,R002,C012,12,7440.0,5202.58
2026-05-08,P003,R003,C009,10,6200.0,4365.66
2026-05-08,P003,R003,C003,8,4960.0,3381.58
2026-05-08,P003,R004,C010,3,1860.0,1277.71
2026-05-08,P003,R004,C004,4,2480.0,1752.57
2026-05-08,P004,R001,C001,67,16080.0,10773.91
2026-05-08,P004,R001,C005,17,4080.0,2590.35
2026-05-08,P004,R002,C008,19,4560.0,3097.87
2026-05-08,P004,R002,C002,40,9600.0,6056.15
2026-05-08,P004,R003,C003,12,2880.0,1759.41
2026-05-08,P004,R003,C009,24,5760.0,3925.56
2026-05-08,P004,R004,C004,11,2640.0,1793.19
2026-05-08,P004,R004,C010,11,2640.0,1707.75
2026-05-08,P005,R001,C007,50,2250.0,1308.95
2026-05-08,P005,R001,C001,84,3780.0,2148.63
2026-05-08,P005,R001,C011,99,4455.0,2704.22
2026-05-08,P005,R002,C006,30,1350.0,782.71
2026-05-08,P005,R002,C012,92,4140.0,2413.65
2026-05-08,P005,R003,C003,37,1665.0,1023.27
2026-05-08,P005,R003,C009,56,2520.0,1502.49
2026-05-08,P005,R004,C010,23,1035.0,614.17
2026-05-08,P005,R004,C004,36,1620.0,941.22
2026-05-08,P006,R001,C011,71,8520.0,5638.31
2026-05-08,P006,R001,C001,66,7920.0,4782.56
2026-05-08,P006,R002,C008,16,1920.0,1237.03
2026-05-08,P006,R002,C006,13,1560.0,1017.87
2026-05-08,P006,R002,C002,29,3480.0,2147.71
2026-05-08,P006,R002,C012,25,3000.0,2008.8
2026-05-08,P006,R003,C009,24,2880.0,1728.03
2026-05-08,P006,R003,C003,26,3120.0,1888.54
2026-05-08,P006,R004,C004,20,2400.0,1608.94
2026-05-08,P006,R004,C010,14,1680.0,1137.87
2026-05-09,P001,R001,C007,8,3040.0,2185.97
2026-05-09,P001,R001,C001,17,6460.0,4260.2
2026-05-09,P001,R001,C005,5,1900.0,1341.85
2026-05-09,P001,R001,C011,16,6080.0,3962.62
2026-05-09,P001,R002,C002,22,8360.0,6002.12
2026-05-09,P001,R002,C006,9,3420.0,2399.69
2026-05-09,P001,R003,C009,11,4180.0,2863.24
2026-05-09,P001,R003,C003,7,2660.0,1782.9
2026-05-09,P001,R004,C004,6,2280.0,1599.08
2026-05-09,P001,R004,C010,5,1900.0,1281.95
2026-05-09,P002,R001,C011,70,5950.0,3707.93
2026-05-09,P002,R001,C001,79,6715.0,4086.35
2026-05-09,P002,R001,C005,28,2380.0,1498.48
2026-05-09,P002,R002,C012,59,5015.0,3207.69
2026-05-09,P002,R002,C006,16,1360.0,863.0
2026-05-09,P002,R002,C008,25,2125.0,1249.36
2026-05-09,P002,R002,C002,48,4080.0,2522.66
2026-05-09,P002,R003,C003,68,5780.0,3760.49
2026-05-09,P002,R003,C009,77,6545.0,3897.09
2026-05-09,P002,R004,C004,34,2890.0,1747.51
2026-05-09,P002,R004,C010,28,2380.0,1485.13
2026-05-09,P003,R001,C011,13,8060.0,5502.94
2026-05-09,P003,R001,C001,10,6200.0,4308.24
2026-05-09,P003,R002,C002,7,4340.0,2955.57
2026-05-09,P003,R002,C008,4,2480.0,1738.41
2026-05-09,P003,R003,C009,6,3720.0,2615.28
2026-05-09,P003,R003,C003,3,1860.0,1361.24
2026-05-09,P003,R004,C004,3,1860.0,1352.44
2026-05-09,P003,R004,C010,3,1860.0,1277.57
2026-05-09,P004,R001,C005,13,3120.0,2029.65
2026-05-09,P004,R001,C011,26,6240.0,3896.76
2026-05-09,P004,R001,C007,20,4800.0,3225.09
2026-05-09,P004,R002,C008,8,1920.0,1227.34
2026-05-09,P004,R002,C006,8,1920.0,1183.69
2026-05-09,P004,R002,C002,17,4080.0,2698.83
2026-05-09,P004,R003,C009,18,4320.0,2893.13
2026-05-09,P004,R003,C003,15,3600.0,2212.67
2026-05-09,P004,R004,C010,6,1440.0,910.41
2026-05-09,P004,R004,C004,5,1200.0,761.77
2026-05-09,P005,R001,C007,41,1845.0,1143.09
2026-05-09,P005,R001,C001,83,3735.0,2219.55
2026-05-09,P005,R002,C012,29,1305.0,759.85
2026-05-09,P005,R002,C008,19,855.0,463.51
2026-05-09,P005,R002,C006,11,495.0,299.76
2026-05-09,P005,R002,C002,28,1260.0,775.68
2026-05-09,P005,R003,C009,50,2250.0,1240.15
2026-05-09,P005,R003,C003,30,1350.0,821.81
2026-05-09,P005,R004,C010,15,675.0,415.86
2026-05-09,P005,R004,C004,16,720.0,435.67
2026-05-09,P006,R001,C007,19,2280.0,1485.12
2026-05-09,P006,R001,C001,30,3600.0,2401.91
2026-05-09,P006,R001,C011,23,2760.0,1727.03
2026-05-09,P006,R002,C002,27,3240.0,2114.73
2026-05-09,P006,R002,C012,36,4320.0,2741.97
2026-05-09,P006,R003,C009,28,3360.0,2263.91
2026-05-09,P006,R003,C003,13,1560.0,991.34
2026-05-09,P006,R004,C004,13,1560.0,974.98
2026-05-09,P006,R004,C010,8,960.0,613.62
2026-05-10,P001,R001,C007,13,4940.0,3514.76
2026-05-10,P001,R001,C011,21,7980.0,5140.77
2026-05-10,P001,R001,C005,9,3420.0,2226.58
2026-05-10,P001,R002,C002,10,3800.0,2504.87
2026-05-10,P001,R002,C006,2,760.0,492.11
2026-05-10,P001,R002,C012,6,2280.0,1478.82
2026-05-10,P001,R002,C008,5,1900.0,1343.71
2026-05-10,P001,R003,C009,14,5320.0,3637.12
2026-05-10,P001,R003,C003,7,2660.0,1824.5
2026-05-10,P001,R004,C010,3,1140.0,771.04
2026-05-10,P001,R004,C004,6,2280.0,1580.87
2026-05-10,P002,R001,C001,152,12920.0,8406.83
2026-05-10,P002,R001,C007,112,9520.0,6245.47
2026-05-10,P002,R002,C012,55,4675.0,2720.83
2026-05-10,P002,R002,C002,76,6460.0,4244.91
2026-05-10,P002,R002,C008,28,2380.0,1549.95
2026-05-10,P002,R003,C003,48,4080.0,2680.95
2026-05-10,P002,R003,C009,71,6035.0,3924.31
2026-05-10,P002,R004,C010,20,1700.0,1012.19
2026-05-10,P002,R004,C004,27,2295.0,1415.41
2026-05-10,P003,R001,C005,5,3100.0,2275.44
2026-05-10,P003,R001,C001,11,6820.0,5032.64
2026-05-10,P003,R001,C007,6,3720.0,2673.41
2026-05-10,P003,R002,C006,3,1860.0,1281.92
2026-05-10,P003,R002,C008,3,1860.0,1347.92
2026-05-10,P003,R002,C012,6,3720.0,2510.25
2026-05-10,P003,R003,C003,2,1240.0,865.49
2026-05-10,P003,R003,C009,5,3100.0,2205.64
2026-05-10,P003,R004,C004,2,1240.0,863.31
2026-05-10,P003,R004,C010,1,620.0,429.04
2026-05-10,P004,R001,C005,18,4320.0,2872.53
2026-05-10,P004,R001,C001,45,10800.0,7284.6
2026-05-10,P004,R002,C002,32,7680.0,4768.99
2026-05-10,P004,R002,C008,12,2880.0,1804.71
2026-05-10,P004,R003,C009,17,4080.0,2614.43
2026-05-10,P004,R003,C003,12,2880.0,1831.3
2026-05-10,P004,R004,C010,5,1200.0,757.75
2026-05-10,P004,R004,C004,9,2160.0,1384.29
2026-05-10,P005,R001,C011,83,3735.0,2063.57
2026-05-10,P005,R001,C001,81,3645.0,2070.73
2026-05-10,P005,R002,C008,22,990.0,611.13
2026-05-10,P005,R002,C006,12,540.0,302.89
2026-05-10,P005,R002,C002,30,1350.0,776.39
2026-05-10,P005,R002,C012,53,2385.0,1341.66
2026-05-10,P005,R003,C003,31,1395.0,765.92
2026-05-10,P005,R003,C009,52,2340.0,1351.15
2026-05-10,P005,R004,C004,16,720.0,446.07
2026-05-10,P005,R004,C010,16,720.0,412.82
2026-05-10,P006,R001,C007,22,2640.0,1601.18
2026-05-10,P006,R001,C001,45,5400.0,3343.52
2026-05-10,P006,R001,C005,12,1440.0,887.9
2026-05-10,P006,R001,C011,40,4800.0,3076.34
2026-05-10,P006,R002,C002,26,3120.0,1955.65
2026-05-10,P006,R002,C006,7,840.0,563.08
2026-05-10,P006,R002,C012,25,3000.0,1875.34
2026-05-10,P006,R002,C008,16,1920.0,1256.6
2026-05-10,P006,R003,C003,14,1680.0,1141.93
2026-05-10,P006,R003,C009,29,3480.0,2112.27
2026-05-10,P006,R004,C010,9,1080.0,663.54
2026-05-10,P006,R004,C004,19,2280.0,1400.02
2026-05-11,P001,R001,C001,22,8360.0,5368.95
2026-05-11,P001,R001,C007,10,3800.0,2552.3
2026-05-11,P001,R001,C005,6,2280.0,1499.79
2026-05-11,P001,R001,C011,24,9120.0,5876.05
2026-05-11,P001,R002,C002,22,8360.0,5620.16
2026-05-11,P001,R002,C006,8,3040.0,1989.58
2026-05-11,P001,R003,C003,11,4180.0,2705.72
2026-05-11,P001,R003,C009,14,5320.0,3572.97
2026-05-11,P001,R004,C004,6,2280.0,1567.4
2026-05-11,P001,R004,C010,8,3040.0,2112.73
2026-05-11,P002,R001,C005,140,11900.0,7291.16
2026-05-11,P002,R001,C001,336,28560.0,17387.64
2026-05-11,P002,R002,C012,239,20315.0,12979.65
2026-05-11,P002,R002,C008,77,6545.0,4268.21
2026-05-11,P002,R003,C009,104,8840.0,5284.32
2026-05-11,P002,R003,C003,64,5440.0,3566.36
2026-05-11,P002,R004,C004,32,2720.0,1706.5
2026-05-11,P002,R004,C010,34,2890.0,1848.4
2026-05-11,P003,R001,C011,25,15500.0,10724.9
2026-05-11,P003,R001,C005,9,5580.0,4105.86
2026-05-11,P003,R002,C006,2,1240.0,871.44
2026-05-11,P003,R002,C008,4,2480.0,1723.72
2026-05-11,P003,R002,C012,10,6200.0,4403.06
2026-05-11,P003,R003,C003,5,3100.0,2274.78
2026-05-11,P003,R003,C009,7,4340.0,2925.99
2026-05-11,P003,R004,C004,4,2480.0,1695.47
2026-05-11,P003,R004,C010,3,1860.0,1331.3
2026-05-11,P004,R001,C007,26,6240.0,4219.49
2026-05-11,P004,R001,C001,55,13200.0,8725.13
2026-05-11,P004,R002,C012,19,4560.0,3115.88
2026-05-11,P004,R002,C002,22,5280.0,3529.43
2026-05-11,P004,R002,C006,10,2400.0,1569.3
2026-05-11,P004,R003,C009,20,4800.0,2942.71
2026-05-11,P004,R003,C003,18,4320.0,2760.07
2026-05-11,P004,R004,C004,9,2160.0,1376.41
2026-05-11,P004,R004,C010,9,2160.0,1473.86
2026-05-11,P005,R001,C007,43,1935.0,1152.36
2026-05-11,P005,R001,C001,78,3510.0,2047.05
2026-05-11,P005,R001,C011,89,4005.0,2325.55
2026-05-11,P005,R001,C005,31,1395.0,851.28
2026-05-11,P005,R002,C002,51,2295.0,1333.3
2026-05-11,P005,R002,C008,33,1485.0,811.84
2026-05-11,P005,R002,C012,51,2295.0,1348.77
2026-05-11,P005,R002,C006,22,990.0,601.18
2026-05-11,P005,R003,C003,32,1440.0,778.16
2026-05-11,P005,R003,C009,50,2250.0,1340.03
2026-05-11,P005,R004,C010,20,900.0,525.86
2026-05-11,P005,R004,C004,31,1395.0,829.13
2026-05-11,P006,R001,C001,29,3480.0,2261.76
2026-05-11,P006,R001,C007,18,2160.0,1446.32
2026-05-11,P006,R001,C011,40,4800.0,3217.13
2026-05-11,P006,R001,C005,15,1800.0,1113.79
2026-05-11,P006,R002,C006,16,1920.0,1258.44
2026-05-11,P006,R002,C002,35,4200.0,2743.38
2026-05-11,P006,R002,C012,53,6360.0,4075.6
2026-05-11,P006,R003,C003,17,2040.0,1334.27
2026-05-11,P006,R003,C009,28,3360.0,2050.22
2026-05-11,P006,R004,C010,18,2160.0,1446.74
2026-05-11,P006,R004,C004,14,1680.0,1015.6
2026-05-12,P001,R001,C005,10,3800.0,2673.97
2026-05-12,P001,R001,C011,50,19000.0,12223.36
2026-05-12,P001,R002,C012,21,7980.0,5596.5
2026-05-12,P001,R002,C008,17,6460.0,4207.16
2026-05-12,P001,R003,C003,8,3040.0,2081.57
2026-05-12,P001,R003,C009,17,6460.0,4607.04
2026-05-12,P001,R004,C004,7,2660.0,1844.31
2026-05-12,P001,R004,C010,6,2280.0,1504.07
2026-05-12,P002,R001,C011,85,7225.0,4643.58
2026-05-12,P002,R001,C007,46,3910.0,2323.92
2026-05-12,P002,R001,C005,34,2890.0,1760.76
2026-05-12,P002,R001,C001,82,6970.0,4163.79
2026-05-12,P002,R002,C008,60,5100.0,3111.72
2026-05-12,P002,R002,C006,28,2380.0,1565.68
2026-05-12,P002,R002,C002,83,7055.0,4372.36
2026-05-12,P002,R002,C012,74,6290.0,3757.48
2026-05-12,P002,R003,C009,156,13260.0,8355.82
2026-05-12,P002,R003,C003,61,5185.0,3168.96
2026-05-12,P002,R004,C004,43,3655.0,2203.99
2026-05-12,P002,R004,C010,45,3825.0,2337.04
2026-05-12,P003,R001,C011,14,8680.0,6260.33
2026-05-12,P003,R001,C007,10,6200.0,4529.84
2026-05-12,P003,R002,C006,5,3100.0,2287.04
2026-05-12,P003,R002,C012,12,7440.0,5303.39
2026-05-12,P003,R003,C003,5,3100.0,2136.35
2026-05-12,P003,R003,C009,7,4340.0,3069.43
2026-05-12,P003,R004,C004,5,3100.0,2227.83
2026-05-12,P003,R004,C010,3,1860.0,1287.32
2026-05-12,P004,R001,C005,17,4080.0,2701.11
2026-05-12,P004,R001,C001,53,12720.0,8374.56
2026-05-12,P004,R002,C012,21,5040.0,3116.91
2026-05-12,P004,R002,C008,8,1920.0,1300.07
2026-05-12,P004,R002,C002,17,4080.0,2570.11
2026-05-12,P004,R002,C006,8,1920.0,1305.06
2026-05-12,P004,R003,C009,20,4800.0,3232.29
2026-05-12,P004,R003,C003,14,3360.0,2282.8
2026-05-12,P004,R004,C004,14,3360.0,2284.56
2026-05-12,P004,R004,C010,8,1920.0,1263.61
2026-05-12,P005,R001,C005,76,3420.0,1867.49
2026-05-12,P005,R001,C007,183,8235.0,4462.19
2026-05-12,P005,R002,C006,49,2205.0,1297.55
2026-05-12,P005,R002,C008,88,3960.0,2311.42
2026-05-12,P005,R003,C003,66,2970.0,1786.37
2026-05-12,P005,R003,C009,64,2880.0,1730.73
2026-05-12,P005,R004,C004,36,1620.0,941.85
2026-05-12,P005,R004,C010,24,1080.0,649.06
2026-05-12,P006,R001,C011,84,10080.0,6274.34
2026-05-12,P006,R001,C007,51,6120.0,3839.1
2026-05-12,P006,R002,C008,74,8880.0,5396.36
2026-05-12,P006,R002,C006,40,4800.0,3047.88
2026-05-12,P006,R003,C009,42,5040.0,3275.15
2026-05-12,P006,R003,C003,27,3240.0,2121.78
2026-05-12,P006,R004,C004,21,2520.0,1686.91
2026-05-12,P006,R004,C010,16,1920.0,1296.62
2026-05-13,P001,R001,C001,19,7220.0,4830.31
2026-05-13,P001,R001,C011,27,10260.0,6969.02
2026-05-13,P001,R001,C007,12,4560.0,3055.96
2026-05-13,P001,R001,C005,6,2280.0,1621.79
2026-05-13,P001,R002,C008,12,4560.0,3150.9
2026-05-13,P001,R002,C002,22,8360.0,5943.07
2026-05-13,P001,R003,C009,21,7980.0,5480.65
2026-05-13,P001,R003,C003,13,4940.0,3420.18
2026-05-13,P001,R004,C010,4,1520.0,987.3
2026-05-13,P001,R004,C004,6,2280.0,1538.06
2026-05-13,P002,R001,C007,130,11050.0,6823.9
2026-05-13,P002,R001,C001,289,24565.0,15230.53
2026-05-13,P002,R001,C005,70,5950.0,3882.92
2026-05-13,P002,R002,C008,165,14025.0,8875.7
2026-05-13,P002,R002,C006,113,9605.0,6056.21
2026-05-13,P002,R003,C009,69,5865.0,3557.96
2026-05-13,P002,R003,C003,71,6035.0,3778.59
2026-05-13,P002,R004,C004,54,4590.0,2911.54
2026-05-13,P002,R004,C010,44,3740.0,2226.2
2026-05-13,P003,R001,C007,21,13020.0,8769.48
2026-05-13,P003,R001,C005,14,8680.0,5937.19
2026-05-13,P003,R002,C006,8,4960.0,3593.12
2026-05-13,P003,R002,C008,10,6200.0,4560.48
2026-05-13,P003,R003,C009,7,4340.0,2901.36
2026-05-13,P003,R003,C003,5,3100.0,2220.1
2026-05-13,P003,R004,C004,5,3100.0,2148.35
2026-05-13,P003,R004,C010,3,1860.0,1317.59
2026-05-13,P004,R001,C005,13,3120.0,1972.35
2026-05-13,P004,R001,C001,29,6960.0,4569.35
2026-05-13,P004,R001,C011,28,6720.0,4250.22
2026-05-13,P004,R001,C007,13,3120.0,2061.64
2026-05-13,P004,R002,C008,24,5760.0,3686.92
2026-05-13,P004,R002,C012,46,11040.0,7149.14
2026-05-13,P004,R003,C003,22,5280.0,3404.93
2026-05-13,P004,R003,C009,31,7440.0,4643.12
2026-05-13,P004,R004,C004,17,4080.0,2502.88
2026-05-13,P004,R004,C010,13,3120.0,1938.94
2026-05-13,P005,R001,C001,145,6525.0,3900.76
2026-05-13,P005,R001,C007,70,3150.0,1874.75
2026-05-13,P005,R001,C005,55,2475.0,1478.22
2026-05-13,P005,R002,C006,23,1035.0,599.18
2026-05-13,P005,R002,C008,46,2070.0,1161.68
2026-05-13,P005,R002,C012,79,3555.0,1922.85
2026-05-13,P005,R003,C009,43,1935.0,1131.66
2026-05-13,P005,R003,C003,34,1530.0,920.03
2026-05-13,P005,R004,C004,26,1170.0,717.02
2026-05-13,P005,R004,C010,22,990.0,584.89
2026-05-13,P006,R001,C007,23,2760.0,1859.85
2026-05-13,P006,R001,C001,51,6120.0,3909.18
2026-05-13,P006,R001,C011,44,5280.0,3537.49
2026-05-13,P006,R001,C005,22,2640.0,1761.69
2026-05-13,P006,R002,C008,15,1800.0,1084.09
2026-05-13,P006,R002,C012,45,5400.0,3344.64
2026-05-13,P006,R002,C006,16,1920.0,1218.56
2026-05-13,P006,R002,C002,40,4800.0,3223.17
2026-05-13,P006,R003,C003,18,2160.0,1456.51
2026-05-13,P006,R003,C009,46,5520.0,3627.19
2026-05-13,P006,R004,C004,11,1320.0,829.46
2026-05-13,P006,R004,C010,13,1560.0,1002.05
2026-05-14,P001,R001,C007,12,4560.0,3058.08
2026-05-14,P001,R001,C011,25,9500.0,6379.7
2026-05-14,P001,R001,C005,8,3040.0,2087.62
2026-05-14,P001,R002,C006,16,6080.0,4090.3
2026-05-14,P001,R002,C008,18,6840.0,4456.11
2026-05-14,P001,R003,C009,17,6460.0,4301.77
2026-05-14,P001,R003,C003,12,4560.0,2990.06
2026-05-14,P001,R004,C010,5,1900.0,1365.56
2026-05-14,P001,R004,C004,7,2660.0,1727.36
2026-05-14,P002,R001,C011,100,8500.0,5603.3
2026-05-14,P002,R001,C001,120,10200.0,6666.41
2026-05-14,P002,R001,C007,71,6035.0,3552.68
2026-05-14,P002,R001,C005,36,3060.0,1791.63
2026-05-14,P002,R002,C012,58,4930.0,3012.66
2026-05-14,P002,R002,C006,29,2465.0,1516.01
2026-05-14,P002,R002,C002,98,8330.0,5233.42
2026-05-14,P002,R002,C008,42,3570.0,2131.65
2026-05-14,P002,R003,C009,121,10285.0,6743.46
2026-05-14,P002,R003,C003,51,4335.0,2522.85
2026-05-14,P002,R004,C004,43,3655.0,2252.32
2026-05-14,P002,R004,C010,29,2465.0,1527.03
2026-05-14,P003,R001,C007,6,3720.0,2592.76
2026-05-14,P003,R001,C001,14,8680.0,6115.76
2026-05-14,P003,R002,C002,8,4960.0,3284.1
2026-05-14,P003,R002,C012,7,4340.0,2864.42
2026-05-14,P003,R002,C008,5,3100.0,2204.3
2026-05-14,P003,R003,C003,5,3100.0,2158.45
2026-05-14,P003,R003,C009,7,4340.0,2997.8
2026-05-14,P003,R004,C004,4,2480.0,1699.92
2026-05-14,P003,R004,C010,2,1240.0,873.41
2026-05-14,P004,R001,C001,50,12000.0,7574.19
2026-05-14,P004,R001,C005,13,3120.0,2021.73
2026-05-14,P004,R001,C007,21,5040.0,3197.44
2026-05-14,P004,R002,C008,20,4800.0,3010.92
2026-05-14,P004,R002,C012,30,7200.0,4806.75
2026-05-14,P004,R002,C006,13,3120.0,1918.55
2026-05-14,P004,R003,C009,27,6480.0,4432.5
2026-05-14,P004,R003,C003,18,4320.0,2846.65
2026-05-14,P004,R004,C010,6,1440.0,916.04
2026-05-14,P004,R004,C004,10,2400.0,1535.65
2026-05-14,P005,R001,C011,156,7020.0,3865.82
2026-05-14,P005,R001,C007,87,3915.0,2135.5
2026-05-14,P005,R002,C002,96,4320.0,2352.46
2026-05-14,P005,R002,C012,66,2970.0,1610.67
2026-05-14,P005,R002,C008,34,1530.0,920.83
2026-05-14,P005,R003,C009,91,4095.0,2246.2
2026-05-14,P005,R003,C003,54,2430.0,1442.19
2026-05-14,P005,R004,C010,40,1800.0,1052.59
2026-05-14,P005,R004,C004,30,1350.0,795.97
2026-05-14,P006,R001,C001,49,5880.0,3681.42
2026-05-14,P006,R001,C011,72,8640.0,5847.41
2026-05-14,P006,R001,C007,44,5280.0,3569.45
2026-05-14,P006,R002,C002,80,9600.0,6037.6
2026-05-14,P006,R002,C008,46,5520.0,3456.5
2026-05-14,P006,R003,C009,38,4560.0,3026.93
2026-05-14,P006,R003,C003,22,2640.0,1678.58
2026-05-14,P006,R004,C004,16,1920.0,1229.77
2026-05-14,P006,R004,C010,18,2160.0,1329.13
2026-05-15,P001,R001,C007,8,3040.0,2163.34
2026-05-15,P001,R001,C001,12,4560.0,3120.75
2026-05-15,P001,R001,C005,5,1900.0,1228.57
2026-05-15,P001,R001,C011,19,7220.0,4632.56
2026-05-15,P001,R002,C002,18,6840.0,4451.28
2026-05-15,P001,R002,C008,11,4180.0,2677.82
2026-05-15,P001,R002,C006,9,3420.0,2222.02
2026-05-15,P001,R003,C009,13,4940.0,3543.01
2026-05-15,P001,R003,C003,7,2660.0,1761.56
2026-05-15,P001,R004,C004,9,3420.0,2291.28
2026-05-15,P001,R004,C010,7,2660.0,1727.56
2026-05-15,P002,R001,C011,172,14620.0,9522.79
2026-05-15,P002,R001,C001,180,15300.0,9706.22
2026-05-15,P002,R001,C007,59,5015.0,3288.1
2026-05-15,P002,R001,C005,64,5440.0,3580.09
2026-05-15,P002,R002,C006,37,3145.0,2056.82
2026-05-15,P002,R002,C012,141,11985.0,7454.94
2026-05-15,P002,R002,C008,58,4930.0,2978.54
2026-05-15,P002,R003,C003,59,5015.0,3162.24
2026-05-15,P002,R003,C009,130,11050.0,6719.09
2026-05-15,P002,R004,C004,44,3740.0,2442.28
2026-05-15,P002,R004,C010,40,3400.0,2165.01
2026-05-15,P003,R001,C007,6,3720.0,2713.0
2026-05-15,P003,R001,C005,5,3100.0,2100.14
2026-05-15,P003,R001,C001,10,6200.0,4338.23
2026-05-15,P003,R001,C011,10,6200.0,4210.37
2026-05-15,P003,R002,C008,5,3100.0,2089.01
2026-05-15,P003,R002,C012,14,8680.0,6245.31
2026-05-15,P003,R003,C003,6,3720.0,2522.23
2026-05-15,P003,R003,C009,5,3100.0,2122.03
2026-05-15,P003,R004,C010,4,2480.0,1743.68
2026-05-15,P003,R004,C004,4,2480.0,1701.69
2026-05-15,P004,R001,C005,26,6240.0,3990.49
2026-05-15,P004,R001,C001,66,15840.0,10598.44
2026-05-15,P004,R002,C012,19,4560.0,3051.53
2026-05-15,P004,R002,C006,5,1200.0,740.69
2026-05-15,P004,R002,C002,22,5280.0,3247.59
2026-05-15,P004,R002,C008,9,2160.0,1378.34
2026-05-15,P004,R003,C009,32,7680.0,4937.89
2026-05-15,P004,R003,C003,18,4320.0,2890.98
2026-05-15,P004,R004,C004,12,2880.0,1906.31
2026-05-15,P004,R004,C010,12,2880.0,1961.4
2026-05-15,P005,R001,C005,38,1710.0,1053.98
2026-05-15,P005,R001,C007,72,3240.0,1850.34
2026-05-15,P005,R001,C011,118,5310.0,2936.19
2026-05-15,P005,R002,C002,58,2610.0,1517.09
2026-05-15,P005,R002,C006,19,855.0,488.05
2026-05-15,P005,R002,C008,33,1485.0,860.9
2026-05-15,P005,R002,C012,57,2565.0,1531.99
2026-05-15,P005,R003,C009,81,3645.0,2191.16
2026-05-15,P005,R003,C003,31,1395.0,772.86
2026-05-15,P005,R004,C010,28,1260.0,731.53
2026-05-15,P005,R004,C004,27,1215.0,745.7
2026-05-15,P006,R001,C011,132,15840.0,10154.84
2026-05-15,P006,R001,C005,38,4560.0,2948.12
2026-05-15,P006,R002,C008,38,4560.0,2830.77
2026-05-15,P006,R002,C002,77,9240.0,6062.89
2026-05-15,P006,R002,C006,21,2520.0,1542.99
2026-05-15,P006,R003,C003,33,3960.0,2643.2
2026-05-15,P006,R003,C009,63,7560.0,4770.09
2026-05-15,P006,R004,C010,14,1680.0,1093.54
2026-05-15,P006,R004,C004,27,3240.0,1954.86
2026-05-16,P001,R001,C005,7,2660.0,1762.53
2026-05-16,P001,R001,C001,24,9120.0,6565.87
2026-05-16,P001,R001,C007,12,4560.0,3139.44
2026-05-16,P001,R002,C002,14,5320.0,3688.63
2026-05-16,P001,R002,C012,8,3040.0,2133.1
2026-05-16,P001,R002,C008,5,1900.0,1226.57
2026-05-16,P001,R003,C009,11,4180.0,2845.26
2026-05-16,P001,R003,C003,6,2280.0,1568.46
2026-05-16,P001,R004,C004,5,1900.0,1361.72
2026-05-16,P001,R004,C010,5,1900.0,1335.82
2026-05-16,P002,R001,C011,124,10540.0,6742.95
2026-05-16,P002,R001,C001,98,8330.0,4897.37
2026-05-16,P002,R001,C005,35,2975.0,1742.72
2026-05-16,P002,R002,C008,33,2805.0,1675.28
2026-05-16,P002,R002,C012,49,4165.0,2593.49
2026-05-16,P002,R002,C006,20,1700.0,1000.2
2026-05-16,P002,R002,C002,39,3315.0,2058.06
2026-05-16,P002,R003,C009,103,8755.0,5682.98
2026-05-16,P002,R003,C003,58,4930.0,2971.93
2026-05-16,P002,R004,C010,29,2465.0,1474.83
2026-05-16,P002,R004,C004,34,2890.0,1812.42
2026-05-16,P003,R001,C011,13,8060.0,5417.78
2026-05-16,P003,R001,C005,5,3100.0,2219.02
2026-05-16,P003,R001,C007,5,3100.0,2286.36
2026-05-16,P003,R002,C006,1,620.0,413.4
2026-05-16,P003,R002,C008,2,1240.0,818.63
2026-05-16,P003,R002,C002,5,3100.0,2285.81
2026-05-16,P003,R002,C012,5,3100.0,2281.63
2026-05-16,P003,R003,C003,4,2480.0,1791.79
2026-05-16,P003,R003,C009,5,3100.0,2108.22
2026-05-16,P003,R004,C004,3,1860.0,1335.46
2026-05-16,P003,R004,C010,2,1240.0,868.14
2026-05-16,P004,R001,C007,22,5280.0,3486.02
2026-05-16,P004,R001,C001,32,7680.0,4801.77
2026-05-16,P004,R002,C002,14,3360.0,2142.7
2026-05-16,P004,R002,C008,9,2160.0,1432.26
2026-05-16,P004,R002,C012,15,3600.0,2473.52
2026-05-16,P004,R003,C009,15,3600.0,2462.46
2026-05-16,P004,R003,C003,9,2160.0,1328.76
2026-05-16,P004,R004,C004,5,1200.0,786.68
2026-05-16,P004,R004,C010,6,1440.0,932.11
2026-05-16,P005,R001,C007,23,1035.0,616.14
2026-05-16,P005,R001,C005,16,720.0,392.69
2026-05-16,P005,R001,C001,57,2565.0,1564.44
2026-05-16,P005,R001,C011,46,2070.0,1203.78
2026-05-16,P005,R002,C012,40,1800.0,1090.15
2026-05-16,P005,R002,C008,12,540.0,303.12
2026-05-16,P005,R002,C002,37,1665.0,908.74
2026-05-16,P005,R002,C006,12,540.0,302.62
2026-05-16,P005,R003,C009,37,1665.0,1007.5
2026-05-16,P005,R003,C003,38,1710.0,1005.61
2026-05-16,P005,R004,C004,23,1035.0,560.28
2026-05-16,P005,R004,C010,13,585.0,338.38
2026-05-16,P006,R001,C001,63,7560.0,4716.61
2026-05-16,P006,R001,C007,33,3960.0,2629.15
2026-05-16,P006,R001,C005,23,2760.0,1758.57
2026-05-16,P006,R002,C006,4,480.0,291.8
2026-05-16,P006,R002,C008,9,1080.0,666.25
2026-05-16,P006,R002,C002,20,2400.0,1526.19
2026-05-16,P006,R002,C012,20,2400.0,1603.48
2026-05-16,P006,R003,C009,26,3120.0,2055.4
2026-05-16,P006,R003,C003,20,2400.0,1469.4
2026-05-16,P006,R004,C010,6,720.0,434.94
2026-05-16,P006,R004,C004,11,1320.0,852.89
2026-05-17,P001,R001,C011,13,4940.0,3245.06
2026-05-17,P001,R001,C001,16,6080.0,4215.75
2026-05-17,P001,R001,C007,8,3040.0,1987.27
2026-05-17,P001,R002,C002,15,5700.0,3798.22
2026-05-17,P001,R002,C012,9,3420.0,2258.21
2026-05-17,P001,R002,C006,4,1520.0,1034.5
2026-05-17,P001,R003,C009,8,3040.0,2064.42
2026-05-17,P001,R003,C003,8,3040.0,1983.09
2026-05-17,P001,R004,C010,3,1140.0,782.81
2026-05-17,P001,R004,C004,4,1520.0,1015.06
2026-05-17,P002,R001,C001,80,6800.0,4121.49
2026-05-17,P002,R001,C005,23,1955.0,1146.16
2026-05-17,P002,R001,C007,55,4675.0,3060.96
2026-05-17,P002,R001,C011,74,6290.0,3801.78
2026-05-17,P002,R002,C002,81,6885.0,4292.91
2026-05-17,P002,R002,C006,44,3740.0,2275.75
2026-05-17,P002,R002,C008,52,4420.0,2824.69
2026-05-17,P002,R003,C009,50,4250.0,2794.15
2026-05-17,P002,R003,C003,44,3740.0,2309.5
2026-05-17,P002,R004,C004,27,2295.0,1489.69
2026-05-17,P002,R004,C010,25,2125.0,1232.95
2026-05-17,P003,R001,C011,10,6200.0,4175.23
2026-05-17,P003,R001,C005,2,1240.0,914.5
2026-05-17,P003,R001,C001,7,4340.0,3118.85
2026-05-17,P003,R002,C008,3,1860.0,1255.44
2026-05-17,P003,R002,C012,4,2480.0,1717.96
2026-05-17,P003,R002,C006,2,1240.0,856.03
2026-05-17,P003,R003,C003,4,2480.0,1692.44
2026-05-17,P003,R003,C009,5,3100.0,2184.0
2026-05-17,P003,R004,C010,2,1240.0,863.16
2026-05-17,P003,R004,C004,2,1240.0,851.99
2026-05-17,P004,R001,C007,13,3120.0,2089.46
2026-05-17,P004,R001,C005,9,2160.0,1425.5
2026-05-17,P004,R001,C011,21,5040.0,3432.37
2026-05-17,P004,R001,C001,17,4080.0,2815.09
2026-05-17,P004,R002,C002,22,5280.0,3305.09
2026-05-17,P004,R002,C008,15,3600.0,2386.82
2026-05-17,P004,R003,C003,8,1920.0,1284.39
2026-05-17,P004,R003,C009,15,3600.0,2442.89
2026-05-17,P004,R004,C010,5,1200.0,825.24
2026-05-17,P004,R004,C004,8,1920.0,1309.46
2026-05-17,P005,R001,C011,52,2340.0,1266.88
2026-05-17,P005,R001,C007,33,1485.0,879.14
2026-05-17,P005,R001,C001,51,2295.0,1347.88
2026-05-17,P005,R002,C008,24,1080.0,613.38
2026-05-17,P005,R002,C006,11,495.0,297.31
2026-05-17,P005,R002,C012,42,1890.0,1154.46
2026-05-17,P005,R002,C002,32,1440.0,796.39
2026-05-17,P005,R003,C003,22,990.0,596.37
2026-05-17,P005,R003,C009,35,1575.0,872.49
2026-05-17,P005,R004,C004,19,855.0,495.83
2026-05-17,P005,R004,C010,20,900.0,522.03
2026-05-17,P006,R001,C011,37,4440.0,2900.78
2026-05-17,P006,R001,C001,36,4320.0,2740.27
2026-05-17,P006,R001,C005,9,1080.0,665.8
2026-05-17,P006,R002,C002,25,3000.0,1905.22
2026-05-17,P006,R002,C008,11,1320.0,806.49
2026-05-17,P006,R002,C006,9,1080.0,678.16
2026-05-17,P006,R002,C012,27,3240.0,2117.44
2026-05-17,P006,R003,C003,18,2160.0,1369.8
2026-05-17,P006,R003,C009,26,3120.0,2109.67
2026-05-17,P006,R004,C004,8,960.0,606.8
2026-05-17,P006,R004,C010,9,1080.0,648.53
2026-05-18,P001,R001,C005,14,5320.0,3558.97
2026-05-18,P001,R001,C007,21,7980.0,5436.32
2026-05-18,P001,R002,C006,5,1900.0,1220.0
2026-05-18,P001,R002,C012,17,6460.0,4270.85
2026-05-18,P001,R002,C002,14,5320.0,3469.59
2026-05-18,P001,R003,C009,18,6840.0,4773.56
2026-05-18,P001,R003,C003,11,4180.0,3001.88
2026-05-18,P001,R004,C004,6,2280.0,1523.52
2026-05-18,P001,R004,C010,7,2660.0,1766.91
2026-05-18,P002,R001,C001,225,19125.0,11670.72
2026-05-18,P002,R001,C007,122,10370.0,6760.83
2026-05-18,P002,R002,C002,121,10285.0,6583.93
2026-05-18,P002,R002,C012,92,7820.0,4696.49
2026-05-18,P002,R002,C008,39,3315.0,2028.45
2026-05-18,P002,R002,C006,29,2465.0,1559.56
2026-05-18,P002,R003,C009,101,8585.0,5289.91
2026-05-18,P002,R003,C003,86,7310.0,4244.08
2026-05-18,P002,R004,C010,44,3740.0,2379.65
2026-05-18,P002,R004,C004,51,4335.0,2823.81
2026-05-18,P003,R001,C007,9,5580.0,3684.4
2026-05-18,P003,R001,C011,12,7440.0,5390.33
2026-05-18,P003,R001,C005,6,3720.0,2463.12
2026-05-18,P003,R002,C006,6,3720.0,2729.4
2026-05-18,P003,R002,C002,17,10540.0,7532.84
2026-05-18,P003,R003,C003,7,4340.0,2979.92
2026-05-18,P003,R003,C009,10,6200.0,4173.12
2026-05-18,P003,R004,C010,5,3100.0,2287.41
2026-05-18,P003,R004,C004,5,3100.0,2185.69
2026-05-18,P004,R001,C007,30,7200.0,4711.14
2026-05-18,P004,R001,C001,42,10080.0,6444.65
2026-05-18,P004,R002,C006,10,2400.0,1540.66
2026-05-18,P004,R002,C008,19,4560.0,3132.36
2026-05-18,P004,R002,C002,26,6240.0,3832.68
2026-05-18,P004,R003,C003,21,5040.0,3157.61
2026-05-18,P004,R003,C009,26,6240.0,4173.75
2026-05-18,P004,R004,C010,8,1920.0,1285.55
2026-05-18,P004,R004,C004,11,2640.0,1710.31
2026-05-18,P005,R001,C005,62,2790.0,1582.12
2026-05-18,P005,R001,C001,196,8820.0,5287.47
2026-05-18,P005,R002,C002,45,2025.0,1194.96
2026-05-18,P005,R002,C006,16,720.0,444.23
2026-05-18,P005,R002,C012,53,2385.0,1411.93
2026-05-18,P005,R002,C008,22,990.0,563.33
2026-05-18,P005,R003,C009,87,3915.0,2412.71
2026-05-18,P005,R003,C003,47,2115.0,1208.14
2026-05-18,P005,R004,C004,37,1665.0,1004.1
2026-05-18,P005,R004,C010,17,765.0,472.4
2026-05-18,P006,R001,C007,29,3480.0,2355.7
2026-05-18,P006,R001,C011,46,5520.0,3676.81
2026-05-18,P006,R001,C005,13,1560.0,987.53
2026-05-18,P006,R001,C001,58,6960.0,4372.02
2026-05-18,P006,R002,C006,12,1440.0,910.87
2026-05-18,P006,R002,C012,32,3840.0,2382.47
2026-05-18,P006,R002,C002,55,6600.0,4160.23
2026-05-18,P006,R003,C003,18,2160.0,1297.42
2026-05-18,P006,R003,C009,39,4680.0,3074.38
2026-05-18,P006,R004,C010,14,1680.0,1059.1
2026-05-18,P006,R004,C004,14,1680.0,1065.47
2026-05-19,P001,R001,C007,15,5700.0,3927.61
2026-05-19,P001,R001,C005,10,3800.0,2676.39
2026-05-19,P001,R001,C001,31,11780.0,7717.04
2026-05-19,P001,R002,C006,8,3040.0,1949.41
2026-05-19,P001,R002,C012,17,6460.0,4151.37
2026-05-19,P001,R002,C008,12,4560.0,3034.03
2026-05-19,P001,R003,C009,18,6840.0,4874.87
2026-05-19,P001,R003,C003,9,3420.0,2291.3
2026-05-19,P001,R004,C004,11,4180.0,2709.02
2026-05-19,P001,R004,C010,8,3040.0,2002.66
2026-05-19,P002,R001,C011,138,11730.0,6999.62
2026-05-19,P002,R001,C001,110,9350.0,5868.35
2026-05-19,P002,R001,C005,51,4335.0,2728.06
2026-05-19,P002,R001,C007,78,6630.0,3996.33
2026-05-19,P002,R002,C012,151,12835.0,7587.32
2026-05-19,P002,R002,C002,121,10285.0,5970.47
2026-05-19,P002,R003,C003,77,6545.0,4167.2
2026-05-19,P002,R003,C009,117,9945.0,6028.85
2026-05-19,P002,R004,C004,52,4420.0,2578.23
2026-05-19,P002,R004,C010,55,4675.0,2759.23
2026-05-19,P003,R001,C011,12,7440.0,5485.6
2026-05-19,P003,R001,C001,16,9920.0,6709.4
2026-05-19,P003,R002,C002,11,6820.0,4680.45
2026-05-19,P003,R002,C008,8,4960.0,3602.96
2026-05-19,P003,R003,C003,5,3100.0,2053.1
2026-05-19,P003,R003,C009,9,5580.0,3730.17
2026-05-19,P003,R004,C004,3,1860.0,1305.26
2026-05-19,P003,R004,C010,2,1240.0,911.12
2026-05-19,P004,R001,C001,30,7200.0,4681.25
2026-05-19,P004,R001,C005,13,3120.0,2064.46
2026-05-19,P004,R001,C011,36,8640.0,5831.18
2026-05-19,P004,R002,C002,35,8400.0,5257.59
2026-05-19,P004,R002,C012,40,9600.0,5866.78
2026-05-19,P004,R003,C003,18,4320.0,2979.4
2026-05-19,P004,R003,C009,31,7440.0,4612.71
2026-05-19,P004,R004,C010,6,1440.0,993.47
2026-05-19,P004,R004,C004,11,2640.0,1820.92
2026-05-19,P005,R001,C011,154,6930.0,4020.82
2026-05-19,P005,R001,C005,40,1800.0,1114.45
2026-05-19,P005,R001,C007,66,2970.0,1777.9
2026-05-19,P005,R002,C006,62,2790.0,1665.76
2026-05-19,P005,R002,C008,103,4635.0,2795.35
2026-05-19,P005,R003,C009,62,2790.0,1721.44
2026-05-19,P005,R003,C003,60,2700.0,1630.57
2026-05-19,P005,R004,C004,34,1530.0,929.79
2026-05-19,P005,R004,C010,26,1170.0,692.45
2026-05-19,P006,R001,C007,28,3360.0,2276.35
2026-05-19,P006,R001,C011,44,5280.0,3182.5
2026-05-19,P006,R001,C001,53,6360.0,4072.7
2026-05-19,P006,R002,C006,14,1680.0,1133.98
2026-05-19,P006,R002,C002,30,3600.0,2234.0
2026-05-19,P006,R002,C008,23,2760.0,1663.28
2026-05-19,P006,R002,C012,37,4440.0,2732.34
2026-05-19,P006,R003,C009,33,3960.0,2643.8
2026-05-19,P006,R003,C003,36,4320.0,2626.13
2026-05-19,P006,R004,C010,18,2160.0,1396.17
2026-05-19,P006,R004,C004,25,3000.0,1900.27
2026-05-20,P001,R001,C005,22,8360.0,5499.91
2026-05-20,P001,R001,C007,40,15200.0,10893.77
2026-05-20,P001,R002,C002,17,6460.0,4632.73
2026-05-20,P001,R002,C012,16,6080.0,4064.9
2026-05-20,P001,R002,C006,6,2280.0,1538.92
2026-05-20,P001,R003,C009,22,8360.0,5626.91
2026-05-20,P001,R003,C003,14,5320.0,3545.88
2026-05-20,P001,R004,C004,9,3420.0,2207.36
2026-05-20,P001,R004,C010,6,2280.0,1589.76
2026-05-20,P002,R001,C007,96,8160.0,5262.47
2026-05-20,P002,R001,C001,155,13175.0,8482.91
2026-05-20,P002,R001,C011,123,10455.0,6773.22
2026-05-20,P002,R002,C002,135,11475.0,7437.08
2026-05-20,P002,R002,C008,47,3995.0,2565.15
2026-05-20,P002,R002,C012,87,7395.0,4397.63
2026-05-20,P002,R003,C003,74,6290.0,3853.85
2026-05-20,P002,R003,C009,106,9010.0,5542.27
2026-05-20,P002,R004,C004,34,2890.0,1839.08
2026-05-20,P002,R004,C010,27,2295.0,1367.9
2026-05-20,P003,R001,C005,4,2480.0,1713.05
2026-05-20,P003,R001,C007,4,2480.0,1723.04
2026-05-20,P003,R001,C001,7,4340.0,3177.81
2026-05-20,P003,R001,C011,6,3720.0,2672.24
2026-05-20,P003,R002,C008,11,6820.0,4925.6
2026-05-20,P003,R002,C006,7,4340.0,2868.3
2026-05-20,P003,R003,C003,5,3100.0,2054.35
2026-05-20,P003,R003,C009,8,4960.0,3562.62
2026-05-20,P003,R004,C004,4,2480.0,1650.02
2026-05-20,P003,R004,C010,3,1860.0,1365.43
2026-05-20,P004,R001,C005,27,6480.0,4397.75
2026-05-20,P004,R001,C001,53,12720.0,8020.06
2026-05-20,P004,R002,C006,4,960.0,599.56
2026-05-20,P004,R002,C002,13,3120.0,1971.88
2026-05-20,P004,R002,C012,12,2880.0,1960.23
2026-05-20,P004,R002,C008,10,2400.0,1587.54
2026-05-20,P004,R003,C003,23,5520.0,3704.81
2026-05-20,P004,R003,C009,34,8160.0,5333.35
2026-05-20,P004,R004,C004,15,3600.0,2269.81
2026-05-20,P004,R004,C010,11,2640.0,1710.95
2026-05-20,P005,R001,C005,88,3960.0,2287.21
2026-05-20,P005,R001,C007,105,4725.0,2802.48
2026-05-20,P005,R002,C006,19,855.0,483.81
2026-05-20,P005,R002,C008,24,1080.0,643.64
2026-05-20,P005,R002,C012,35,1575.0,936.32
2026-05-20,P005,R002,C002,60,2700.0,1491.57
2026-05-20,P005,R003,C003,53,2385.0,1297.57
2026-05-20,P005,R003,C009,89,4005.0,2276.16
2026-05-20,P005,R004,C010,27,1215.0,738.7
2026-05-20,P005,R004,C004,44,1980.0,1137.24
2026-05-20,P006,R001,C007,118,14160.0,8685.38
2026-05-20,P006,R001,C005,84,10080.0,6588.65
2026-05-20,P006,R002,C008,12,1440.0,960.17
2026-05-20,P006,R002,C002,25,3000.0,2028.01
2026-05-20,P006,R002,C012,27,3240.0,2126.11
2026-05-20,P006,R002,C006,11,1320.0,894.58
2026-05-20,P006,R003,C003,33,3960.0,2628.65
2026-05-20,P006,R003,C009,54,6480.0,4285.5
2026-05-20,P006,R004,C004,21,2520.0,1598.94
2026-05-20,P006,R004,C010,17,2040.0,1342.14
2026-05-21,P001,R001,C011,22,8360.0,5915.59
2026-05-21,P001,R001,C007,7,2660.0,1897.83
2026-05-21,P001,R001,C005,5,1900.0,1273.97
2026-05-21,P001,R001,C001,16,6080.0,4132.72
2026-05-21,P001,R002,C002,12,4560.0,3275.74
2026-05-21,P001,R002,C008,6,2280.0,1551.51
2026-05-21,P001,R002,C012,17,6460.0,4146.22
2026-05-21,P001,R003,C003,12,4560.0,3268.25
2026-05-21,P001,R003,C009,14,5320.0,3425.04
2026-05-21,P001,R004,C010,7,2660.0,1906.28
2026-05-21,P001,R004,C004,8,3040.0,2060.05
2026-05-21,P002,R001,C005,34,2890.0,1835.91
2026-05-21,P002,R001,C007,69,5865.0,3444.03
2026-05-21,P002,R001,C001,115,9775.0,6349.61
2026-05-21,P002,R001,C011,107,9095.0,5967.75
2026-05-21,P002,R002,C008,48,4080.0,2444.05
2026-05-21,P002,R002,C012,97,8245.0,5119.36
2026-05-21,P002,R002,C002,141,11985.0,7871.41
2026-05-21,P002,R003,C009,90,7650.0,4456.49
2026-05-21,P002,R003,C003,74,6290.0,3933.32
2026-05-21,P002,R004,C010,61,5185.0,3323.11
2026-05-21,P002,R004,C004,67,5695.0,3560.97
2026-05-21,P003,R001,C001,14,8680.0,6374.83
2026-05-21,P003,R001,C007,9,5580.0,3749.43
2026-05-21,P003,R002,C012,6,3720.0,2473.32
2026-05-21,P003,R002,C002,8,4960.0,3332.23
2026-05-21,P003,R002,C008,4,2480.0,1638.43
2026-05-21,P003,R003,C003,6,3720.0,2742.92
2026-05-21,P003,R003,C009,11,6820.0,4595.04
2026-05-21,P003,R004,C010,3,1860.0,1259.35
2026-05-21,P003,R004,C004,4,2480.0,1793.08
2026-05-21,P004,R001,C011,38,9120.0,5960.17
2026-05-21,P004,R001,C007,24,5760.0,3568.78
2026-05-21,P004,R001,C005,12,2880.0,1935.96
2026-05-21,P004,R002,C002,20,4800.0,3191.32
2026-05-21,P004,R002,C006,8,1920.0,1252.87
2026-05-21,P004,R002,C012,20,4800.0,3261.34
2026-05-21,P004,R002,C008,13,3120.0,1958.84
2026-05-21,P004,R003,C009,32,7680.0,5251.93
2026-05-21,P004,R003,C003,18,4320.0,2864.58
2026-05-21,P004,R004,C010,8,1920.0,1245.19
2026-05-21,P004,R004,C004,9,2160.0,1468.77
2026-05-21,P005,R001,C011,98,4410.0,2494.54
2026-05-21,P005,R001,C001,147,6615.0,4078.03
2026-05-21,P005,R002,C002,72,3240.0,1785.57
2026-05-21,P005,R002,C012,98,4410.0,2674.42
2026-05-21,P005,R003,C003,44,1980.0,1147.95
2026-05-21,P005,R003,C009,79,3555.0,2173.59
2026-05-21,P005,R004,C004,30,1350.0,777.81
2026-05-21,P005,R004,C010,29,1305.0,762.87
2026-05-21,P006,R001,C001,77,9240.0,6156.1
2026-05-21,P006,R001,C005,15,1800.0,1110.34
2026-05-21,P006,R001,C011,74,8880.0,5700.89
2026-05-21,P006,R001,C007,34,4080.0,2588.63
2026-05-21,P006,R002,C012,51,6120.0,3881.26
2026-05-21,P006,R002,C002,40,4800.0,2961.65
2026-05-21,P006,R003,C003,22,2640.0,1677.93
2026-05-21,P006,R003,C009,40,4800.0,2945.97
2026-05-21,P006,R004,C010,13,1560.0,949.12
2026-05-21,P006,R004,C004,21,2520.0,1522.62
2026-05-22,P001,R001,C011,14,5320.0,3586.55
2026-05-22,P001,R001,C001,17,6460.0,4648.97
2026-05-22,P001,R001,C005,5,1900.0,1329.87
2026-05-22,P001,R001,C007,7,2660.0,1835.73
2026-05-22,P001,R002,C006,14,5320.0,3497.38
2026-05-22,P001,R002,C008,20,7600.0,5372.26
2026-05-22,P001,R003,C009,20,7600.0,5094.13
2026-05-22,P001,R003,C003,9,3420.0,2369.2
2026-05-22,P001,R004,C004,8,3040.0,2057.1
2026-05-22,P001,R004,C010,5,1900.0,1290.63
2026-05-22,P002,R001,C007,55,4675.0,2874.51
2026-05-22,P002,R001,C001,154,13090.0,8187.46
2026-05-22,P002,R001,C005,40,3400.0,2087.23
2026-05-22,P002,R001,C011,152,12920.0,7599.66
2026-05-22,P002,R002,C006,23,1955.0,1248.05
2026-05-22,P002,R002,C002,95,8075.0,5153.94
2026-05-22,P002,R002,C012,124,10540.0,6175.68
2026-05-22,P002,R002,C008,54,4590.0,2841.53
2026-05-22,P002,R003,C009,109,9265.0,5937.69
2026-05-22,P002,R003,C003,79,6715.0,4293.43
2026-05-22,P002,R004,C010,50,4250.0,2743.39
2026-05-22,P002,R004,C004,49,4165.0,2684.43
2026-05-22,P003,R001,C001,11,6820.0,4956.28
2026-05-22,P003,R001,C011,10,6200.0,4148.51
2026-05-22,P003,R001,C005,3,1860.0,1278.96
2026-05-22,P003,R001,C007,3,1860.0,1340.86
2026-05-22,P003,R002,C008,8,4960.0,3300.86
2026-05-22,P003,R002,C006,5,3100.0,2071.61
2026-05-22,P003,R002,C002,10,6200.0,4310.42
2026-05-22,P003,R003,C003,5,3100.0,2185.4
2026-05-22,P003,R003,C009,8,4960.0,3404.84
2026-05-22,P003,R004,C010,2,1240.0,828.02
2026-05-22,P003,R004,C004,3,1860.0,1307.67
2026-05-22,P004,R001,C011,39,9360.0,6175.23
2026-05-22,P004,R001,C001,27,6480.0,4325.99
2026-05-22,P004,R001,C007,19,4560.0,3049.63
2026-05-22,P004,R001,C005,13,3120.0,1943.4
2026-05-22,P004,R002,C008,42,10080.0,6153.59
2026-05-22,P004,R002,C006,30,7200.0,4647.21
2026-05-22,P004,R003,C003,14,3360.0,2058.74
2026-05-22,P004,R003,C009,20,4800.0,2951.81
2026-05-22,P004,R004,C010,10,2400.0,1502.21
2026-05-22,P004,R004,C004,13,3120.0,1970.32
2026-05-22,P005,R001,C001,131,5895.0,3221.3
2026-05-22,P005,R001,C007,58,2610.0,1606.36
2026-05-22,P005,R001,C005,47,2115.0,1199.27
2026-05-22,P005,R002,C008,26,1170.0,652.79
2026-05-22,P005,R002,C002,68,3060.0,1724.73
2026-05-22,P005,R002,C006,24,1080.0,634.59
2026-05-22,P005,R002,C012,40,1800.0,1094.78
2026-05-22,P005,R003,C003,50,2250.0,1368.32
2026-05-22,P005,R003,C009,67,3015.0,1665.26
2026-05-22,P005,R004,C004,27,1215.0,671.69
2026-05-22,P005,R004,C010,17,765.0,469.68
2026-05-22,P006,R001,C011,52,6240.0,4225.7
2026-05-22,P006,R001,C007,18,2160.0,1333.72
2026-05-22,P006,R001,C005,14,1680.0,1076.77
2026-05-22,P006,R001,C001,52,6240.0,4035.68
2026-05-22,P006,R002,C008,40,4800.0,3228.41
2026-05-22,P006,R002,C012,66,7920.0,5072.95
2026-05-22,P006,R003,C003,33,3960.0,2503.99
2026-05-22,P006,R003,C009,47,5640.0,3813.95
2026-05-22,P006,R004,C010,19,2280.0,1486.93
2026-05-22,P006,R004,C004,22,2640.0,1643.32
2026-05-23,P001,R001,C001,19,7220.0,5007.1
2026-05-23,P001,R001,C007,14,5320.0,3422.75
2026-05-23,P001,R002,C012,15,5700.0,4027.75
2026-05-23,P001,R002,C008,7,2660.0,1860.97
2026-05-23,P001,R002,C006,4,1520.0,1005.52
2026-05-23,P001,R003,C009,13,4940.0,3450.86
2026-05-23,P001,R003,C003,6,2280.0,1501.77
2026-05-23,P001,R004,C004,5,1900.0,1268.36
2026-05-23,P001,R004,C010,4,1520.0,1086.56
2026-05-23,P002,R001,C001,104,8840.0,5175.71
2026-05-23,P002,R001,C005,47,3995.0,2449.92
2026-05-23,P002,R001,C011,120,10200.0,6311.95
2026-05-23,P002,R002,C002,86,7310.0,4599.9
2026-05-23,P002,R002,C012,87,7395.0,4710.57
2026-05-23,P002,R003,C009,42,3570.0,2161.73
2026-05-23,P002,R003,C003,40,3400.0,2137.91
2026-05-23,P002,R004,C010,22,1870.0,1110.01
2026-05-23,P002,R004,C004,34,2890.0,1834.36
2026-05-23,P003,R001,C001,9,5580.0,4004.06
2026-05-23,P003,R001,C007,6,3720.0,2590.34
2026-05-23,P003,R002,C008,8,4960.0,3663.45
2026-05-23,P003,R002,C006,4,2480.0,1830.91
2026-05-23,P003,R003,C003,4,2480.0,1647.46
2026-05-23,P003,R003,C009,5,3100.0,2219.77
2026-05-23,P003,R004,C010,2,1240.0,889.44
2026-05-23,P003,R004,C004,2,1240.0,835.02
2026-05-23,P004,R001,C007,13,3120.0,1992.07
2026-05-23,P004,R001,C005,7,1680.0,1148.55
2026-05-23,P004,R001,C011,27,6480.0,3967.98
2026-05-23,P004,R001,C001,22,5280.0,3528.45
2026-05-23,P004,R002,C002,27,6480.0,4362.91
2026-05-23,P004,R002,C008,15,3600.0,2229.31
2026-05-23,P004,R003,C009,16,3840.0,2638.76
2026-05-23,P004,R003,C003,14,3360.0,2088.88
2026-05-23,P004,R004,C004,6,1440.0,891.53
2026-05-23,P004,R004,C010,7,1680.0,1124.35
2026-05-23,P005,R001,C005,21,945.0,559.05
2026-05-23,P005,R001,C011,39,1755.0,957.64
2026-05-23,P005,R001,C007,25,1125.0,638.26
2026-05-23,P005,R001,C001,61,2745.0,1567.0
2026-05-23,P005,R002,C002,34,1530.0,917.03
2026-05-23,P005,R002,C006,9,405.0,232.46
2026-05-23,P005,R002,C008,18,810.0,481.91
2026-05-23,P005,R002,C012,24,1080.0,642.72
2026-05-23,P005,R003,C009,65,2925.0,1798.4
2026-05-23,P005,R003,C003,42,1890.0,1052.27
2026-05-23,P005,R004,C010,12,540.0,334.17
2026-05-23,P005,R004,C004,20,900.0,524.03
2026-05-23,P006,R001,C005,20,2400.0,1529.16
2026-05-23,P006,R001,C001,49,5880.0,3725.6
2026-05-23,P006,R001,C007,23,2760.0,1659.58
2026-05-23,P006,R002,C002,47,5640.0,3532.94
2026-05-23,P006,R002,C006,15,1800.0,1131.39
2026-05-23,P006,R003,C003,20,2400.0,1475.4
2026-05-23,P006,R003,C009,20,2400.0,1535.8
2026-05-23,P006,R004,C004,9,1080.0,706.51
2026-05-23,P006,R004,C010,9,1080.0,674.89
2026-05-24,P001,R001,C001,36,13680.0,9270.42
2026-05-24,P001,R001,C005,8,3040.0,2159.42
2026-05-24,P001,R002,C008,4,1520.0,1040.12
2026-05-24,P001,R002,C002,8,3040.0,2007.5
2026-05-24,P001,R002,C006,2,760.0,492.07
2026-05-24,P001,R002,C012,6,2280.0,1588.6
2026-05-24,P001,R003,C009,13,4940.0,3473.0
2026-05-24,P001,R003,C003,8,3040.0,2165.38
2026-05-24,P001,R004,C004,4,1520.0,1031.85
2026-05-24,P001,R004,C010,4,1520.0,1008.42
2026-05-24,P002,R001,C005,26,2210.0,1420.73
2026-05-24,P002,R001,C011,70,5950.0,3559.35
2026-05-24,P002,R001,C001,104,8840.0,5611.21
2026-05-24,P002,R001,C007,55,4675.0,3048.98
2026-05-24,P002,R002,C002,92,7820.0,4690.82
2026-05-24,P002,R002,C006,42,3570.0,2099.02
2026-05-24,P002,R003,C009,57,4845.0,2972.61
2026-05-24,P002,R003,C003,33,2805.0,1671.86
2026-05-24,P002,R004,C004,29,2465.0,1624.81
2026-05-24,P002,R004,C010,30,2550.0,1522.98
2026-05-24,P003,R001,C005,2,1240.0,823.1
2026-05-24,P003,R001,C001,7,4340.0,3052.95
2026-05-24,P003,R001,C011,8,4960.0,3643.85
2026-05-24,P003,R002,C006,2,1240.0,830.8
2026-05-24,P003,R002,C008,4,2480.0,1715.0
2026-05-24,P003,R002,C002,8,4960.0,3336.25
2026-05-24,P003,R003,C003,3,1860.0,1350.77
2026-05-24,P003,R003,C009,4,2480.0,1648.29
2026-05-24,P003,R004,C004,3,1860.0,1293.39
2026-05-24,P003,R004,C010,2,1240.0,897.56
2026-05-24,P004,R001,C007,8,1920.0,1213.27
2026-05-24,P004,R001,C005,8,1920.0,1220.51
2026-05-24,P004,R001,C001,21,5040.0,3347.8
2026-05-24,P004,R001,C011,23,5520.0,3413.74
2026-05-24,P004,R002,C012,11,2640.0,1746.45
2026-05-24,P004,R002,C002,14,3360.0,2070.92
2026-05-24,P004,R002,C006,4,960.0,638.88
2026-05-24,P004,R003,C003,12,2880.0,1922.47
2026-05-24,P004,R003,C009,17,4080.0,2524.26
2026-05-24,P004,R004,C004,7,1680.0,1130.88
2026-05-24,P004,R004,C010,6,1440.0,942.97
2026-05-24,P005,R001,C001,49,2205.0,1260.0
2026-05-24,P005,R001,C011,62,2790.0,1529.5
2026-05-24,P005,R001,C005,22,990.0,587.12
2026-05-24,P005,R001,C007,32,1440.0,860.86
2026-05-24,P005,R002,C002,91,4095.0,2458.6
2026-05-24,P005,R002,C006,30,1350.0,822.59
2026-05-24,P005,R003,C003,23,1035.0,618.9
2026-05-24,P005,R003,C009,28,1260.0,688.14
2026-05-24,P005,R004,C004,20,900.0,549.87
2026-05-24,P005,R004,C010,13,585.0,325.74
2026-05-24,P006,R001,C005,26,3120.0,2053.36
2026-05-24,P006,R001,C001,70,8400.0,5465.72
2026-05-24,P006,R002,C012,21,2520.0,1632.05
2026-05-24,P006,R002,C002,28,3360.0,2164.1
2026-05-24,P006,R002,C006,9,1080.0,663.14
2026-05-24,P006,R002,C008,13,1560.0,1043.86
2026-05-24,P006,R003,C009,33,3960.0,2444.54
2026-05-24,P006,R003,C003,13,1560.0,1051.44
2026-05-24,P006,R004,C004,8,960.0,626.85
2026-05-24,P006,R004,C010,6,720.0,450.04
2026-05-25,P001,R001,C011,60,22800.0,15406.87
2026-05-25,P001,R001,C005,16,6080.0,4028.43
2026-05-25,P001,R002,C012,15,5700.0,3833.69
2026-05-25,P001,R002,C008,10,3800.0,2503.49
2026-05-25,P001,R002,C002,15,5700.0,3915.57
2026-05-25,P001,R002,C006,6,2280.0,1510.23
2026-05-25,P001,R003,C009,10,3800.0,2655.71
2026-05-25,P001,R003,C003,8,3040.0,2142.99
2026-05-25,P001,R004,C004,6,2280.0,1623.79
2026-05-25,P001,R004,C010,6,2280.0,1531.27
2026-05-25,P002,R001,C011,134,11390.0,6973.52
2026-05-25,P002,R001,C007,54,4590.0,2879.97
2026-05-25,P002,R001,C005,43,3655.0,2185.95
2026-05-25,P002,R001,C001,110,9350.0,5784.3
2026-05-25,P002,R002,C002,124,10540.0,6260.29
2026-05-25,P002,R002,C006,40,3400.0,2010.58
2026-05-25,P002,R002,C008,72,6120.0,3740.74
2026-05-25,P002,R003,C003,108,9180.0,5781.47
2026-05-25,P002,R003,C009,138,11730.0,7226.71
2026-05-25,P002,R004,C010,27,2295.0,1433.93
2026-05-25,P002,R004,C004,31,2635.0,1530.36
2026-05-25,P003,R001,C005,3,1860.0,1360.41
2026-05-25,P003,R001,C011,10,6200.0,4282.96
2026-05-25,P003,R001,C007,6,3720.0,2678.12
2026-05-25,P003,R001,C001,14,8680.0,5905.33
2026-05-25,P003,R002,C012,9,5580.0,4104.85
2026-05-25,P003,R002,C008,5,3100.0,2206.15
2026-05-25,P003,R003,C003,6,3720.0,2603.36
2026-05-25,P003,R003,C009,7,4340.0,3023.61
2026-05-25,P003,R004,C004,4,2480.0,1779.24
2026-05-25,P003,R004,C010,3,1860.0,1239.82
2026-05-25,P004,R001,C001,31,7440.0,4890.51
2026-05-25,P004,R001,C011,28,6720.0,4311.28
2026-05-25,P004,R001,C005,8,1920.0,1189.66
2026-05-25,P004,R001,C007,11,2640.0,1625.19
2026-05-25,P004,R002,C008,22,5280.0,3569.7
2026-05-25,P004,R002,C006,11,2640.0,1634.07
2026-05-25,P004,R002,C002,33,7920.0,4961.35
2026-05-25,P004,R003,C009,29,6960.0,4458.09
2026-05-25,P004,R003,C003,13,3120.0,2149.94
2026-05-25,P004,R004,C004,11,2640.0,1738.78
2026-05-25,P004,R004,C010,9,2160.0,1477.26
2026-05-25,P005,R001,C001,149,6705.0,4080.7
2026-05-25,P005,R001,C007,100,4500.0,2500.91
2026-05-25,P005,R002,C006,33,1485.0,812.2
2026-05-25,P005,R002,C002,113,5085.0,2824.09
2026-05-25,P005,R002,C008,43,1935.0,1193.35
2026-05-25,P005,R003,C009,90,4050.0,2489.37
2026-05-25,P005,R003,C003,62,2790.0,1577.97
2026-05-25,P005,R004,C010,28,1260.0,768.19
2026-05-25,P005,R004,C004,28,1260.0,683.19
2026-05-25,P006,R001,C001,35,4200.0,2621.87
2026-05-25,P006,R001,C011,38,4560.0,2781.11
2026-05-25,P006,R001,C007,21,2520.0,1533.02
2026-05-25,P006,R002,C006,36,4320.0,2761.49
2026-05-25,P006,R002,C008,70,8400.0,5252.17
2026-05-25,P006,R003,C003,30,3600.0,2409.27
2026-05-25,P006,R003,C009,32,3840.0,2304.12
2026-05-25,P006,R004,C004,23,2760.0,1688.97
2026-05-25,P006,R004,C010,20,2400.0,1542.64
2026-05-26,P001,R001,C011,35,13300.0,9121.16
2026-05-26,P001,R001,C005,12,4560.0,3037.13
2026-05-26,P001,R002,C006,9,3420.0,2352.83
2026-05-26,P001,R002,C012,21,7980.0,5243.57
2026-05-26,P001,R003,C009,16,6080.0,3948.12
2026-05-26,P001,R003,C003,14,5320.0,3604.91
2026-05-26,P001,R004,C004,8,3040.0,2069.79
2026-05-26,P001,R004,C010,10,3800.0,2580.17
2026-05-26,P002,R001,C007,322,27370.0,17075.55
2026-05-26,P002,R001,C005,167,14195.0,9278.72
2026-05-26,P002,R002,C002,91,7735.0,4830.81
2026-05-26,P002,R002,C006,36,3060.0,1776.74
2026-05-26,P002,R002,C012,107,9095.0,5690.08
2026-05-26,P002,R003,C009,143,12155.0,8008.22
2026-05-26,P002,R003,C003,81,6885.0,4382.87
2026-05-26,P002,R004,C004,39,3315.0,2083.91
2026-05-26,P002,R004,C010,27,2295.0,1354.23
2026-05-26,P003,R001,C007,9,5580.0,3960.14
2026-05-26,P003,R001,C005,7,4340.0,2956.27
2026-05-26,P003,R001,C001,14,8680.0,6067.24
2026-05-26,P003,R002,C012,9,5580.0,4117.45
2026-05-26,P003,R002,C008,7,4340.0,3132.79
2026-05-26,P003,R003,C003,7,4340.0,2963.87
2026-05-26,P003,R003,C009,10,6200.0,4370.36
2026-05-26,P003,R004,C004,3,1860.0,1342.93
2026-05-26,P003,R004,C010,2,1240.0,902.15
2026-05-26,P004,R001,C011,28,6720.0,4207.29
2026-05-26,P004,R001,C007,16,3840.0,2489.59
2026-05-26,P004,R001,C005,7,1680.0,1044.37
2026-05-26,P004,R001,C001,25,6000.0,3765.64
2026-05-26,P004,R002,C012,25,6000.0,3768.06
2026-05-26,P004,R002,C002,42,10080.0,6266.91
2026-05-26,P004,R003,C009,29,6960.0,4303.44
2026-05-26,P004,R003,C003,22,5280.0,3569.45
2026-05-26,P004,R004,C004,8,1920.0,1305.51
2026-05-26,P004,R004,C010,10,2400.0,1592.61
2026-05-26,P005,R001,C011,66,2970.0,1805.43
2026-05-26,P005,R001,C007,60,2700.0,1587.01
2026-05-26,P005,R001,C001,95,4275.0,2311.68
2026-05-26,P005,R002,C006,38,1710.0,1050.97
2026-05-26,P005,R002,C002,102,4590.0,2844.92
2026-05-26,P005,R002,C008,40,1800.0,983.64
2026-05-26,P005,R003,C009,93,4185.0,2542.05
2026-05-26,P005,R003,C003,45,2025.0,1145.45
2026-05-26,P005,R004,C004,26,1170.0,704.65
2026-05-26,P005,R004,C010,29,1305.0,740.7
2026-05-26,P006,R001,C001,83,9960.0,6285.59
2026-05-26,P006,R001,C007,39,4680.0,2951.47
2026-05-26,P006,R002,C008,42,5040.0,3221.72
2026-05-26,P006,R002,C002,55,6600.0,4327.9
2026-05-26,P006,R003,C009,59,7080.0,4644.69
2026-05-26,P006,R003,C003,25,3000.0,2012.39
2026-05-26,P006,R004,C010,13,1560.0,1032.31
2026-05-26,P006,R004,C004,16,1920.0,1303.92
2026-05-27,P001,R001,C007,11,4180.0,2942.57
2026-05-27,P001,R001,C011,17,6460.0,4644.16
2026-05-27,P001,R001,C001,27,10260.0,6637.84
2026-05-27,P001,R002,C006,20,7600.0,5106.27
2026-05-27,P001,R002,C008,30,11400.0,7606.62
2026-05-27,P001,R003,C009,17,6460.0,4249.06
2026-05-27,P001,R003,C003,10,3800.0,2598.38
2026-05-27,P001,R004,C004,6,2280.0,1560.29
2026-05-27,P001,R004,C010,6,2280.0,1604.58
2026-05-27,P002,R001,C011,117,9945.0,6084.53
2026-05-27,P002,R001,C007,80,6800.0,4258.23
2026-05-27,P002,R001,C001,154,13090.0,8432.39
2026-05-27,P002,R001,C005,51,4335.0,2852.73
2026-05-27,P002,R002,C006,35,2975.0,1822.16
2026-05-27,P002,R002,C012,133,11305.0,6591.97
2026-05-27,P002,R002,C008,70,5950.0,3684.48
2026-05-27,P002,R003,C003,100,8500.0,4939.36
2026-05-27,P002,R003,C009,85,7225.0,4400.21
2026-05-27,P002,R004,C004,39,3315.0,2004.3
2026-05-27,P002,R004,C010,38,3230.0,1945.95
2026-05-27,P003,R001,C005,7,4340.0,2972.11
2026-05-27,P003,R001,C011,25,15500.0,10976.37
2026-05-27,P003,R002,C012,9,5580.0,3847.86
2026-05-27,P003,R002,C002,8,4960.0,3371.25
2026-05-27,P003,R003,C003,6,3720.0,2521.1
2026-05-27,P003,R003,C009,6,3720.0,2574.42
2026-05-27,P003,R004,C010,3,1860.0,1297.85
2026-05-27,P003,R004,C004,3,1860.0,1320.85
2026-05-27,P004,R001,C007,14,3360.0,2230.4
2026-05-27,P004,R001,C011,31,7440.0,4607.48
2026-05-27,P004,R001,C005,13,3120.0,2115.26
2026-05-27,P004,R001,C001,44,10560.0,6803.24
2026-05-27,P004,R002,C008,9,2160.0,1323.17
2026-05-27,P004,R002,C006,7,1680.0,1096.91
2026-05-27,P004,R002,C002,25,6000.0,3857.68
2026-05-27,P004,R002,C012,24,5760.0,3813.64
2026-05-27,P004,R003,C009,21,5040.0,3274.86
2026-05-27,P004,R003,C003,10,2400.0,1611.75
2026-05-27,P004,R004,C004,10,2400.0,1486.24
2026-05-27,P004,R004,C010,6,1440.0,970.97
2026-05-27,P005,R001,C005,30,1350.0,783.74
2026-05-27,P005,R001,C001,82,3690.0,2001.49
2026-05-27,P005,R001,C011,126,5670.0,3303.35
2026-05-27,P005,R002,C012,121,5445.0,3224.41
2026-05-27,P005,R002,C008,48,2160.0,1170.21
2026-05-27,P005,R003,C003,62,2790.0,1581.1
2026-05-27,P005,R003,C009,100,4500.0,2558.72
2026-05-27,P005,R004,C010,24,1080.0,584.28
2026-05-27,P005,R004,C004,36,1620.0,875.37
2026-05-27,P006,R001,C001,73,8760.0,5905.35
2026-05-27,P006,R001,C007,34,4080.0,2666.36
2026-05-27,P006,R001,C005,26,3120.0,1950.32
2026-05-27,P006,R002,C008,23,2760.0,1780.16
2026-05-27,P006,R002,C002,53,6360.0,4136.57
2026-05-27,P006,R002,C006,20,2400.0,1537.33
2026-05-27,P006,R003,C003,26,3120.0,2013.98
2026-05-27,P006,R003,C009,39,4680.0,2814.75
2026-05-27,P006,R004,C004,14,1680.0,1037.27
2026-05-27,P006,R004,C010,16,1920.0,1217.7
2026-05-28,P001,R001,C005,18,6840.0,4763.77
2026-05-28,P001,R001,C011,31,11780.0,7820.62
2026-05-28,P001,R002,C006,8,3040.0,1956.06
2026-05-28,P001,R002,C012,35,13300.0,9487.12
2026-05-28,P001,R003,C009,17,6460.0,4212.4
2026-05-28,P001,R003,C003,13,4940.0,3433.38
2026-05-28,P001,R004,C004,8,3040.0,2060.17
2026-05-28,P001,R004,C010,5,1900.0,1348.45
2026-05-28,P002,R001,C005,43,3655.0,2252.01
2026-05-28,P002,R001,C001,168,14280.0,8314.44
2026-05-28,P002,R001,C011,114,9690.0,6027.42
2026-05-28,P002,R001,C007,91,7735.0,4664.92
2026-05-28,P002,R002,C006,41,3485.0,2151.67
2026-05-28,P002,R002,C008,40,3400.0,2099.53
2026-05-28,P002,R002,C012,89,7565.0,4833.11
2026-05-28,P002,R002,C002,118,10030.0,5930.13
2026-05-28,P002,R003,C003,58,4930.0,3182.41
2026-05-28,P002,R003,C009,121,10285.0,6107.11
2026-05-28,P002,R004,C010,37,3145.0,1946.87
2026-05-28,P002,R004,C004,48,4080.0,2622.3
2026-05-28,P003,R001,C011,14,8680.0,6368.47
2026-05-28,P003,R001,C005,4,2480.0,1657.7
2026-05-28,P003,R001,C001,10,6200.0,4203.27
2026-05-28,P003,R002,C012,11,6820.0,4727.7
2026-05-28,P003,R002,C008,5,3100.0,2198.54
2026-05-28,P003,R003,C003,5,3100.0,2129.82
2026-05-28,P003,R003,C009,7,4340.0,3204.98
2026-05-28,P003,R004,C004,4,2480.0,1809.89
2026-05-28,P003,R004,C010,3,1860.0,1312.4
2026-05-28,P004,R001,C011,37,8880.0,5861.26
2026-05-28,P004,R001,C005,10,2400.0,1589.26
2026-05-28,P004,R001,C001,49,11760.0,7343.94
2026-05-28,P004,R002,C006,12,2880.0,1954.62
2026-05-28,P004,R002,C008,12,2880.0,1818.48
2026-05-28,P004,R002,C012,24,5760.0,3740.84
2026-05-28,P004,R003,C009,38,9120.0,6165.78
2026-05-28,P004,R003,C003,18,4320.0,2855.0
2026-05-28,P004,R004,C004,10,2400.0,1564.3
2026-05-28,P004,R004,C010,9,2160.0,1442.65
2026-05-28,P005,R001,C011,99,4455.0,2627.68
2026-05-28,P005,R001,C001,64,2880.0,1758.97
2026-05-28,P005,R001,C007,44,1980.0,1091.06
2026-05-28,P005,R001,C005,33,1485.0,837.45
2026-05-28,P005,R002,C012,166,7470.0,4065.5
2026-05-28,P005,R002,C006,35,1575.0,938.44
2026-05-28,P005,R003,C009,76,3420.0,1856.56
2026-05-28,P005,R003,C003,37,1665.0,977.05
2026-05-28,P005,R004,C004,44,1980.0,1099.45
2026-05-28,P005,R004,C010,36,1620.0,940.46
2026-05-28,P006,R001,C011,59,7080.0,4582.58
2026-05-28,P006,R001,C005,15,1800.0,1183.62
2026-05-28,P006,R001,C001,52,6240.0,4050.32
2026-05-28,P006,R002,C008,18,2160.0,1369.52
2026-05-28,P006,R002,C002,31,3720.0,2301.44
2026-05-28,P006,R002,C012,46,5520.0,3597.29
2026-05-28,P006,R003,C009,57,6840.0,4406.91
2026-05-28,P006,R003,C003,22,2640.0,1668.39
2026-05-28,P006,R004,C004,23,2760.0,1829.28
2026-05-28,P006,R004,C010,16,1920.0,1176.0
2026-05-29,P001,R001,C005,16,6080.0,4131.25
2026-05-29,P001,R001,C001,34,12920.0,8867.16
2026-05-29,P001,R002,C006,7,2660.0,1736.27
2026-05-29,P001,R002,C002,20,7600.0,5283.77
2026-05-29,P001,R002,C008,16,6080.0,4150.05
2026-05-29,P001,R003,C009,13,4940.0,3512.77
2026-05-29,P001,R003,C003,12,4560.0,3226.81
2026-05-29,P001,R004,C010,5,1900.0,1249.6
2026-05-29,P001,R004,C004,7,2660.0,1773.91
2026-05-29,P002,R001,C001,191,16235.0,9862.4
2026-05-29,P002,R001,C005,66,5610.0,3443.84
2026-05-29,P002,R001,C007,124,10540.0,6256.75
2026-05-29,P002,R002,C012,99,8415.0,5326.32
2026-05-29,P002,R002,C002,95,8075.0,4862.83
2026-05-29,P002,R003,C009,77,6545.0,4193.05
2026-05-29,P002,R003,C003,53,4505.0,2622.29
2026-05-29,P002,R004,C004,52,4420.0,2817.74
2026-05-29,P002,R004,C010,24,2040.0,1268.2
2026-05-29,P003,R001,C007,13,8060.0,5684.85
2026-05-29,P003,R001,C001,23,14260.0,10497.92
2026-05-29,P003,R002,C012,11,6820.0,4749.59
2026-05-29,P003,R002,C006,5,3100.0,2118.7
2026-05-29,P003,R003,C003,6,3720.0,2577.87
2026-05-29,P003,R003,C009,8,4960.0,3416.55
2026-05-29,P003,R004,C004,3,1860.0,1340.33
2026-05-29,P003,R004,C010,2,1240.0,902.71
2026-05-29,P004,R001,C007,43,10320.0,6391.7
2026-05-29,P004,R001,C005,50,12000.0,7519.71
2026-05-29,P004,R002,C012,19,4560.0,2960.2
2026-05-29,P004,R002,C002,19,4560.0,2862.1
2026-05-29,P004,R003,C003,13,3120.0,2003.83
2026-05-29,P004,R003,C009,26,6240.0,4185.39
2026-05-29,P004,R004,C004,13,3120.0,2143.03
2026-05-29,P004,R004,C010,12,2880.0,1943.87
2026-05-29,P005,R001,C007,62,2790.0,1523.97
2026-05-29,P005,R001,C005,39,1755.0,962.1
2026-05-29,P005,R001,C011,98,4410.0,2396.75
2026-05-29,P005,R001,C001,68,3060.0,1854.37
2026-05-29,P005,R002,C006,20,900.0,549.62
2026-05-29,P005,R002,C012,64,2880.0,1732.16
2026-05-29,P005,R002,C008,24,1080.0,607.39
2026-05-29,P005,R002,C002,51,2295.0,1293.19
2026-05-29,P005,R003,C009,57,2565.0,1417.3
2026-05-29,P005,R003,C003,34,1530.0,830.99
2026-05-29,P005,R004,C004,44,1980.0,1170.71
2026-05-29,P005,R004,C010,35,1575.0,913.18
2026-05-29,P006,R001,C007,38,4560.0,2957.25
2026-05-29,P006,R001,C005,17,2040.0,1255.78
2026-05-29,P006,R001,C001,71,8520.0,5521.95
2026-05-29,P006,R001,C011,41,4920.0,3131.38
2026-05-29,P006,R002,C012,68,8160.0,5287.53
2026-05-29,P006,R002,C008,27,3240.0,1969.89
2026-05-29,P006,R002,C006,15,1800.0,1176.29
2026-05-29,P006,R003,C003,30,3600.0,2312.86
2026-05-29,P006,R003,C009,44,5280.0,3482.69
2026-05-29,P006,R004,C010,13,1560.0,957.87
2026-05-29,P006,R004,C004,24,2880.0,1810.34
2026-05-30,P001,R001,C011,15,5700.0,4020.34
2026-05-30,P001,R001,C007,5,1900.0,1289.95
2026-05-30,P001,R001,C005,5,1900.0,1294.57
2026-05-30,P001,R001,C001,11,4180.0,2727.92
2026-05-30,P001,R002,C012,18,6840.0,4670.5
2026-05-30,P001,R002,C008,10,3800.0,2626.23
2026-05-30,P001,R002,C006,6,2280.0,1518.15
2026-05-30,P001,R003,C003,6,2280.0,1520.1
2026-05-30,P001,R003,C009,13,4940.0,3492.52
2026-05-30,P001,R004,C010,4,1520.0,1069.46
2026-05-30,P001,R004,C004,4,1520.0,1073.3
2026-05-30,P002,R001,C001,218,18530.0,12223.49
2026-05-30,P002,R001,C007,78,6630.0,4341.44
2026-05-30,P002,R002,C006,83,7055.0,4284.69
2026-05-30,P002,R002,C008,115,9775.0,6289.37
2026-05-30,P002,R003,C003,36,3060.0,1791.8
2026-05-30,P002,R003,C009,54,4590.0,2968.82
2026-05-30,P002,R004,C004,26,2210.0,1302.98
2026-05-30,P002,R004,C010,28,2380.0,1570.08
2026-05-30,P003,R001,C007,6,3720.0,2703.57
2026-05-30,P003,R001,C011,12,7440.0,4997.01
2026-05-30,P003,R001,C005,5,3100.0,2252.01
2026-05-30,P003,R002,C012,8,4960.0,3426.64
2026-05-30,P003,R002,C008,3,1860.0,1314.79
2026-05-30,P003,R003,C003,3,1860.0,1331.51
2026-05-30,P003,R003,C009,7,4340.0,2988.62
2026-05-30,P003,R004,C010,1,620.0,447.39
2026-05-30,P003,R004,C004,3,1860.0,1354.85
2026-05-30,P004,R001,C007,21,5040.0,3250.62
2026-05-30,P004,R001,C001,39,9360.0,6298.87
2026-05-30,P004,R002,C008,6,1440.0,955.06
2026-05-30,P004,R002,C006,3,720.0,445.61
2026-05-30,P004,R002,C012,9,2160.0,1405.18
2026-05-30,P004,R002,C002,12,2880.0,1764.27
2026-05-30,P004,R003,C009,15,3600.0,2419.28
2026-05-30,P004,R003,C003,10,2400.0,1465.26
2026-05-30,P004,R004,C010,9,2160.0,1405.93
2026-05-30,P004,R004,C004,10,2400.0,1634.01
2026-05-30,P005,R001,C001,45,2025.0,1227.14
2026-05-30,P005,R001,C011,34,1530.0,943.49
2026-05-30,P005,R001,C007,20,900.0,504.85
2026-05-30,P005,R001,C005,17,765.0,462.95
2026-05-30,P005,R002,C006,16,720.0,445.56
2026-05-30,P005,R002,C012,38,1710.0,945.51
2026-05-30,P005,R002,C002,54,2430.0,1345.49
2026-05-30,P005,R003,C009,51,2295.0,1286.23
2026-05-30,P005,R003,C003,29,1305.0,753.17
2026-05-30,P005,R004,C004,14,630.0,356.04
2026-05-30,P005,R004,C010,20,900.0,523.46
2026-05-30,P006,R001,C001,37,4440.0,2748.04
2026-05-30,P006,R001,C007,13,1560.0,1053.75
2026-05-30,P006,R001,C005,13,1560.0,1058.01
2026-05-30,P006,R001,C011,38,4560.0,2882.95
2026-05-30,P006,R002,C002,42,5040.0,3093.57
2026-05-30,P006,R002,C012,39,4680.0,2854.44
2026-05-30,P006,R003,C003,13,1560.0,938.97
2026-05-30,P006,R003,C009,26,3120.0,2073.42
2026-05-30,P006,R004,C010,8,960.0,624.6
2026-05-30,P006,R004,C004,13,1560.0,937.62
2026-05-31,P001,R001,C005,6,2280.0,1539.47
2026-05-31,P001,R001,C001,15,5700.0,3692.59
2026-05-31,P001,R001,C007,7,2660.0,1768.57
2026-05-31,P001,R001,C011,18,6840.0,4585.15
2026-05-31,P001,R002,C006,4,1520.0,1009.69
2026-05-31,P001,R002,C012,12,4560.0,3266.18
2026-05-31,P001,R002,C002,8,3040.0,2185.53
2026-05-31,P001,R002,C008,6,2280.0,1569.0
2026-05-31,P001,R003,C003,9,3420.0,2297.98
2026-05-31,P001,R003,C009,10,3800.0,2554.83
2026-05-31,P001,R004,C010,3,1140.0,779.9
2026-05-31,P001,R004,C004,6,2280.0,1626.11
2026-05-31,P002,R001,C011,126,10710.0,6638.36
2026-05-31,P002,R001,C001,158,13430.0,7843.42
2026-05-31,P002,R001,C005,32,2720.0,1710.66
2026-05-31,P002,R002,C002,67,5695.0,3386.22
2026-05-31,P002,R002,C006,14,1190.0,775.54
2026-05-31,P002,R002,C012,55,4675.0,2766.3
2026-05-31,P002,R002,C008,22,1870.0,1162.4
2026-05-31,P002,R003,C003,41,3485.0,2074.86
2026-05-31,P002,R003,C009,62,5270.0,3410.17
2026-05-31,P002,R004,C010,25,2125.0,1345.32
2026-05-31,P002,R004,C004,33,2805.0,1768.56
2026-05-31,P003,R001,C007,4,2480.0,1701.54
2026-05-31,P003,R001,C001,9,5580.0,3989.63
2026-05-31,P003,R001,C005,4,2480.0,1725.68
2026-05-31,P003,R002,C008,5,3100.0,2234.63
2026-05-31,P003,R002,C006,3,1860.0,1293.87
2026-05-31,P003,R003,C009,4,2480.0,1801.23
2026-05-31,P003,R003,C003,5,3100.0,2150.2
2026-05-31,P003,R004,C004,2,1240.0,824.47
2026-05-31,P003,R004,C010,1,620.0,413.59
2026-05-31,P004,R001,C001,41,9840.0,6329.42
2026-05-31,P004,R001,C007,21,5040.0,3460.14
2026-05-31,P004,R002,C002,25,6000.0,4121.07
2026-05-31,P004,R002,C008,14,3360.0,2209.14
2026-05-31,P004,R003,C003,16,3840.0,2439.19
2026-05-31,P004,R003,C009,20,4800.0,3182.07
2026-05-31,P004,R004,C004,5,1200.0,759.78
2026-05-31,P004,R004,C010,6,1440.0,971.66
2026-05-31,P005,R001,C001,67,3015.0,1682.23
2026-05-31,P005,R001,C011,88,3960.0,2355.16
2026-05-31,P005,R001,C005,23,1035.0,587.32
2026-05-31,P005,R002,C006,13,585.0,351.4
2026-05-31,P005,R002,C012,47,2115.0,1162.74
2026-05-31,P005,R002,C008,17,765.0,468.7
2026-05-31,P005,R003,C009,31,1395.0,815.45
2026-05-31,P005,R003,C003,26,1170.0,717.57
2026-05-31,P005,R004,C010,16,720.0,425.76
2026-05-31,P005,R004,C004,24,1080.0,635.99
2026-05-31,P006,R001,C005,11,1320.0,887.33
2026-05-31,P006,R001,C011,49,5880.0,3928.6
2026-05-31,P006,R001,C001,32,3840.0,2316.54
2026-05-31,P006,R002,C012,49,5880.0,3842.91
2026-05-31,P006,R002,C008,24,2880.0,1910.4
2026-05-31,P006,R003,C009,25,3000.0,1887.8
2026-05-31,P006,R003,C003,16,1920.0,1161.73
2026-05-31,P006,R004,C010,13,1560.0,946.54
2026-05-31,P006,R004,C004,13,1560.0,1044.57
2026-06-01,P001,R001,C007,16,6080.0,3958.76
2026-06-01,P001,R001,C001,26,9880.0,6861.16
2026-06-01,P001,R001,C005,13,4940.0,3314.03
2026-06-01,P001,R002,C006,4,1520.0,1074.84
2026-06-01,P001,R002,C002,11,4180.0,2852.3
2026-06-01,P001,R002,C008,9,3420.0,2339.18
2026-06-01,P001,R002,C012,15,5700.0,3686.44
2026-06-01,P001,R003,C003,7,2660.0,1746.32
2026-06-01,P001,R003,C009,13,4940.0,3337.64
2026-06-01,P001,R004,C004,8,3040.0,2035.14
2026-06-01,P001,R004,C010,6,2280.0,1544.33
2026-06-01,P002,R001,C005,45,3825.0,2386.33
2026-06-01,P002,R001,C001,172,14620.0,8752.85
2026-06-01,P002,R001,C011,160,13600.0,8761.01
2026-06-01,P002,R001,C007,67,5695.0,3333.34
2026-06-01,P002,R002,C008,105,8925.0,5605.02
2026-06-01,P002,R002,C012,172,14620.0,9387.64
2026-06-01,P002,R003,C003,102,8670.0,5370.84
2026-06-01,P002,R003,C009,88,7480.0,4697.6
2026-06-01,P002,R004,C004,57,4845.0,2976.58
2026-06-01,P002,R004,C010,38,3230.0,1998.65
2026-06-01,P003,R001,C011,14,8680.0,6019.73
2026-06-01,P003,R001,C001,17,10540.0,7159.13
2026-06-01,P003,R001,C005,3,1860.0,1357.87
2026-06-01,P003,R002,C008,5,3100.0,2093.72
2026-06-01,P003,R002,C006,3,1860.0,1369.8
2026-06-01,P003,R002,C002,10,6200.0,4377.09
2026-06-01,P003,R003,C009,12,7440.0,5356.54
2026-06-01,P003,R003,C003,6,3720.0,2693.87
2026-06-01,P003,R004,C010,3,1860.0,1303.95
2026-06-01,P003,R004,C004,3,1860.0,1286.32
2026-06-01,P004,R001,C005,42,10080.0,6889.27
2026-06-01,P004,R001,C007,40,9600.0,6389.0
2026-06-01,P004,R002,C012,23,5520.0,3427.57
2026-06-01,P004,R002,C006,7,1680.0,1157.02
2026-06-01,P004,R002,C002,29,6960.0,4270.93
2026-06-01,P004,R002,C008,10,2400.0,1629.96
2026-06-01,P004,R003,C003,19,4560.0,2806.05
2026-06-01,P004,R003,C009,24,5760.0,3907.39
2026-06-01,P004,R004,C004,7,1680.0,1076.08
2026-06-01,P004,R004,C010,9,2160.0,1339.94
2026-06-01,P005,R001,C001,83,3735.0,2234.49
2026-06-01,P005,R001,C007,38,1710.0,1053.15
2026-06-01,P005,R001,C005,24,1080.0,630.08
2026-06-01,P005,R001,C011,73,3285.0,1962.39
2026-06-01,P005,R002,C012,138,6210.0,3767.18
2026-06-01,P005,R002,C008,56,2520.0,1436.88
2026-06-01,P005,R003,C009,80,3600.0,2044.09
2026-06-01,P005,R003,C003,63,2835.0,1636.78
2026-06-01,P005,R004,C010,23,1035.0,589.77
2026-06-01,P005,R004,C004,45,2025.0,1153.78
2026-06-01,P006,R001,C005,17,2040.0,1266.95
2026-06-01,P006,R001,C001,46,5520.0,3656.14
2026-06-01,P006,R001,C011,50,6000.0,3969.5
2026-06-01,P006,R001,C007,23,2760.0,1816.66
2026-06-01,P006,R002,C008,28,3360.0,2113.59
2026-06-01,P006,R002,C002,43,5160.0,3217.96
2026-06-01,P006,R003,C009,31,3720.0,2344.41
2026-06-01,P006,R003,C003,26,3120.0,2071.28
2026-06-01,P006,R004,C004,14,1680.0,1109.94
2026-06-01,P006,R004,C010,10,1200.0,721.28
2026-06-02,P001,R001,C007,8,3040.0,2063.47
2026-06-02,P001,R001,C001,23,8740.0,6291.88
2026-06-02,P001,R001,C005,7,2660.0,1840.96
2026-06-02,P001,R001,C011,20,7600.0,4885.08
2026-06-02,P001,R002,C008,6,2280.0,1460.34
2026-06-02,P001,R002,C006,5,1900.0,1275.7
2026-06-02,P001,R002,C012,12,4560.0,3244.54
2026-06-02,P001,R002,C002,19,7220.0,4924.39
2026-06-02,P001,R003,C009,17,6460.0,4595.47
2026-06-02,P001,R003,C003,10,3800.0,2566.25
2026-06-02,P001,R004,C004,10,3800.0,2606.33
2026-06-02,P001,R004,C010,5,1900.0,1278.79
2026-06-02,P002,R001,C007,94,7990.0,4646.78
2026-06-02,P002,R001,C011,105,8925.0,5571.24
2026-06-02,P002,R001,C001,132,11220.0,7284.57
2026-06-02,P002,R002,C012,160,13600.0,8027.21
2026-06-02,P002,R002,C008,66,5610.0,3635.89
2026-06-02,P002,R002,C002,112,9520.0,6260.19
2026-06-02,P002,R003,C003,62,5270.0,3174.7
2026-06-02,P002,R003,C009,97,8245.0,5320.93
2026-06-02,P002,R004,C004,45,3825.0,2424.72
2026-06-02,P002,R004,C010,52,4420.0,2779.21
2026-06-02,P003,R001,C005,3,1860.0,1231.65
2026-06-02,P003,R001,C007,5,3100.0,2196.54
2026-06-02,P003,R001,C011,13,8060.0,5794.2
2026-06-02,P003,R001,C001,10,6200.0,4529.29
2026-06-02,P003,R002,C006,3,1860.0,1277.08
2026-06-02,P003,R002,C012,6,3720.0,2684.61
2026-06-02,P003,R002,C002,10,6200.0,4291.07
2026-06-02,P003,R002,C008,5,3100.0,2220.09
2026-06-02,P003,R003,C003,5,3100.0,2228.46
2026-06-02,P003,R003,C009,9,5580.0,4053.84
2026-06-02,P003,R004,C010,3,1860.0,1302.59
2026-06-02,P003,R004,C004,4,2480.0,1638.76
2026-06-02,P004,R001,C011,24,5760.0,3541.75
2026-06-02,P004,R001,C007,20,4800.0,3233.79
2026-06-02,P004,R001,C005,12,2880.0,1844.28
2026-06-02,P004,R001,C001,41,9840.0,6123.32
2026-06-02,P004,R002,C008,23,5520.0,3782.36
2026-06-02,P004,R002,C002,45,10800.0,6730.83
2026-06-02,P004,R003,C009,22,5280.0,3302.73
2026-06-02,P004,R003,C003,20,4800.0,3229.05
2026-06-02,P004,R004,C010,10,2400.0,1502.41
2026-06-02,P004,R004,C004,13,3120.0,2103.28
2026-06-02,P005,R001,C005,26,1170.0,653.48
2026-06-02,P005,R001,C001,131,5895.0,3532.13
2026-06-02,P005,R001,C011,97,4365.0,2571.56
2026-06-02,P005,R002,C012,113,5085.0,2958.97
2026-06-02,P005,R002,C002,121,5445.0,3145.91
2026-06-02,P005,R003,C003,59,2655.0,1579.63
2026-06-02,P005,R003,C009,61,2745.0,1517.58
2026-06-02,P005,R004,C010,24,1080.0,586.62
2026-06-02,P005,R004,C004,19,855.0,521.19
2026-06-02,P006,R001,C007,45,5400.0,3661.47
2026-06-02,P006,R001,C005,25,3000.0,1877.85
2026-06-02,P006,R001,C001,97,11640.0,7389.53
2026-06-02,P006,R002,C008,14,1680.0,1089.66
2026-06-02,P006,R002,C002,44,5280.0,3521.8
2026-06-02,P006,R002,C006,10,1200.0,768.4
2026-06-02,P006,R002,C012,36,4320.0,2794.99
2026-06-02,P006,R003,C003,29,3480.0,2230.29
2026-06-02,P006,R003,C009,40,4800.0,3077.03
2026-06-02,P006,R004,C010,14,1680.0,1067.83
2026-06-02,P006,R004,C004,12,1440.0,966.73
2026-06-03,P001,R001,C001,18,6840.0,4628.15
2026-06-03,P001,R001,C011,24,9120.0,6562.37
2026-06-03,P001,R001,C005,9,3420.0,2413.72
2026-06-03,P001,R001,C007,8,3040.0,2045.1
2026-06-03,P001,R002,C002,23,8740.0,6070.41
2026-06-03,P001,R002,C012,21,7980.0,5743.48
2026-06-03,P001,R003,C003,9,3420.0,2224.73
2026-06-03,P001,R003,C009,12,4560.0,3275.73
2026-06-03,P001,R004,C004,5,1900.0,1229.06
2026-06-03,P001,R004,C010,7,2660.0,1849.14
2026-06-03,P002,R001,C007,239,20315.0,11906.76
2026-06-03,P002,R001,C005,151,12835.0,8333.13
2026-06-03,P002,R002,C002,90,7650.0,4458.15
2026-06-03,P002,R002,C008,55,4675.0,2871.13
2026-06-03,P002,R002,C006,39,3315.0,2079.68
2026-06-03,P002,R002,C012,100,8500.0,5546.37
2026-06-03,P002,R003,C003,77,6545.0,4183.03
2026-06-03,P002,R003,C009,109,9265.0,5853.07
2026-06-03,P002,R004,C010,35,2975.0,1871.26
2026-06-03,P002,R004,C004,31,2635.0,1559.47
2026-06-03,P003,R001,C005,4,2480.0,1705.84
2026-06-03,P003,R001,C007,8,4960.0,3648.21
2026-06-03,P003,R001,C011,10,6200.0,4267.91
2026-06-03,P003,R002,C012,7,4340.0,2865.1
2026-06-03,P003,R002,C008,3,1860.0,1237.77
2026-06-03,P003,R002,C006,2,1240.0,856.1
2026-06-03,P003,R002,C002,5,3100.0,2266.11
2026-06-03,P003,R003,C009,9,5580.0,3683.36
2026-06-03,P003,R003,C003,6,3720.0,2742.24
2026-06-03,P003,R004,C010,3,1860.0,1357.26
2026-06-03,P003,R004,C004,4,2480.0,1789.3
2026-06-03,P004,R001,C001,89,21360.0,14384.88
2026-06-03,P004,R001,C005,29,6960.0,4345.87
2026-06-03,P004,R002,C006,9,2160.0,1339.36
2026-06-03,P004,R002,C002,26,6240.0,4029.09
2026-06-03,P004,R002,C008,13,3120.0,2094.62
2026-06-03,P004,R003,C003,19,4560.0,2832.22
2026-06-03,P004,R003,C009,24,5760.0,3955.18
2026-06-03,P004,R004,C010,10,2400.0,1578.29
2026-06-03,P004,R004,C004,11,2640.0,1617.69
2026-06-03,P005,R001,C001,99,4455.0,2529.41
2026-06-03,P005,R001,C007,53,2385.0,1400.36
2026-06-03,P005,R001,C005,29,1305.0,806.15
2026-06-03,P005,R002,C002,74,3330.0,1981.95
2026-06-03,P005,R002,C006,14,630.0,352.8
2026-06-03,P005,R002,C008,37,1665.0,977.41
2026-06-03,P005,R002,C012,53,2385.0,1468.8
2026-06-03,P005,R003,C003,35,1575.0,926.09
2026-06-03,P005,R003,C009,46,2070.0,1241.1
2026-06-03,P005,R004,C010,19,855.0,463.38
2026-06-03,P005,R004,C004,34,1530.0,870.07
2026-06-03,P006,R001,C011,87,10440.0,6969.96
2026-06-03,P006,R001,C007,44,5280.0,3207.63
2026-06-03,P006,R002,C012,54,6480.0,4390.17
2026-06-03,P006,R002,C002,47,5640.0,3610.67
2026-06-03,P006,R002,C008,19,2280.0,1410.99
2026-06-03,P006,R003,C003,28,3360.0,2273.88
2026-06-03,P006,R003,C009,30,3600.0,2271.36
2026-06-03,P006,R004,C010,11,1320.0,897.31
2026-06-03,P006,R004,C004,16,1920.0,1219.72
2026-06-04,P001,R001,C005,5,1900.0,1254.78
2026-06-04,P001,R001,C011,21,7980.0,5570.16
2026-06-04,P001,R001,C001,15,5700.0,3718.14
2026-06-04,P001,R001,C007,7,2660.0,1772.98
2026-06-04,P001,R002,C008,7,2660.0,1827.3
2026-06-04,P001,R002,C012,14,5320.0,3651.61
2026-06-04,P001,R002,C002,14,5320.0,3731.46
2026-06-04,P001,R002,C006,3,1140.0,735.21
2026-06-04,P001,R003,C003,10,3800.0,2623.43
2026-06-04,P001,R003,C009,18,6840.0,4526.31
2026-06-04,P001,R004,C010,5,1900.0,1315.17
2026-06-04,P001,R004,C004,8,3040.0,2157.88
2026-06-04,P002,R001,C005,123,10455.0,6667.93
2026-06-04,P002,R001,C001,209,17765.0,11167.86
2026-06-04,P002,R002,C006,102,8670.0,5685.31
2026-06-04,P002,R002,C008,113,9605.0,6289.45
2026-06-04,P002,R003,C003,72,6120.0,3632.29
2026-06-04,P002,R003,C009,110,9350.0,5737.37
2026-06-04,P002,R004,C004,47,3995.0,2436.92
2026-06-04,P002,R004,C010,36,3060.0,1913.13
2026-06-04,P003,R001,C001,7,4340.0,2934.48
2026-06-04,P003,R001,C005,3,1860.0,1333.56
2026-06-04,P003,R001,C007,4,2480.0,1780.57
2026-06-04,P003,R001,C011,12,7440.0,5189.96
2026-06-04,P003,R002,C012,8,4960.0,3298.64
2026-06-04,P003,R002,C008,3,1860.0,1369.49
2026-06-04,P003,R002,C002,5,3100.0,2235.33
2026-06-04,P003,R003,C009,9,5580.0,4018.74
2026-06-04,P003,R003,C003,7,4340.0,2955.07
2026-06-04,P003,R004,C004,3,1860.0,1339.06
2026-06-04,P003,R004,C010,4,2480.0,1781.37
2026-06-04,P004,R001,C001,36,8640.0,5953.61
2026-06-04,P004,R001,C007,20,4800.0,3171.67
2026-06-04,P004,R001,C011,37,8880.0,5695.99
2026-06-04,P004,R001,C005,10,2400.0,1505.13
2026-06-04,P004,R002,C002,19,4560.0,3086.02
2026-06-04,P004,R002,C012,15,3600.0,2431.82
2026-06-04,P004,R002,C006,8,1920.0,1320.02
2026-06-04,P004,R003,C003,12,2880.0,1965.94
2026-06-04,P004,R003,C009,25,6000.0,3902.56
2026-06-04,P004,R004,C004,10,2400.0,1604.14
2026-06-04,P004,R004,C010,11,2640.0,1670.66
2026-06-04,P005,R001,C007,53,2385.0,1337.44
2026-06-04,P005,R001,C001,78,3510.0,2030.93
2026-06-04,P005,R001,C011,76,3420.0,1912.68
2026-06-04,P005,R002,C002,51,2295.0,1351.9
2026-06-04,P005,R002,C012,44,1980.0,1120.65
2026-06-04,P005,R002,C006,22,990.0,605.29
2026-06-04,P005,R002,C008,28,1260.0,709.26
2026-06-04,P005,R003,C009,57,2565.0,1507.2
2026-06-04,P005,R003,C003,40,1800.0,1081.4
2026-06-04,P005,R004,C004,38,1710.0,979.11
2026-06-04,P005,R004,C010,19,855.0,487.96
2026-06-04,P006,R001,C005,30,3600.0,2219.59
2026-06-04,P006,R001,C011,135,16200.0,10777.19
2026-06-04,P006,R002,C008,27,3240.0,2198.4
2026-06-04,P006,R002,C006,16,1920.0,1239.94
2026-06-04,P006,R002,C012,69,8280.0,5459.95
2026-06-04,P006,R003,C003,22,2640.0,1787.55
2026-06-04,P006,R003,C009,46,5520.0,3495.05
2026-06-04,P006,R004,C010,14,1680.0,1099.52
2026-06-04,P006,R004,C004,12,1440.0,924.79
2026-06-05,P001,R001,C011,23,8740.0,6228.3
2026-06-05,P001,R001,C005,6,2280.0,1490.33
2026-06-05,P001,R001,C001,18,6840.0,4796.14
2026-06-05,P001,R001,C007,7,2660.0,1827.23
2026-06-05,P001,R002,C002,11,4180.0,2824.33
2026-06-05,P001,R002,C008,6,2280.0,1639.64
2026-06-05,P001,R002,C012,14,5320.0,3819.3
2026-06-05,P001,R002,C006,5,1900.0,1312.44
2026-06-05,P001,R003,C009,21,7980.0,5109.21
2026-06-05,P001,R003,C003,13,4940.0,3214.37
2026-06-05,P001,R004,C010,5,1900.0,1295.66
2026-06-05,P001,R004,C004,7,2660.0,1719.4
2026-06-05,P002,R001,C005,78,6630.0,4147.31
2026-06-05,P002,R001,C011,177,15045.0,9582.33
2026-06-05,P002,R001,C001,158,13430.0,7979.59
2026-06-05,P002,R002,C006,40,3400.0,2233.95
2026-06-05,P002,R002,C002,96,8160.0,5205.8
2026-06-05,P002,R002,C012,110,9350.0,5518.73
2026-06-05,P002,R003,C009,101,8585.0,5316.93
2026-06-05,P002,R003,C003,63,5355.0,3389.22
2026-06-05,P002,R004,C004,51,4335.0,2526.11
2026-06-05,P002,R004,C010,47,3995.0,2439.17
2026-06-05,P003,R001,C011,14,8680.0,6353.31
2026-06-05,P003,R001,C005,3,1860.0,1253.89
2026-06-05,P003,R001,C007,7,4340.0,3131.89
2026-06-05,P003,R001,C001,11,6820.0,5042.6
2026-06-05,P003,R002,C006,3,1860.0,1298.95
2026-06-05,P003,R002,C002,7,4340.0,3123.54
2026-06-05,P003,R002,C012,8,4960.0,3613.2
2026-06-05,P003,R003,C003,5,3100.0,2083.63
2026-06-05,P003,R003,C009,9,5580.0,3922.7
2026-06-05,P003,R004,C010,5,3100.0,2071.85
2026-06-05,P003,R004,C004,5,3100.0,2087.83
2026-06-05,P004,R001,C007,20,4800.0,3080.89
2026-06-05,P004,R001,C001,35,8400.0,5649.44
2026-06-05,P004,R001,C005,10,2400.0,1553.86
2026-06-05,P004,R001,C011,40,9600.0,6474.61
2026-06-05,P004,R002,C008,10,2400.0,1484.82
2026-06-05,P004,R002,C012,19,4560.0,2969.69
2026-06-05,P004,R002,C002,23,5520.0,3499.18
2026-06-05,P004,R003,C009,25,6000.0,4019.98
2026-06-05,P004,R003,C003,15,3600.0,2475.96
2026-06-05,P004,R004,C004,12,2880.0,1937.34
2026-06-05,P004,R004,C010,10,2400.0,1631.24
2026-06-05,P005,R001,C007,54,2430.0,1491.79
2026-06-05,P005,R001,C001,134,6030.0,3451.18
2026-06-05,P005,R001,C011,103,4635.0,2791.62
2026-06-05,P005,R002,C008,54,2430.0,1340.11
2026-06-05,P005,R002,C012,123,5535.0,3150.88
2026-06-05,P005,R003,C009,76,3420.0,1995.6
2026-06-05,P005,R003,C003,53,2385.0,1443.31
2026-06-05,P005,R004,C010,22,990.0,570.81
2026-06-05,P005,R004,C004,26,1170.0,683.04
2026-06-05,P006,R001,C011,97,11640.0,7227.21
2026-06-05,P006,R001,C001,59,7080.0,4567.45
2026-06-05,P006,R001,C005,28,3360.0,2046.82
2026-06-05,P006,R002,C008,26,3120.0,1937.09
2026-06-05,P006,R002,C012,64,7680.0,4778.66
2026-06-05,P006,R002,C006,16,1920.0,1252.65
2026-06-05,P006,R003,C009,46,5520.0,3672.54
2026-06-05,P006,R003,C003,30,3600.0,2423.78
2026-06-05,P006,R004,C004,28,3360.0,2027.42
2026-06-05,P006,R004,C010,18,2160.0,1405.89
2026-06-06,P001,R001,C005,6,2280.0,1560.27
2026-06-06,P001,R001,C007,10,3800.0,2572.23
2026-06-06,P001,R001,C001,22,8360.0,5722.61
2026-06-06,P001,R002,C002,10,3800.0,2590.65
2026-06-06,P001,R002,C006,5,1900.0,1312.27
2026-06-06,P001,R002,C012,13,4940.0,3257.64
2026-06-06,P001,R003,C009,13,4940.0,3173.69
2026-06-06,P001,R003,C003,5,1900.0,1251.3
2026-06-06,P001,R004,C010,3,1140.0,783.23
2026-06-06,P001,R004,C004,4,1520.0,1049.56
2026-06-06,P002,R001,C011,91,7735.0,4628.35
2026-06-06,P002,R001,C001,105,8925.0,5869.83
2026-06-06,P002,R001,C005,32,2720.0,1733.35
2026-06-06,P002,R002,C006,27,2295.0,1491.72
2026-06-06,P002,R002,C002,63,5355.0,3210.89
2026-06-06,P002,R002,C012,59,5015.0,3008.58
2026-06-06,P002,R002,C008,36,3060.0,1906.99
2026-06-06,P002,R003,C003,36,3060.0,1960.81
2026-06-06,P002,R003,C009,59,5015.0,3206.74
2026-06-06,P002,R004,C004,31,2635.0,1600.74
2026-06-06,P002,R004,C010,37,3145.0,1850.31
2026-06-06,P003,R001,C011,9,5580.0,4048.73
2026-06-06,P003,R001,C007,7,4340.0,3131.6
2026-06-06,P003,R002,C008,3,1860.0,1359.98
2026-06-06,P003,R002,C012,8,4960.0,3389.14
2026-06-06,P003,R003,C009,5,3100.0,2123.61
2026-06-06,P003,R003,C003,5,3100.0,2115.51
2026-06-06,P003,R004,C004,2,1240.0,853.59
2026-06-06,P003,R004,C010,2,1240.0,894.37
2026-06-06,P004,R001,C011,21,5040.0,3410.52
2026-06-06,P004,R001,C001,20,4800.0,3102.78
2026-06-06,P004,R001,C005,9,2160.0,1481.4
2026-06-06,P004,R002,C006,6,1440.0,984.26
2026-06-06,P004,R002,C002,26,6240.0,3857.75
2026-06-06,P004,R002,C008,11,2640.0,1657.16
2026-06-06,P004,R003,C009,13,3120.0,2062.5
2026-06-06,P004,R003,C003,7,1680.0,1120.19
2026-06-06,P004,R004,C010,7,1680.0,1140.0
2026-06-06,P004,R004,C004,6,1440.0,925.17
2026-06-06,P005,R001,C001,73,3285.0,1786.85
2026-06-06,P005,R001,C005,20,900.0,541.52
2026-06-06,P005,R001,C011,72,3240.0,1841.1
2026-06-06,P005,R001,C007,27,1215.0,690.81
2026-06-06,P005,R002,C008,38,1710.0,982.83
2026-06-06,P005,R002,C012,72,3240.0,1862.93
2026-06-06,P005,R003,C003,26,1170.0,668.06
2026-06-06,P005,R003,C009,50,2250.0,1219.52
2026-06-06,P005,R004,C004,14,630.0,358.14
2026-06-06,P005,R004,C010,15,675.0,388.32
2026-06-06,P006,R001,C001,46,5520.0,3550.37
2026-06-06,P006,R001,C007,28,3360.0,2071.65
2026-06-06,P006,R002,C008,18,2160.0,1442.22
2026-06-06,P006,R002,C002,42,5040.0,3063.24
2026-06-06,P006,R003,C003,18,2160.0,1441.41
2026-06-06,P006,R003,C009,39,4680.0,3170.58
2026-06-06,P006,R004,C010,12,1440.0,878.62
2026-06-06,P006,R004,C004,11,1320.0,800.62
2026-06-07,P001,R001,C011,12,4560.0,3053.89
2026-06-07,P001,R001,C001,12,4560.0,2973.06
2026-06-07,P001,R001,C007,5,1900.0,1359.93
2026-06-07,P001,R001,C005,4,1520.0,973.21
2026-06-07,P001,R002,C008,21,7980.0,5444.32
2026-06-07,P001,R002,C006,10,3800.0,2542.85
2026-06-07,P001,R003,C003,7,2660.0,1880.07
2026-06-07,P001,R003,C009,8,3040.0,1964.61
2026-06-07,P001,R004,C004,4,1520.0,1046.9
2026-06-07,P001,R004,C010,4,1520.0,1026.26
2026-06-07,P002,R001,C001,232,19720.0,11710.47
2026-06-07,P002,R001,C005,68,5780.0,3643.99
2026-06-07,P002,R002,C012,54,4590.0,2890.65
2026-06-07,P002,R002,C002,61,5185.0,3360.93
2026-06-07,P002,R002,C006,26,2210.0,1409.76
2026-06-07,P002,R003,C009,67,5695.0,3751.15
2026-06-07,P002,R003,C003,69,5865.0,3487.28
2026-06-07,P002,R004,C010,34,2890.0,1889.19
2026-06-07,P002,R004,C004,33,2805.0,1812.85
2026-06-07,P003,R001,C011,10,6200.0,4275.94
2026-06-07,P003,R001,C007,4,2480.0,1742.5
2026-06-07,P003,R002,C012,10,6200.0,4280.63
2026-06-07,P003,R002,C006,4,2480.0,1670.7
2026-06-07,P003,R003,C003,4,2480.0,1658.89
2026-06-07,P003,R003,C009,7,4340.0,2968.88
2026-06-07,P003,R004,C004,3,1860.0,1353.93
2026-06-07,P003,R004,C010,2,1240.0,915.72
2026-06-07,P004,R001,C011,18,4320.0,2823.0
2026-06-07,P004,R001,C001,28,6720.0,4219.88
2026-06-07,P004,R001,C005,7,1680.0,1134.19
2026-06-07,P004,R001,C007,11,2640.0,1811.19
2026-06-07,P004,R002,C002,22,5280.0,3338.07
2026-06-07,P004,R002,C008,20,4800.0,3106.31
2026-06-07,P004,R003,C003,9,2160.0,1380.86
2026-06-07,P004,R003,C009,24,5760.0,3903.91
2026-06-07,P004,R004,C004,8,1920.0,1184.53
2026-06-07,P004,R004,C010,8,1920.0,1184.38
2026-06-07,P005,R001,C011,85,3825.0,2257.24
2026-06-07,P005,R001,C005,25,1125.0,651.54
2026-06-07,P005,R001,C007,39,1755.0,989.75
2026-06-07,P005,R002,C006,40,1800.0,1020.25
2026-06-07,P005,R002,C008,68,3060.0,1791.25
2026-06-07,P005,R003,C009,31,1395.0,813.01
2026-06-07,P005,R003,C003,34,1530.0,888.81
2026-06-07,P005,R004,C010,23,1035.0,620.47
2026-06-07,P005,R004,C004,27,1215.0,716.23
2026-06-07,P006,R001,C001,46,5520.0,3331.18
2026-06-07,P006,R001,C005,11,1320.0,889.45
2026-06-07,P006,R001,C007,15,1800.0,1085.3
2026-06-07,P006,R002,C002,22,2640.0,1649.15
2026-06-07,P006,R002,C008,10,1200.0,725.03
2026-06-07,P006,R002,C006,6,720.0,481.39
2026-06-07,P006,R002,C012,33,3960.0,2649.06
2026-06-07,P006,R003,C003,18,2160.0,1467.87
2026-06-07,P006,R003,C009,21,2520.0,1519.49
2026-06-07,P006,R004,C010,11,1320.0,869.61
2026-06-07,P006,R004,C004,12,1440.0,920.06
2026-06-08,P001,R001,C001,31,11780.0,7977.42
2026-06-08,P001,R001,C007,14,5320.0,3601.1
2026-06-08,P001,R001,C011,28,10640.0,7049.25
2026-06-08,P001,R002,C012,31,11780.0,8215.65
2026-06-08,P001,R002,C006,9,3420.0,2212.37
2026-06-08,P001,R003,C009,12,4560.0,3064.77
2026-06-08,P001,R003,C003,8,3040.0,2178.19
2026-06-08,P001,R004,C004,5,1900.0,1354.93
2026-06-08,P001,R004,C010,5,1900.0,1309.36
2026-06-08,P002,R001,C007,86,7310.0,4538.69
2026-06-08,P002,R001,C005,67,5695.0,3713.13
2026-06-08,P002,R001,C001,232,19720.0,11905.74
2026-06-08,P002,R002,C008,88,7480.0,4882.23
2026-06-08,P002,R002,C002,136,11560.0,6942.65
2026-06-08,P002,R002,C006,66,5610.0,3562.41
2026-06-08,P002,R003,C003,77,6545.0,3967.69
2026-06-08,P002,R003,C009,123,10455.0,6300.24
2026-06-08,P002,R004,C004,38,3230.0,2109.37
2026-06-08,P002,R004,C010,38,3230.0,2116.77
2026-06-08,P003,R001,C005,11,6820.0,4514.4
2026-06-08,P003,R001,C007,12,7440.0,5401.47
2026-06-08,P003,R002,C012,13,8060.0,5895.52
2026-06-08,P003,R002,C006,6,3720.0,2546.91
2026-06-08,P003,R003,C003,6,3720.0,2605.88
2026-06-08,P003,R003,C009,6,3720.0,2465.16
2026-06-08,P003,R004,C004,4,2480.0,1676.42
2026-06-08,P003,R004,C010,4,2480.0,1780.8
2026-06-08,P004,R001,C011,22,5280.0,3412.64
2026-06-08,P004,R001,C005,8,1920.0,1289.3
2026-06-08,P004,R001,C001,22,5280.0,3536.03
2026-06-08,P004,R001,C007,14,3360.0,2099.38
2026-06-08,P004,R002,C006,8,1920.0,1216.16
2026-06-08,P004,R002,C002,27,6480.0,4308.92
2026-06-08,P004,R002,C012,18,4320.0,2696.95
2026-06-08,P004,R002,C008,11,2640.0,1683.26
2026-06-08,P004,R003,C003,11,2640.0,1807.82
2026-06-08,P004,R003,C009,24,5760.0,3725.8
2026-06-08,P004,R004,C004,12,2880.0,1769.1
2026-06-08,P004,R004,C010,10,2400.0,1530.63
2026-06-08,P005,R001,C005,77,3465.0,2109.75
2026-06-08,P005,R001,C011,213,9585.0,5216.51
2026-06-08,P005,R002,C012,138,6210.0,3553.67
2026-06-08,P005,R002,C006,40,1800.0,1054.15
2026-06-08,P005,R003,C009,46,2070.0,1171.76
2026-06-08,P005,R003,C003,41,1845.0,1037.64
2026-06-08,P005,R004,C010,32,1440.0,824.78
2026-06-08,P005,R004,C004,32,1440.0,801.01
2026-06-08,P006,R001,C011,46,5520.0,3516.84
2026-06-08,P006,R001,C001,35,4200.0,2645.27
2026-06-08,P006,R001,C007,23,2760.0,1739.34
2026-06-08,P006,R002,C002,23,2760.0,1840.3
2026-06-08,P006,R002,C012,33,3960.0,2398.53
2026-06-08,P006,R002,C006,13,1560.0,1032.14
2026-06-08,P006,R002,C008,20,2400.0,1510.96
2026-06-08,P006,R003,C003,32,3840.0,2481.22
2026-06-08,P006,R003,C009,36,4320.0,2705.58
2026-06-08,P006,R004,C004,20,2400.0,1622.54
2026-06-08,P006,R004,C010,13,1560.0,1020.5
2026-06-09,P001,R001,C007,20,7600.0,4966.79
2026-06-09,P001,R001,C001,24,9120.0,5837.89
2026-06-09,P001,R002,C012,28,10640.0,7635.58
2026-06-09,P001,R002,C008,15,5700.0,4040.55
2026-06-09,P001,R003,C003,7,2660.0,1824.49
2026-06-09,P001,R003,C009,20,7600.0,5218.73
2026-06-09,P001,R004,C004,7,2660.0,1709.91
2026-06-09,P001,R004,C010,5,1900.0,1333.32
2026-06-09,P002,R001,C001,278,23630.0,14523.42
2026-06-09,P002,R001,C007,111,9435.0,5779.93
2026-06-09,P002,R001,C005,61,5185.0,3147.73
2026-06-09,P002,R002,C008,101,8585.0,5646.35
2026-06-09,P002,R002,C006,52,4420.0,2575.93
2026-06-09,P002,R002,C012,154,13090.0,7778.62
2026-06-09,P002,R003,C003,88,7480.0,4656.52
2026-06-09,P002,R003,C009,91,7735.0,4954.66
2026-06-09,P002,R004,C010,32,2720.0,1643.55
2026-06-09,P002,R004,C004,32,2720.0,1595.58
2026-06-09,P003,R001,C005,5,3100.0,2102.86
2026-06-09,P003,R001,C001,13,8060.0,5521.52
2026-06-09,P003,R001,C011,14,8680.0,6054.83
2026-06-09,P003,R001,C007,5,3100.0,2273.75
2026-06-09,P003,R002,C002,7,4340.0,2935.82
2026-06-09,P003,R002,C006,2,1240.0,884.95
2026-06-09,P003,R002,C012,8,4960.0,3356.65
2026-06-09,P003,R002,C008,5,3100.0,2167.87
2026-06-09,P003,R003,C003,5,3100.0,2256.87
2026-06-09,P003,R003,C009,11,6820.0,4920.43
2026-06-09,P003,R004,C010,2,1240.0,862.83
2026-06-09,P003,R004,C004,3,1860.0,1333.15
2026-06-09,P004,R001,C001,24,5760.0,3674.25
2026-06-09,P004,R001,C011,43,10320.0,6541.54
2026-06-09,P004,R001,C005,10,2400.0,1542.28
2026-06-09,P004,R001,C007,21,5040.0,3316.0
2026-06-09,P004,R002,C012,34,8160.0,5377.8
2026-06-09,P004,R002,C006,12,2880.0,1960.82
2026-06-09,P004,R003,C009,22,5280.0,3352.08
2026-06-09,P004,R003,C003,13,3120.0,1975.55
2026-06-09,P004,R004,C004,10,2400.0,1610.08
2026-06-09,P004,R004,C010,12,2880.0,1815.26
2026-06-09,P005,R001,C011,59,2655.0,1474.14
2026-06-09,P005,R001,C001,70,3150.0,1902.57
2026-06-09,P005,R001,C007,39,1755.0,1073.89
2026-06-09,P005,R001,C005,29,1305.0,707.08
2026-06-09,P005,R002,C008,44,1980.0,1207.0
2026-06-09,P005,R002,C012,109,4905.0,2779.28
2026-06-09,P005,R003,C009,78,3510.0,2136.68
2026-06-09,P005,R003,C003,44,1980.0,1126.59
2026-06-09,P005,R004,C004,25,1125.0,607.73
2026-06-09,P005,R004,C010,19,855.0,465.28
2026-06-09,P006,R001,C001,56,6720.0,4305.05
2026-06-09,P006,R001,C007,22,2640.0,1636.76
2026-06-09,P006,R001,C005,19,2280.0,1429.39
2026-06-09,P006,R001,C011,60,7200.0,4382.82
2026-06-09,P006,R002,C002,39,4680.0,2887.03
2026-06-09,P006,R002,C008,29,3480.0,2190.88
2026-06-09,P006,R002,C006,19,2280.0,1382.85
2026-06-09,P006,R003,C009,26,3120.0,1929.79
2026-06-09,P006,R003,C003,29,3480.0,2311.46
2026-06-09,P006,R004,C010,21,2520.0,1594.17
2026-06-09,P006,R004,C004,26,3120.0,1892.06
2026-06-10,P001,R001,C011,34,12920.0,9148.17
2026-06-10,P001,R001,C005,12,4560.0,3152.99
2026-06-10,P001,R001,C001,32,12160.0,7963.04
2026-06-10,P001,R002,C008,6,2280.0,1567.32
2026-06-10,P001,R002,C002,16,6080.0,4372.81
2026-06-10,P001,R002,C006,6,2280.0,1594.55
2026-06-10,P001,R002,C012,18,6840.0,4685.18
2026-06-10,P001,R003,C003,14,5320.0,3773.36
2026-06-10,P001,R003,C009,18,6840.0,4801.72
2026-06-10,P001,R004,C010,7,2660.0,1704.33
2026-06-10,P001,R004,C004,9,3420.0,2341.52
2026-06-10,P002,R001,C005,59,5015.0,3205.66
2026-06-10,P002,R001,C001,152,12920.0,8204.45
2026-06-10,P002,R001,C011,125,10625.0,6582.98
2026-06-10,P002,R002,C002,137,11645.0,7154.03
2026-06-10,P002,R002,C006,50,4250.0,2684.72
2026-06-10,P002,R002,C008,97,8245.0,5253.63
2026-06-10,P002,R003,C003,61,5185.0,3369.12
2026-06-10,P002,R003,C009,88,7480.0,4635.98
2026-06-10,P002,R004,C004,42,3570.0,2297.38
2026-06-10,P002,R004,C010,37,3145.0,1869.66
2026-06-10,P003,R001,C001,32,19840.0,14679.04
2026-06-10,P003,R001,C005,10,6200.0,4553.95
2026-06-10,P003,R002,C006,6,3720.0,2648.42
2026-06-10,P003,R002,C008,10,6200.0,4565.45
2026-06-10,P003,R003,C009,8,4960.0,3494.3
2026-06-10,P003,R003,C003,7,4340.0,2890.07
2026-06-10,P003,R004,C004,3,1860.0,1265.28
2026-06-10,P003,R004,C010,3,1860.0,1295.78
2026-06-10,P004,R001,C007,44,10560.0,6448.24
2026-06-10,P004,R001,C005,44,10560.0,6521.23
2026-06-10,P004,R002,C012,32,7680.0,5100.89
2026-06-10,P004,R002,C006,8,1920.0,1203.45
2026-06-10,P004,R002,C008,13,3120.0,2141.91
2026-06-10,P004,R003,C003,15,3600.0,2476.38
2026-06-10,P004,R003,C009,25,6000.0,4041.67
2026-06-10,P004,R004,C010,13,3120.0,2149.43
2026-06-10,P004,R004,C004,13,3120.0,2125.13
2026-06-10,P005,R001,C011,143,6435.0,3742.99
2026-06-10,P005,R001,C005,57,2565.0,1521.18
2026-06-10,P005,R002,C002,97,4365.0,2426.34
2026-06-10,P005,R002,C008,38,1710.0,986.25
2026-06-10,P005,R002,C006,42,1890.0,1142.06
2026-06-10,P005,R003,C009,53,2385.0,1314.36
2026-06-10,P005,R003,C003,41,1845.0,1105.98
2026-06-10,P005,R004,C010,17,765.0,414.58
2026-06-10,P005,R004,C004,27,1215.0,676.21
2026-06-10,P006,R001,C001,101,12120.0,7748.95
2026-06-10,P006,R001,C005,30,3600.0,2343.9
2026-06-10,P006,R001,C007,46,5520.0,3654.79
2026-06-10,P006,R002,C002,52,6240.0,3862.99
2026-06-10,P006,R002,C006,10,1200.0,785.69
2026-06-10,P006,R002,C012,34,4080.0,2706.64
2026-06-10,P006,R002,C008,23,2760.0,1696.49
2026-06-10,P006,R003,C009,38,4560.0,2917.48
2026-06-10,P006,R003,C003,21,2520.0,1632.42
2026-06-10,P006,R004,C010,16,1920.0,1301.77
2026-06-10,P006,R004,C004,15,1800.0,1169.04
2026-06-11,P001,R001,C011,31,11780.0,8343.13
2026-06-11,P001,R001,C005,8,3040.0,2122.91
2026-06-11,P001,R001,C007,17,6460.0,4417.19
2026-06-11,P001,R002,C012,16,6080.0,4231.87
2026-06-11,P001,R002,C006,5,1900.0,1336.56
2026-06-11,P001,R002,C008,8,3040.0,2092.98
2026-06-11,P001,R002,C002,16,6080.0,3919.09
2026-06-11,P001,R003,C003,8,3040.0,2105.57
2026-06-11,P001,R003,C009,18,6840.0,4397.84
2026-06-11,P001,R004,C004,8,3040.0,2017.78
2026-06-11,P001,R004,C010,8,3040.0,2161.02
2026-06-11,P002,R001,C005,50,4250.0,2661.52
2026-06-11,P002,R001,C011,154,13090.0,8321.86
2026-06-11,P002,R001,C001,154,13090.0,8122.56
2026-06-11,P002,R001,C007,82,6970.0,4457.43
2026-06-11,P002,R002,C008,91,7735.0,4673.14
2026-06-11,P002,R002,C006,44,3740.0,2386.19
2026-06-11,P002,R002,C002,171,14535.0,8931.51
2026-06-11,P002,R003,C009,122,10370.0,6456.79
2026-06-11,P002,R003,C003,105,8925.0,5249.79
2026-06-11,P002,R004,C010,39,3315.0,2102.36
2026-06-11,P002,R004,C004,55,4675.0,2887.28
2026-06-11,P003,R001,C007,7,4340.0,3143.56
2026-06-11,P003,R001,C011,24,14880.0,10905.82
2026-06-11,P003,R002,C008,6,3720.0,2647.2
2026-06-11,P003,R002,C002,14,8680.0,6409.16
2026-06-11,P003,R003,C009,9,5580.0,3962.83
2026-06-11,P003,R003,C003,5,3100.0,2097.28
2026-06-11,P003,R004,C010,4,2480.0,1637.18
2026-06-11,P003,R004,C004,4,2480.0,1754.86
2026-06-11,P004,R001,C005,15,3600.0,2409.56
2026-06-11,P004,R001,C001,53,12720.0,8223.04
2026-06-11,P004,R001,C007,30,7200.0,4606.84
2026-06-11,P004,R002,C002,40,9600.0,6268.69
2026-06-11,P004,R002,C008,21,5040.0,3327.77
2026-06-11,P004,R002,C006,8,1920.0,1316.59
2026-06-11,P004,R003,C003,17,4080.0,2493.15
2026-06-11,P004,R003,C009,18,4320.0,2754.48
2026-06-11,P004,R004,C010,12,2880.0,1863.06
2026-06-11,P004,R004,C004,13,3120.0,2049.91
2026-06-11,P005,R001,C001,84,3780.0,2086.64
2026-06-11,P005,R001,C005,23,1035.0,633.73
2026-06-11,P005,R001,C011,91,4095.0,2256.08
2026-06-11,P005,R001,C007,46,2070.0,1216.04
2026-06-11,P005,R002,C012,104,4680.0,2743.22
2026-06-11,P005,R002,C008,55,2475.0,1508.21
2026-06-11,P005,R003,C003,58,2610.0,1494.98
2026-06-11,P005,R003,C009,76,3420.0,2041.68
2026-06-11,P005,R004,C004,28,1260.0,765.03
2026-06-11,P005,R004,C010,35,1575.0,874.33
2026-06-11,P006,R001,C007,68,8160.0,4993.96
2026-06-11,P006,R001,C005,60,7200.0,4883.49
2026-06-11,P006,R002,C012,48,5760.0,3732.42
2026-06-11,P006,R002,C002,57,6840.0,4581.07
2026-06-11,P006,R003,C009,56,6720.0,4520.78
2026-06-11,P006,R003,C003,37,4440.0,3000.86
2026-06-11,P006,R004,C010,13,1560.0,1037.58
2026-06-11,P006,R004,C004,16,1920.0,1287.6
2026-06-12,P001,R001,C011,21,7980.0,5565.9
2026-06-12,P001,R001,C005,7,2660.0,1803.56
2026-06-12,P001,R001,C001,16,6080.0,4240.48
2026-06-12,P001,R001,C007,11,4180.0,2691.21
2026-06-12,P001,R002,C008,9,3420.0,2250.79
2026-06-12,P001,R002,C002,18,6840.0,4628.27
2026-06-12,P001,R002,C006,11,4180.0,2844.78
2026-06-12,P001,R003,C003,12,4560.0,3278.07
2026-06-12,P001,R003,C009,22,8360.0,5433.79
2026-06-12,P001,R004,C010,6,2280.0,1542.71
2026-06-12,P001,R004,C004,6,2280.0,1504.95
2026-06-12,P002,R001,C011,101,8585.0,5598.49
2026-06-12,P002,R001,C007,76,6460.0,3810.34
2026-06-12,P002,R001,C005,44,3740.0,2181.03
2026-06-12,P002,R001,C001,129,10965.0,6854.8
2026-06-12,P002,R002,C008,63,5355.0,3269.71
2026-06-12,P002,R002,C012,152,12920.0,8030.32
2026-06-12,P002,R002,C006,40,3400.0,1981.08
2026-06-12,P002,R003,C009,116,9860.0,6486.11
2026-06-12,P002,R003,C003,96,8160.0,5314.59
2026-06-12,P002,R004,C010,35,2975.0,1859.31
2026-06-12,P002,R004,C004,53,4505.0,2866.62
2026-06-12,P003,R001,C011,21,13020.0,9013.85
2026-06-12,P003,R001,C007,10,6200.0,4223.3
2026-06-12,P003,R002,C008,5,3100.0,2122.21
2026-06-12,P003,R002,C006,4,2480.0,1801.98
2026-06-12,P003,R002,C002,11,6820.0,4696.37
2026-06-12,P003,R003,C009,7,4340.0,3167.6
2026-06-12,P003,R003,C003,6,3720.0,2702.79
2026-06-12,P003,R004,C004,4,2480.0,1655.42
2026-06-12,P003,R004,C010,4,2480.0,1835.12
2026-06-12,P004,R001,C001,59,14160.0,8887.98
2026-06-12,P004,R001,C007,25,6000.0,3662.47
2026-06-12,P004,R002,C012,27,6480.0,4307.15
2026-06-12,P004,R002,C002,26,6240.0,4170.71
2026-06-12,P004,R003,C009,20,4800.0,3052.28
2026-06-12,P004,R003,C003,10,2400.0,1514.71
2026-06-12,P004,R004,C004,10,2400.0,1651.53
2026-06-12,P004,R004,C010,7,1680.0,1092.08
2026-06-12,P005,R001,C001,122,5490.0,3051.87
2026-06-12,P005,R001,C007,68,3060.0,1832.16
2026-06-12,P005,R002,C002,76,3420.0,1875.43
2026-06-12,P005,R002,C008,25,1125.0,637.22
2026-06-12,P005,R002,C012,73,3285.0,2005.2
2026-06-12,P005,R003,C009,74,3330.0,1916.64
2026-06-12,P005,R003,C003,40,1800.0,1112.75
2026-06-12,P005,R004,C004,31,1395.0,805.39
2026-06-12,P005,R004,C010,26,1170.0,646.85
2026-06-12,P006,R001,C007,59,7080.0,4414.31
2026-06-12,P006,R001,C011,89,10680.0,7166.35
2026-06-12,P006,R001,C005,29,3480.0,2100.24
2026-06-12,P006,R002,C012,41,4920.0,3143.16
2026-06-12,P006,R002,C002,42,5040.0,3228.65
2026-06-12,P006,R002,C006,11,1320.0,854.9
2026-06-12,P006,R003,C009,27,3240.0,1986.38
2026-06-12,P006,R003,C003,27,3240.0,2033.76
2026-06-12,P006,R004,C004,19,2280.0,1413.42
2026-06-12,P006,R004,C010,12,1440.0,903.71
2026-06-13,P001,R001,C011,12,4560.0,3218.83
2026-06-13,P001,R001,C001,12,4560.0,3080.01
2026-06-13,P001,R001,C005,3,1140.0,771.21
2026-06-13,P001,R001,C007,5,1900.0,1267.98
2026-06-13,P001,R002,C012,9,3420.0,2309.8
2026-06-13,P001,R002,C006,3,1140.0,762.38
2026-06-13,P001,R002,C002,7,2660.0,1730.26
2026-06-13,P001,R002,C008,5,1900.0,1293.71
2026-06-13,P001,R003,C003,9,3420.0,2423.67
2026-06-13,P001,R003,C009,9,3420.0,2317.01
2026-06-13,P001,R004,C010,5,1900.0,1358.19
2026-06-13,P001,R004,C004,6,2280.0,1609.67
2026-06-13,P002,R001,C007,50,4250.0,2576.58
2026-06-13,P002,R001,C001,72,6120.0,3901.21
2026-06-13,P002,R001,C005,29,2465.0,1530.01
2026-06-13,P002,R001,C011,79,6715.0,4276.28
2026-06-13,P002,R002,C012,53,4505.0,2786.73
2026-06-13,P002,R002,C008,27,2295.0,1461.66
2026-06-13,P002,R002,C002,71,6035.0,3696.63
2026-06-13,P002,R003,C009,49,4165.0,2457.94
2026-06-13,P002,R003,C003,29,2465.0,1581.93
2026-06-13,P002,R004,C004,41,3485.0,2137.29
2026-06-13,P002,R004,C010,25,2125.0,1400.11
2026-06-13,P003,R001,C005,5,3100.0,2057.64
2026-06-13,P003,R001,C001,16,9920.0,6804.58
2026-06-13,P003,R002,C012,7,4340.0,3209.57
2026-06-13,P003,R002,C008,3,1860.0,1341.74
2026-06-13,P003,R002,C002,5,3100.0,2059.33
2026-06-13,P003,R002,C006,2,1240.0,836.35
2026-06-13,P003,R003,C009,7,4340.0,2965.82
2026-06-13,P003,R003,C003,5,3100.0,2084.26
2026-06-13,P003,R004,C004,2,1240.0,907.18
2026-06-13,P003,R004,C010,2,1240.0,888.35
2026-06-13,P004,R001,C005,8,1920.0,1209.92
2026-06-13,P004,R001,C007,10,2400.0,1615.77
2026-06-13,P004,R001,C001,24,5760.0,3727.31
2026-06-13,P004,R001,C011,17,4080.0,2492.28
2026-06-13,P004,R002,C008,7,1680.0,1156.61
2026-06-13,P004,R002,C002,15,3600.0,2207.22
2026-06-13,P004,R002,C012,20,4800.0,3285.92
2026-06-13,P004,R002,C006,4,960.0,644.21
2026-06-13,P004,R003,C003,8,1920.0,1286.0
2026-06-13,P004,R003,C009,21,5040.0,3326.38
2026-06-13,P004,R004,C010,4,960.0,620.88
2026-06-13,P004,R004,C004,7,1680.0,1136.95
2026-06-13,P005,R001,C005,27,1215.0,690.28
2026-06-13,P005,R001,C011,77,3465.0,2114.15
2026-06-13,P005,R001,C007,32,1440.0,806.47
2026-06-13,P005,R001,C001,49,2205.0,1227.52
2026-06-13,P005,R002,C012,48,2160.0,1296.1
2026-06-13,P005,R002,C002,37,1665.0,979.88
2026-06-13,P005,R003,C009,35,1575.0,953.95
2026-06-13,P005,R003,C003,30,1350.0,826.5
2026-06-13,P005,R004,C004,22,990.0,550.22
2026-06-13,P005,R004,C010,15,675.0,394.88
2026-06-13,P006,R001,C011,46,5520.0,3510.68
2026-06-13,P006,R001,C005,13,1560.0,971.42
2026-06-13,P006,R001,C001,25,3000.0,1998.87
2026-06-13,P006,R002,C008,23,2760.0,1833.38
2026-06-13,P006,R002,C006,11,1320.0,852.48
2026-06-13,P006,R002,C012,40,4800.0,2918.67
2026-06-13,P006,R003,C003,16,1920.0,1297.64
2026-06-13,P006,R003,C009,27,3240.0,2202.04
2026-06-13,P006,R004,C004,17,2040.0,1320.6
2026-06-13,P006,R004,C010,9,1080.0,710.85
2026-06-14,P001,R001,C007,14,5320.0,3737.08
2026-06-14,P001,R001,C005,8,3040.0,1978.58
2026-06-14,P001,R001,C001,21,7980.0,5357.77
2026-06-14,P001,R002,C002,19,7220.0,5017.9
2026-06-14,P001,R002,C008,10,3800.0,2719.66
2026-06-14,P001,R003,C003,10,3800.0,2559.28
2026-06-14,P001,R003,C009,14,5320.0,3421.72
2026-06-14,P001,R004,C010,5,1900.0,1266.88
2026-06-14,P001,R004,C004,6,2280.0,1539.99
2026-06-14,P002,R001,C001,93,7905.0,4722.3
2026-06-14,P002,R001,C011,84,7140.0,4617.17
2026-06-14,P002,R001,C007,35,2975.0,1935.34
2026-06-14,P002,R001,C005,36,3060.0,1885.2
2026-06-14,P002,R002,C002,104,8840.0,5491.01
2026-06-14,P002,R002,C008,36,3060.0,1923.66
2026-06-14,P002,R003,C009,80,6800.0,4443.93
2026-06-14,P002,R003,C003,38,3230.0,1883.85
2026-06-14,P002,R004,C010,29,2465.0,1462.39
2026-06-14,P002,R004,C004,39,3315.0,2187.66
2026-06-14,P003,R001,C001,10,6200.0,4109.51
2026-06-14,P003,R001,C011,7,4340.0,2996.17
2026-06-14,P003,R001,C005,4,2480.0,1703.29
2026-06-14,P003,R002,C008,3,1860.0,1271.86
2026-06-14,P003,R002,C006,2,1240.0,821.61
2026-06-14,P003,R002,C012,3,1860.0,1296.63
2026-06-14,P003,R002,C002,3,1860.0,1334.3
2026-06-14,P003,R003,C003,5,3100.0,2127.51
2026-06-14,P003,R003,C009,7,4340.0,3208.36
2026-06-14,P003,R004,C004,3,1860.0,1376.36
2026-06-14,P003,R004,C010,2,1240.0,892.16
2026-06-14,P004,R001,C001,26,6240.0,3924.68
2026-06-14,P004,R001,C005,7,1680.0,1033.25
2026-06-14,P004,R001,C011,24,5760.0,3958.99
2026-06-14,P004,R001,C007,11,2640.0,1810.28
2026-06-14,P004,R002,C002,18,4320.0,2760.39
2026-06-14,P004,R002,C012,16,3840.0,2419.94
2026-06-14,P004,R002,C008,7,1680.0,1074.62
2026-06-14,P004,R003,C009,20,4800.0,3115.9
2026-06-14,P004,R003,C003,9,2160.0,1383.55
2026-06-14,P004,R004,C010,6,1440.0,939.74
2026-06-14,P004,R004,C004,8,1920.0,1200.92
2026-06-14,P005,R001,C005,23,1035.0,625.42
2026-06-14,P005,R001,C007,60,2700.0,1497.34
2026-06-14,P005,R001,C001,104,4680.0,2831.83
2026-06-14,P005,R002,C002,61,2745.0,1681.9
2026-06-14,P005,R002,C012,66,2970.0,1766.56
2026-06-14,P005,R003,C003,41,1845.0,1048.54
2026-06-14,P005,R003,C009,38,1710.0,942.06
2026-06-14,P005,R004,C004,15,675.0,372.0
2026-06-14,P005,R004,C010,19,855.0,519.54
2026-06-14,P006,R001,C007,48,5760.0,3674.17
2026-06-14,P006,R001,C005,23,2760.0,1798.12
2026-06-14,P006,R002,C012,18,2160.0,1360.88
2026-06-14,P006,R002,C002,25,3000.0,1818.74
2026-06-14,P006,R002,C006,7,840.0,508.71
2026-06-14,P006,R003,C009,24,2880.0,1822.51
2026-06-14,P006,R003,C003,21,2520.0,1642.25
2026-06-14,P006,R004,C004,12,1440.0,971.31
2026-06-14,P006,R004,C010,11,1320.0,875.36
2026-06-15,P001,R001,C011,39,14820.0,10325.44
2026-06-15,P001,R001,C005,13,4940.0,3343.74
2026-06-15,P001,R002,C006,4,1520.0,1090.68
2026-06-15,P001,R002,C012,11,4180.0,2685.57
2026-06-15,P001,R002,C008,8,3040.0,2161.58
2026-06-15,P001,R002,C002,17,6460.0,4428.23
2026-06-15,P001,R003,C003,11,4180.0,2820.13
2026-06-15,P001,R003,C009,14,5320.0,3588.65
2026-06-15,P001,R004,C010,8,3040.0,2008.34
2026-06-15,P001,R004,C004,11,4180.0,2745.4
2026-06-15,P002,R001,C007,126,10710.0,6339.2
2026-06-15,P002,R001,C001,239,20315.0,11890.31
2026-06-15,P002,R002,C012,189,16065.0,10243.54
2026-06-15,P002,R002,C008,95,8075.0,5175.99
2026-06-15,P002,R003,C009,124,10540.0,6313.06
2026-06-15,P002,R003,C003,72,6120.0,3679.65
2026-06-15,P002,R004,C004,49,4165.0,2647.95
2026-06-15,P002,R004,C010,36,3060.0,1910.59
2026-06-15,P003,R001,C005,7,4340.0,3187.28
2026-06-15,P003,R001,C001,15,9300.0,6189.21
2026-06-15,P003,R001,C007,8,4960.0,3405.73
2026-06-15,P003,R002,C002,12,7440.0,5413.58
2026-06-15,P003,R002,C012,10,6200.0,4179.96
2026-06-15,P003,R003,C003,4,2480.0,1666.01
2026-06-15,P003,R003,C009,6,3720.0,2469.41
2026-06-15,P003,R004,C004,4,2480.0,1766.05
2026-06-15,P003,R004,C010,4,2480.0,1671.97
2026-06-15,P004,R001,C005,30,7200.0,4715.42
2026-06-15,P004,R001,C007,47,11280.0,7125.02
2026-06-15,P004,R002,C012,39,9360.0,6140.07
2026-06-15,P004,R002,C008,19,4560.0,2792.07
2026-06-15,P004,R002,C006,9,2160.0,1468.46
2026-06-15,P004,R003,C003,20,4800.0,3209.48
2026-06-15,P004,R003,C009,18,4320.0,2678.61
2026-06-15,P004,R004,C010,7,1680.0,1057.08
2026-06-15,P004,R004,C004,13,3120.0,2100.99
2026-06-15,P005,R001,C005,24,1080.0,647.8
2026-06-15,P005,R001,C007,41,1845.0,1138.95
2026-06-15,P005,R001,C001,72,3240.0,1794.28
2026-06-15,P005,R001,C011,59,2655.0,1511.84
2026-06-15,P005,R002,C012,65,2925.0,1652.13
2026-06-15,P005,R002,C002,57,2565.0,1530.65
2026-06-15,P005,R002,C006,20,900.0,494.6
2026-06-15,P005,R002,C008,33,1485.0,870.12
2026-06-15,P005,R003,C009,87,3915.0,2278.0
2026-06-15,P005,R003,C003,42,1890.0,1032.38
2026-06-15,P005,R004,C004,32,1440.0,867.55
2026-06-15,P005,R004,C010,26,1170.0,705.02
2026-06-15,P006,R001,C011,61,7320.0,4802.39
2026-06-15,P006,R001,C001,44,5280.0,3409.7
2026-06-15,P006,R001,C005,15,1800.0,1157.99
2026-06-15,P006,R001,C007,22,2640.0,1585.21
2026-06-15,P006,R002,C008,22,2640.0,1639.96
2026-06-15,P006,R002,C012,25,3000.0,1931.41
2026-06-15,P006,R002,C002,36,4320.0,2690.62
2026-06-15,P006,R002,C006,9,1080.0,717.39
2026-06-15,P006,R003,C003,22,2640.0,1744.28
2026-06-15,P006,R003,C009,41,4920.0,3307.34
2026-06-15,P006,R004,C004,22,2640.0,1717.16
2026-06-15,P006,R004,C010,15,1800.0,1178.72
2026-06-16,P001,R001,C005,22,8360.0,5758.57
2026-06-16,P001,R001,C007,35,13300.0,8697.19
2026-06-16,P001,R002,C012,18,6840.0,4866.22
2026-06-16,P001,R002,C008,6,2280.0,1489.82
2026-06-16,P001,R002,C002,18,6840.0,4590.12
2026-06-16,P001,R002,C006,7,2660.0,1886.27
2026-06-16,P001,R003,C003,8,3040.0,2163.75
2026-06-16,P001,R003,C009,14,5320.0,3527.26
2026-06-16,P001,R004,C010,8,3040.0,2125.74
2026-06-16,P001,R004,C004,10,3800.0,2680.06
2026-06-16,P002,R001,C011,96,8160.0,4949.51
2026-06-16,P002,R001,C005,39,3315.0,1941.77
2026-06-16,P002,R001,C007,65,5525.0,3535.83
2026-06-16,P002,R001,C001,125,10625.0,6802.44
2026-06-16,P002,R002,C008,58,4930.0,3166.41
2026-06-16,P002,R002,C002,117,9945.0,6057.45
2026-06-16,P002,R003,C003,94,7990.0,4779.62
2026-06-16,P002,R003,C009,96,8160.0,5072.72
2026-06-16,P002,R004,C010,36,3060.0,1787.48
2026-06-16,P002,R004,C004,60,5100.0,3268.82
2026-06-16,P003,R001,C005,3,1860.0,1306.48
2026-06-16,P003,R001,C011,7,4340.0,3120.94
2026-06-16,P003,R001,C007,3,1860.0,1294.64
2026-06-16,P003,R001,C001,9,5580.0,4025.68
2026-06-16,P003,R002,C008,2,1240.0,915.53
2026-06-16,P003,R002,C012,5,3100.0,2153.21
2026-06-16,P003,R002,C006,2,1240.0,880.43
2026-06-16,P003,R002,C002,5,3100.0,2220.69
2026-06-16,P003,R003,C003,5,3100.0,2158.08
2026-06-16,P003,R003,C009,8,4960.0,3630.96
2026-06-16,P003,R004,C010,4,2480.0,1775.49
2026-06-16,P003,R004,C004,4,2480.0,1664.08
2026-06-16,P004,R001,C005,35,8400.0,5686.83
2026-06-16,P004,R001,C007,57,13680.0,9319.43
2026-06-16,P004,R002,C006,25,6000.0,3797.08
2026-06-16,P004,R002,C008,32,7680.0,5231.22
2026-06-16,P004,R003,C003,18,4320.0,2972.66
2026-06-16,P004,R003,C009,29,6960.0,4523.8
2026-06-16,P004,R004,C010,7,1680.0,1120.88
2026-06-16,P004,R004,C004,12,2880.0,1775.98
2026-06-16,P005,R001,C005,36,1620.0,995.18
2026-06-16,P005,R001,C001,121,5445.0,3025.73
2026-06-16,P005,R002,C008,33,1485.0,837.85
2026-06-16,P005,R002,C002,80,3600.0,2127.32
2026-06-16,P005,R002,C012,51,2295.0,1353.62
2026-06-16,P005,R003,C009,66,2970.0,1638.51
2026-06-16,P005,R003,C003,44,1980.0,1102.48
2026-06-16,P005,R004,C010,23,1035.0,610.02
2026-06-16,P005,R004,C004,29,1305.0,737.54
2026-06-16,P006,R001,C005,40,4800.0,3127.56
2026-06-16,P006,R001,C011,113,13560.0,8506.0
2026-06-16,P006,R002,C012,53,6360.0,4183.64
2026-06-16,P006,R002,C008,26,3120.0,1939.23
2026-06-16,P006,R002,C006,21,2520.0,1652.22
2026-06-16,P006,R003,C009,52,6240.0,3844.48
2026-06-16,P006,R003,C003,31,3720.0,2519.88
2026-06-16,P006,R004,C010,15,1800.0,1115.94
2026-06-16,P006,R004,C004,21,2520.0,1541.95
2026-06-17,P001,R001,C005,12,4560.0,3088.63
2026-06-17,P001,R001,C001,34,12920.0,9058.72
2026-06-17,P001,R002,C012,23,8740.0,5954.38
2026-06-17,P001,R002,C002,14,5320.0,3682.76
2026-06-17,P001,R003,C003,10,3800.0,2489.01
2026-06-17,P001,R003,C009,22,8360.0,5790.41
2026-06-17,P001,R004,C004,6,2280.0,1498.5
2026-06-17,P001,R004,C010,5,1900.0,1228.18
2026-06-17,P002,R001,C001,161,13685.0,8446.87
2026-06-17,P002,R001,C011,138,11730.0,7501.99
2026-06-17,P002,R001,C007,81,6885.0,4234.36
2026-06-17,P002,R001,C005,42,3570.0,2236.77
2026-06-17,P002,R002,C012,179,15215.0,9768.21
2026-06-17,P002,R002,C006,60,5100.0,2996.47
2026-06-17,P002,R003,C003,51,4335.0,2689.45
2026-06-17,P002,R003,C009,70,5950.0,3630.03
2026-06-17,P002,R004,C010,51,4335.0,2648.04
2026-06-17,P002,R004,C004,77,6545.0,4303.26
2026-06-17,P003,R001,C005,5,3100.0,2213.85
2026-06-17,P003,R001,C011,13,8060.0,5813.4
2026-06-17,P003,R001,C007,7,4340.0,3059.09
2026-06-17,P003,R002,C002,9,5580.0,3713.33
2026-06-17,P003,R002,C006,2,1240.0,824.7
2026-06-17,P003,R002,C012,9,5580.0,3998.65
2026-06-17,P003,R003,C003,4,2480.0,1719.01
2026-06-17,P003,R003,C009,7,4340.0,3127.54
2026-06-17,P003,R004,C004,4,2480.0,1798.78
2026-06-17,P003,R004,C010,3,1860.0,1287.06
2026-06-17,P004,R001,C005,9,2160.0,1398.78
2026-06-17,P004,R001,C011,22,5280.0,3282.91
2026-06-17,P004,R001,C001,33,7920.0,5133.04
2026-06-17,P004,R001,C007,15,3600.0,2477.15
2026-06-17,P004,R002,C006,11,2640.0,1820.04
2026-06-17,P004,R002,C002,23,5520.0,3732.09
2026-06-17,P004,R002,C012,33,7920.0,5129.79
2026-06-17,P004,R003,C003,14,3360.0,2100.65
2026-06-17,P004,R003,C009,26,6240.0,4087.85
2026-06-17,P004,R004,C010,10,2400.0,1556.9
2026-06-17,P004,R004,C004,14,3360.0,2288.55
2026-06-17,P005,R001,C007,62,2790.0,1594.72
2026-06-17,P005,R001,C011,74,3330.0,2047.57
2026-06-17,P005,R001,C001,84,3780.0,2100.03
2026-06-17,P005,R002,C006,15,675.0,389.6
2026-06-17,P005,R002,C002,51,2295.0,1377.85
2026-06-17,P005,R002,C012,37,1665.0,1023.56
2026-06-17,P005,R002,C008,20,900.0,515.46
2026-06-17,P005,R003,C003,47,2115.0,1296.82
2026-06-17,P005,R003,C009,78,3510.0,2112.84
2026-06-17,P005,R004,C010,25,1125.0,695.32
2026-06-17,P005,R004,C004,33,1485.0,835.4
2026-06-17,P006,R001,C005,63,7560.0,5075.83
2026-06-17,P006,R001,C007,85,10200.0,6894.73
2026-06-17,P006,R002,C006,28,3360.0,2171.34
2026-06-17,P006,R002,C012,94,11280.0,7445.26
2026-06-17,P006,R003,C003,25,3000.0,1996.85
2026-06-17,P006,R003,C009,31,3720.0,2254.43
2026-06-17,P006,R004,C004,16,1920.0,1234.35
2026-06-17,P006,R004,C010,19,2280.0,1482.39
2026-06-18,P001,R001,C011,21,7980.0,5578.68
2026-06-18,P001,R001,C007,14,5320.0,3412.87
2026-06-18,P001,R001,C001,31,11780.0,7715.55
2026-06-18,P001,R002,C008,11,4180.0,2779.1
2026-06-18,P001,R002,C012,24,9120.0,6236.14
2026-06-18,P001,R002,C006,5,1900.0,1275.53
2026-06-18,P001,R003,C009,19,7220.0,4844.97
2026-06-18,P001,R003,C003,7,2660.0,1776.19
2026-06-18,P001,R004,C010,5,1900.0,1301.26
2026-06-18,P001,R004,C004,6,2280.0,1628.59
2026-06-18,P002,R001,C011,141,11985.0,7906.58
2026-06-18,P002,R001,C005,57,4845.0,2897.24
2026-06-18,P002,R001,C001,180,15300.0,9827.18
2026-06-18,P002,R001,C007,79,6715.0,4381.34
2026-06-18,P002,R002,C012,122,10370.0,6761.84
2026-06-18,P002,R002,C002,139,11815.0,7388.03
2026-06-18,P002,R003,C009,136,11560.0,7323.1
2026-06-18,P002,R003,C003,93,7905.0,5203.48
2026-06-18,P002,R004,C010,36,3060.0,1879.21
2026-06-18,P002,R004,C004,56,4760.0,2780.32
2026-06-18,P003,R001,C007,4,2480.0,1736.84
2026-06-18,P003,R001,C001,15,9300.0,6795.28
2026-06-18,P003,R001,C011,8,4960.0,3372.73
2026-06-18,P003,R002,C002,14,8680.0,5971.44
2026-06-18,P003,R002,C008,7,4340.0,3210.66
2026-06-18,P003,R002,C006,4,2480.0,1749.99
2026-06-18,P003,R003,C009,9,5580.0,3737.96
2026-06-18,P003,R003,C003,6,3720.0,2612.38
2026-06-18,P003,R004,C004,3,1860.0,1285.15
2026-06-18,P003,R004,C010,4,2480.0,1697.81
2026-06-18,P004,R001,C005,12,2880.0,1878.03
2026-06-18,P004,R001,C001,33,7920.0,4856.29
2026-06-18,P004,R001,C011,45,10800.0,7324.29
2026-06-18,P004,R002,C002,16,3840.0,2585.12
2026-06-18,P004,R002,C008,7,1680.0,1155.81
2026-06-18,P004,R002,C006,4,960.0,593.08
2026-06-18,P004,R002,C012,19,4560.0,3005.6
2026-06-18,P004,R003,C009,16,3840.0,2364.73
2026-06-18,P004,R003,C003,18,4320.0,2780.09
2026-06-18,P004,R004,C004,14,3360.0,2304.53
2026-06-18,P004,R004,C010,12,2880.0,1967.02
2026-06-18,P005,R001,C005,71,3195.0,1798.75
2026-06-18,P005,R001,C011,169,7605.0,4702.2
2026-06-18,P005,R002,C008,45,2025.0,1096.17
2026-06-18,P005,R002,C002,62,2790.0,1571.0
2026-06-18,P005,R002,C006,32,1440.0,780.03
2026-06-18,P005,R003,C003,58,2610.0,1609.09
2026-06-18,P005,R003,C009,99,4455.0,2535.46
2026-06-18,P005,R004,C004,36,1620.0,936.71
2026-06-18,P005,R004,C010,30,1350.0,814.42
2026-06-18,P006,R001,C001,46,5520.0,3469.69
2026-06-18,P006,R001,C005,21,2520.0,1536.21
2026-06-18,P006,R001,C011,41,4920.0,3110.04
2026-06-18,P006,R002,C006,13,1560.0,1013.27
2026-06-18,P006,R002,C008,19,2280.0,1458.2
2026-06-18,P006,R002,C012,50,6000.0,4057.43
2026-06-18,P006,R003,C003,35,4200.0,2537.05
2026-06-18,P006,R003,C009,42,5040.0,3219.91
2026-06-18,P006,R004,C010,17,2040.0,1370.76
2026-06-18,P006,R004,C004,16,1920.0,1230.4
2026-06-19,P001,R001,C001,18,6840.0,4656.75
2026-06-19,P001,R001,C007,11,4180.0,3004.02
2026-06-19,P001,R001,C011,16,6080.0,4159.74
2026-06-19,P001,R001,C005,8,3040.0,2148.15
2026-06-19,P001,R002,C002,15,5700.0,4003.86
2026-06-19,P001,R002,C008,8,3040.0,2083.7
2026-06-19,P001,R002,C006,5,1900.0,1352.27
2026-06-19,P001,R003,C003,8,3040.0,2081.5
2026-06-19,P001,R003,C009,18,6840.0,4782.73
2026-06-19,P001,R004,C010,8,3040.0,2182.88
2026-06-19,P001,R004,C004,7,2660.0,1901.66
2026-06-19,P002,R001,C005,86,7310.0,4555.25
2026-06-19,P002,R001,C001,234,19890.0,12253.05
2026-06-19,P002,R002,C012,117,9945.0,6487.45
2026-06-19,P002,R002,C008,90,7650.0,4613.64
2026-06-19,P002,R002,C006,39,3315.0,2124.71
2026-06-19,P002,R003,C003,57,4845.0,3097.48
2026-06-19,P002,R003,C009,106,9010.0,5324.64
2026-06-19,P002,R004,C010,34,2890.0,1693.18
2026-06-19,P002,R004,C004,53,4505.0,2871.76
2026-06-19,P003,R001,C007,8,4960.0,3544.82
2026-06-19,P003,R001,C001,18,11160.0,7579.79
2026-06-19,P003,R002,C008,3,1860.0,1349.85
2026-06-19,P003,R002,C006,2,1240.0,838.53
2026-06-19,P003,R002,C002,5,3100.0,2258.61
2026-06-19,P003,R002,C012,7,4340.0,3061.34
2026-06-19,P003,R003,C009,8,4960.0,3590.83
2026-06-19,P003,R003,C003,4,2480.0,1691.36
2026-06-19,P003,R004,C010,4,2480.0,1676.94
2026-06-19,P003,R004,C004,3,1860.0,1231.71
2026-06-19,P004,R001,C011,23,5520.0,3431.15
2026-06-19,P004,R001,C007,12,2880.0,1949.83
2026-06-19,P004,R001,C001,23,5520.0,3600.58
2026-06-19,P004,R001,C005,7,1680.0,1063.89
2026-06-19,P004,R002,C012,37,8880.0,5810.69
2026-06-19,P004,R002,C008,21,5040.0,3354.28
2026-06-19,P004,R003,C003,18,4320.0,2900.13
2026-06-19,P004,R003,C009,21,5040.0,3130.33
2026-06-19,P004,R004,C004,13,3120.0,1910.05
2026-06-19,P004,R004,C010,7,1680.0,1047.67
2026-06-19,P005,R001,C007,35,1575.0,976.46
2026-06-19,P005,R001,C005,24,1080.0,584.01
2026-06-19,P005,R001,C011,85,3825.0,2282.9
2026-06-19,P005,R001,C001,85,3825.0,2264.3
2026-06-19,P005,R002,C012,120,5400.0,3121.84
2026-06-19,P005,R002,C006,51,2295.0,1332.7
2026-06-19,P005,R003,C009,69,3105.0,1821.91
2026-06-19,P005,R003,C003,38,1710.0,947.12
2026-06-19,P005,R004,C004,46,2070.0,1167.94
2026-06-19,P005,R004,C010,37,1665.0,987.88
2026-06-19,P006,R001,C007,45,5400.0,3399.19
2026-06-19,P006,R001,C001,89,10680.0,6518.01
2026-06-19,P006,R002,C008,25,3000.0,1829.2
2026-06-19,P006,R002,C012,44,5280.0,3309.51
2026-06-19,P006,R003,C003,22,2640.0,1588.97
2026-06-19,P006,R003,C009,39,4680.0,3066.71
2026-06-19,P006,R004,C010,19,2280.0,1445.32
2026-06-19,P006,R004,C004,24,2880.0,1849.44
2026-06-20,P001,R001,C007,10,3800.0,2602.06
2026-06-20,P001,R001,C001,16,6080.0,3980.63
2026-06-20,P001,R001,C011,15,5700.0,3711.26
2026-06-20,P001,R001,C005,5,1900.0,1351.19
2026-06-20,P001,R002,C008,3,1140.0,731.6
2026-06-20,P001,R002,C012,6,2280.0,1478.14
2026-06-20,P001,R002,C002,7,2660.0,1849.57
2026-06-20,P001,R002,C006,2,760.0,519.85
2026-06-20,P001,R003,C003,7,2660.0,1825.74
2026-06-20,P001,R003,C009,8,3040.0,1986.03
2026-06-20,P001,R004,C004,5,1900.0,1354.83
2026-06-20,P001,R004,C010,3,1140.0,793.02
2026-06-20,P002,R001,C007,70,5950.0,3772.32
2026-06-20,P002,R001,C005,29,2465.0,1506.11
2026-06-20,P002,R001,C001,101,8585.0,5436.24
2026-06-20,P002,R002,C006,38,3230.0,1983.83
2026-06-20,P002,R002,C008,55,4675.0,2753.67
2026-06-20,P002,R002,C002,72,6120.0,3942.53
2026-06-20,P002,R003,C009,76,6460.0,4013.37
2026-06-20,P002,R003,C003,43,3655.0,2330.81
2026-06-20,P002,R004,C010,28,2380.0,1500.11
2026-06-20,P002,R004,C004,22,1870.0,1125.44
2026-06-20,P003,R001,C001,9,5580.0,4090.97
2026-06-20,P003,R001,C005,4,2480.0,1732.35
2026-06-20,P003,R002,C006,3,1860.0,1322.69
2026-06-20,P003,R002,C012,9,5580.0,3852.29
2026-06-20,P003,R003,C003,4,2480.0,1639.39
2026-06-20,P003,R003,C009,6,3720.0,2716.18
2026-06-20,P003,R004,C004,2,1240.0,874.81
2026-06-20,P003,R004,C010,1,620.0,430.15
2026-06-20,P004,R001,C007,32,7680.0,4736.53
2026-06-20,P004,R001,C005,25,6000.0,3718.8
2026-06-20,P004,R002,C012,12,2880.0,1826.11
2026-06-20,P004,R002,C006,6,1440.0,991.57
2026-06-20,P004,R002,C008,9,2160.0,1450.48
2026-06-20,P004,R002,C002,14,3360.0,2258.71
2026-06-20,P004,R003,C003,13,3120.0,2045.87
2026-06-20,P004,R003,C009,16,3840.0,2619.73
2026-06-20,P004,R004,C004,7,1680.0,1125.95
2026-06-20,P004,R004,C010,4,960.0,652.86
2026-06-20,P005,R001,C007,23,1035.0,576.65
2026-06-20,P005,R001,C011,67,3015.0,1817.83
2026-06-20,P005,R001,C001,39,1755.0,1003.84
2026-06-20,P005,R002,C008,21,945.0,520.35
2026-06-20,P005,R002,C002,35,1575.0,974.09
2026-06-20,P005,R002,C012,37,1665.0,991.45
2026-06-20,P005,R003,C003,40,1800.0,990.76
2026-06-20,P005,R003,C009,46,2070.0,1173.93
2026-06-20,P005,R004,C004,19,855.0,471.44
2026-06-20,P005,R004,C010,16,720.0,398.71
2026-06-20,P006,R001,C007,61,7320.0,4688.9
2026-06-20,P006,R001,C005,44,5280.0,3273.48
2026-06-20,P006,R002,C006,13,1560.0,1026.31
2026-06-20,P006,R002,C012,48,5760.0,3457.39
2026-06-20,P006,R003,C009,21,2520.0,1624.47
2026-06-20,P006,R003,C003,15,1800.0,1110.59
2026-06-20,P006,R004,C004,12,1440.0,958.99
2026-06-20,P006,R004,C010,10,1200.0,766.86
2026-06-21,P001,R001,C011,23,8740.0,5870.33
2026-06-21,P001,R001,C005,12,4560.0,3131.28
2026-06-21,P001,R002,C008,10,3800.0,2640.3
2026-06-21,P001,R002,C006,9,3420.0,2343.9
2026-06-21,P001,R003,C009,14,5320.0,3790.85
2026-06-21,P001,R003,C003,9,3420.0,2347.21
2026-06-21,P001,R004,C004,6,2280.0,1626.69
2026-06-21,P001,R004,C010,5,1900.0,1290.51
2026-06-21,P002,R001,C005,32,2720.0,1704.74
2026-06-21,P002,R001,C011,92,7820.0,4721.68
2026-06-21,P002,R001,C001,123,10455.0,6217.6
2026-06-21,P002,R002,C006,22,1870.0,1107.17
2026-06-21,P002,R002,C002,58,4930.0,3244.3
2026-06-21,P002,R002,C012,73,6205.0,4036.89
2026-06-21,P002,R003,C009,87,7395.0,4835.19
2026-06-21,P002,R003,C003,43,3655.0,2396.67
2026-06-21,P002,R004,C010,19,1615.0,1007.69
2026-06-21,P002,R004,C004,33,2805.0,1736.67
2026-06-21,P003,R001,C007,4,2480.0,1657.17
2026-06-21,P003,R001,C011,5,3100.0,2219.59
2026-06-21,P003,R001,C005,2,1240.0,884.2
2026-06-21,P003,R001,C001,5,3100.0,2192.46
2026-06-21,P003,R002,C006,2,1240.0,847.24
2026-06-21,P003,R002,C012,6,3720.0,2744.01
2026-06-21,P003,R002,C002,7,4340.0,3167.77
2026-06-21,P003,R003,C003,4,2480.0,1736.5
2026-06-21,P003,R003,C009,5,3100.0,2278.35
2026-06-21,P003,R004,C010,2,1240.0,836.59
2026-06-21,P003,R004,C004,2,1240.0,849.39
2026-06-21,P004,R001,C007,27,6480.0,4042.03
2026-06-21,P004,R001,C011,40,9600.0,5878.05
2026-06-21,P004,R002,C002,15,3600.0,2475.19
2026-06-21,P004,R002,C012,13,3120.0,2019.4
2026-06-21,P004,R002,C006,4,960.0,607.62
2026-06-21,P004,R002,C008,6,1440.0,886.96
2026-06-21,P004,R003,C003,13,3120.0,1984.9
2026-06-21,P004,R003,C009,22,5280.0,3429.83
2026-06-21,P004,R004,C010,6,1440.0,927.27
2026-06-21,P004,R004,C004,6,1440.0,943.07
2026-06-21,P005,R001,C005,26,1170.0,707.27
2026-06-21,P005,R001,C011,94,4230.0,2326.38
2026-06-21,P005,R001,C007,44,1980.0,1164.45
2026-06-21,P005,R002,C006,16,720.0,404.73
2026-06-21,P005,R002,C008,33,1485.0,885.19
2026-06-21,P005,R002,C012,52,2340.0,1308.3
2026-06-21,P005,R003,C003,27,1215.0,703.21
2026-06-21,P005,R003,C009,32,1440.0,832.96
2026-06-21,P005,R004,C004,21,945.0,528.52
2026-06-21,P005,R004,C010,12,540.0,322.2
2026-06-21,P006,R001,C007,24,2880.0,1885.61
2026-06-21,P006,R001,C011,39,4680.0,3079.98
2026-06-21,P006,R002,C008,49,5880.0,3932.42
2026-06-21,P006,R002,C006,23,2760.0,1843.89
2026-06-21,P006,R003,C009,42,5040.0,3094.9
2026-06-21,P006,R003,C003,25,3000.0,2011.39
2026-06-21,P006,R004,C010,8,960.0,614.04
2026-06-21,P006,R004,C004,12,1440.0,944.66
2026-06-22,P001,R001,C011,34,12920.0,8658.3
2026-06-22,P001,R001,C007,16,6080.0,4203.89
2026-06-22,P001,R002,C008,8,3040.0,2151.61
2026-06-22,P001,R002,C006,4,1520.0,1031.33
2026-06-22,P001,R002,C012,20,7600.0,5047.63
2026-06-22,P001,R002,C002,14,5320.0,3734.21
2026-06-22,P001,R003,C009,11,4180.0,2736.89
2026-06-22,P001,R003,C003,11,4180.0,2704.15
2026-06-22,P001,R004,C004,6,2280.0,1583.09
2026-06-22,P001,R004,C010,8,3040.0,1972.79
2026-06-22,P002,R001,C007,84,7140.0,4263.43
2026-06-22,P002,R001,C001,174,14790.0,9237.26
2026-06-22,P002,R001,C011,132,11220.0,6944.97
2026-06-22,P002,R002,C006,31,2635.0,1647.79
2026-06-22,P002,R002,C012,121,10285.0,6299.77
2026-06-22,P002,R002,C008,73,6205.0,3931.43
2026-06-22,P002,R003,C009,126,10710.0,6858.36
2026-06-22,P002,R003,C003,62,5270.0,3458.19
2026-06-22,P002,R004,C010,46,3910.0,2517.37
2026-06-22,P002,R004,C004,50,4250.0,2792.44
2026-06-22,P003,R001,C005,7,4340.0,3148.12
2026-06-22,P003,R001,C007,14,8680.0,6081.63
2026-06-22,P003,R002,C006,7,4340.0,2914.1
2026-06-22,P003,R002,C008,10,6200.0,4497.12
2026-06-22,P003,R003,C003,9,5580.0,3883.29
2026-06-22,P003,R003,C009,12,7440.0,5367.92
2026-06-22,P003,R004,C004,4,2480.0,1658.55
2026-06-22,P003,R004,C010,3,1860.0,1252.76
2026-06-22,P004,R001,C001,31,7440.0,4948.87
2026-06-22,P004,R001,C007,15,3600.0,2345.02
2026-06-22,P004,R001,C011,21,5040.0,3412.54
2026-06-22,P004,R002,C006,23,5520.0,3684.35
2026-06-22,P004,R002,C008,29,6960.0,4247.49
2026-06-22,P004,R003,C003,18,4320.0,2913.04
2026-06-22,P004,R003,C009,19,4560.0,3015.54
2026-06-22,P004,R004,C010,14,3360.0,2080.07
2026-06-22,P004,R004,C004,16,3840.0,2608.62
2026-06-22,P005,R001,C001,91,4095.0,2332.99
2026-06-22,P005,R001,C007,56,2520.0,1362.46
2026-06-22,P005,R001,C011,73,3285.0,1964.66
2026-06-22,P005,R002,C006,23,1035.0,614.34
2026-06-22,P005,R002,C002,55,2475.0,1469.65
2026-06-22,P005,R002,C012,62,2790.0,1675.93
2026-06-22,P005,R002,C008,27,1215.0,707.98
2026-06-22,P005,R003,C003,41,1845.0,1107.19
2026-06-22,P005,R003,C009,75,3375.0,2086.65
2026-06-22,P005,R004,C004,34,1530.0,853.36
2026-06-22,P005,R004,C010,30,1350.0,759.05
2026-06-22,P006,R001,C007,20,2400.0,1611.83
2026-06-22,P006,R001,C005,17,2040.0,1246.34
2026-06-22,P006,R001,C001,35,4200.0,2540.14
2026-06-22,P006,R001,C011,40,4800.0,3064.07
2026-06-22,P006,R002,C006,11,1320.0,801.16
2026-06-22,P006,R002,C012,29,3480.0,2102.02
2026-06-22,P006,R002,C008,16,1920.0,1273.28
2026-06-22,P006,R002,C002,32,3840.0,2349.06
2026-06-22,P006,R003,C003,26,3120.0,1958.16
2026-06-22,P006,R003,C009,34,4080.0,2577.3
2026-06-22,P006,R004,C004,25,3000.0,1879.24
2026-06-22,P006,R004,C010,20,2400.0,1518.42
2026-06-23,P001,R001,C001,28,10640.0,7122.59
2026-06-23,P001,R001,C011,25,9500.0,6654.51
2026-06-23,P001,R001,C007,12,4560.0,3240.65
2026-06-23,P001,R001,C005,7,2660.0,1887.28
2026-06-23,P001,R002,C012,10,3800.0,2510.71
2026-06-23,P001,R002,C008,8,3040.0,2067.86
2026-06-23,P001,R002,C006,5,1900.0,1219.49
2026-06-23,P001,R002,C002,12,4560.0,3030.89
2026-06-23,P001,R003,C009,16,6080.0,3999.95
2026-06-23,P001,R003,C003,12,4560.0,3128.14
2026-06-23,P001,R004,C004,6,2280.0,1590.9
2026-06-23,P001,R004,C010,8,3040.0,2036.55
2026-06-23,P002,R001,C005,62,5270.0,3165.39
2026-06-23,P002,R001,C001,244,20740.0,12393.97
2026-06-23,P002,R002,C012,96,8160.0,4966.48
2026-06-23,P002,R002,C008,37,3145.0,1997.32
2026-06-23,P002,R002,C002,64,5440.0,3457.92
2026-06-23,P002,R002,C006,21,1785.0,1104.74
2026-06-23,P002,R003,C009,147,12495.0,7878.03
2026-06-23,P002,R003,C003,67,5695.0,3342.47
2026-06-23,P002,R004,C010,28,2380.0,1478.31
2026-06-23,P002,R004,C004,37,3145.0,1936.17
2026-06-23,P003,R001,C011,24,14880.0,10604.21
2026-06-23,P003,R001,C005,9,5580.0,3728.77
2026-06-23,P003,R002,C008,4,2480.0,1752.74
2026-06-23,P003,R002,C002,8,4960.0,3470.32
2026-06-23,P003,R002,C012,7,4340.0,2903.65
2026-06-23,P003,R002,C006,3,1860.0,1252.78
2026-06-23,P003,R003,C003,6,3720.0,2515.85
2026-06-23,P003,R003,C009,11,6820.0,4526.81
2026-06-23,P003,R004,C010,4,2480.0,1725.48
2026-06-23,P003,R004,C004,3,1860.0,1241.14
2026-06-23,P004,R001,C005,15,3600.0,2310.23
2026-06-23,P004,R001,C001,43,10320.0,6964.46
2026-06-23,P004,R001,C011,47,11280.0,7717.17
2026-06-23,P004,R001,C007,24,5760.0,3806.75
2026-06-23,P004,R002,C008,11,2640.0,1761.42
2026-06-23,P004,R002,C012,16,3840.0,2605.2
2026-06-23,P004,R002,C002,23,5520.0,3521.03
2026-06-23,P004,R003,C003,18,4320.0,2686.38
2026-06-23,P004,R003,C009,26,6240.0,4170.06
2026-06-23,P004,R004,C010,8,1920.0,1265.96
2026-06-23,P004,R004,C004,13,3120.0,2055.33
2026-06-23,P005,R001,C005,28,1260.0,711.28
2026-06-23,P005,R001,C007,62,2790.0,1669.26
2026-06-23,P005,R001,C011,113,5085.0,3139.78
2026-06-23,P005,R001,C001,100,4500.0,2594.52
2026-06-23,P005,R002,C006,25,1125.0,665.39
2026-06-23,P005,R002,C002,131,5895.0,3355.72
2026-06-23,P005,R002,C008,45,2025.0,1201.59
2026-06-23,P005,R003,C009,67,3015.0,1827.34
2026-06-23,P005,R003,C003,33,1485.0,867.01
2026-06-23,P005,R004,C004,38,1710.0,1034.89
2026-06-23,P005,R004,C010,27,1215.0,710.69
2026-06-23,P006,R001,C001,67,8040.0,5398.52
2026-06-23,P006,R001,C011,60,7200.0,4862.34
2026-06-23,P006,R001,C007,34,4080.0,2565.01
2026-06-23,P006,R002,C012,68,8160.0,5292.53
2026-06-23,P006,R002,C006,26,3120.0,1946.63
2026-06-23,P006,R003,C003,30,3600.0,2179.82
2026-06-23,P006,R003,C009,44,5280.0,3269.42
2026-06-23,P006,R004,C004,19,2280.0,1494.98
2026-06-23,P006,R004,C010,18,2160.0,1446.77
2026-06-24,P001,R001,C007,17,6460.0,4300.67
2026-06-24,P001,R001,C011,40,15200.0,10643.71
2026-06-24,P001,R001,C005,12,4560.0,2989.2
2026-06-24,P001,R002,C002,23,8740.0,6285.98
2026-06-24,P001,R002,C008,11,4180.0,2779.43
2026-06-24,P001,R003,C009,16,6080.0,4280.79
2026-06-24,P001,R003,C003,13,4940.0,3472.87
2026-06-24,P001,R004,C010,7,2660.0,1735.19
2026-06-24,P001,R004,C004,8,3040.0,1976.32
2026-06-24,P002,R001,C007,83,7055.0,4539.27
2026-06-24,P002,R001,C005,65,5525.0,3264.47
2026-06-24,P002,R001,C011,176,14960.0,8736.68
2026-06-24,P002,R001,C001,134,11390.0,7321.83
2026-06-24,P002,R002,C008,41,3485.0,2205.03
2026-06-24,P002,R002,C002,108,9180.0,5797.52
2026-06-24,P002,R002,C012,72,6120.0,3857.45
2026-06-24,P002,R002,C006,38,3230.0,2093.26
2026-06-24,P002,R003,C003,90,7650.0,4592.88
2026-06-24,P002,R003,C009,147,12495.0,8238.27
2026-06-24,P002,R004,C010,40,3400.0,2110.83
2026-06-24,P002,R004,C004,44,3740.0,2389.66
2026-06-24,P003,R001,C005,5,3100.0,2203.96
2026-06-24,P003,R001,C001,17,10540.0,7419.1
2026-06-24,P003,R001,C007,7,4340.0,3047.25
2026-06-24,P003,R002,C012,13,8060.0,5374.82
2026-06-24,P003,R002,C008,6,3720.0,2597.54
2026-06-24,P003,R003,C009,8,4960.0,3325.15
2026-06-24,P003,R003,C003,8,4960.0,3343.27
2026-06-24,P003,R004,C004,3,1860.0,1267.28
2026-06-24,P003,R004,C010,2,1240.0,904.33
2026-06-24,P004,R001,C005,19,4560.0,2859.67
2026-06-24,P004,R001,C001,51,12240.0,8432.81
2026-06-24,P004,R001,C007,28,6720.0,4620.64
2026-06-24,P004,R002,C002,26,6240.0,4172.63
2026-06-24,P004,R002,C008,15,3600.0,2349.85
2026-06-24,P004,R002,C012,18,4320.0,2880.98
2026-06-24,P004,R003,C003,20,4800.0,3048.78
2026-06-24,P004,R003,C009,21,5040.0,3438.6
2026-06-24,P004,R004,C004,12,2880.0,1759.87
2026-06-24,P004,R004,C010,7,1680.0,1075.08
2026-06-24,P005,R001,C011,75,3375.0,1991.54
2026-06-24,P005,R001,C007,56,2520.0,1405.29
2026-06-24,P005,R001,C001,69,3105.0,1841.73
2026-06-24,P005,R001,C005,27,1215.0,740.15
2026-06-24,P005,R002,C006,17,765.0,432.31
2026-06-24,P005,R002,C012,46,2070.0,1206.9
2026-06-24,P005,R002,C008,24,1080.0,631.19
2026-06-24,P005,R002,C002,69,3105.0,1709.74
2026-06-24,P005,R003,C009,82,3690.0,2221.73
2026-06-24,P005,R003,C003,53,2385.0,1391.29
2026-06-24,P005,R004,C004,30,1350.0,836.33
2026-06-24,P005,R004,C010,23,1035.0,617.32
2026-06-24,P006,R001,C005,17,2040.0,1270.12
2026-06-24,P006,R001,C011,83,9960.0,6530.53
2026-06-24,P006,R001,C007,40,4800.0,3237.36
2026-06-24,P006,R002,C006,23,2760.0,1867.42
2026-06-24,P006,R002,C012,50,6000.0,4013.14
2026-06-24,P006,R002,C008,26,3120.0,2054.2
2026-06-24,P006,R003,C003,32,3840.0,2419.67
2026-06-24,P006,R003,C009,31,3720.0,2292.71
2026-06-24,P006,R004,C010,20,2400.0,1589.43
2026-06-24,P006,R004,C004,27,3240.0,1974.9
2026-06-25,P001,R001,C005,22,8360.0,5414.56
2026-06-25,P001,R001,C007,41,15580.0,10600.92
2026-06-25,P001,R002,C006,8,3040.0,2149.32
2026-06-25,P001,R002,C002,38,14440.0,9541.68
2026-06-25,P001,R003,C009,19,7220.0,4993.44
2026-06-25,P001,R003,C003,15,5700.0,4055.22
2026-06-25,P001,R004,C004,11,4180.0,2806.62
2026-06-25,P001,R004,C010,8,3040.0,2069.41
2026-06-25,P002,R001,C001,123,10455.0,6379.32
2026-06-25,P002,R001,C005,51,4335.0,2546.02
2026-06-25,P002,R001,C007,61,5185.0,3193.01
2026-06-25,P002,R001,C011,126,10710.0,6246.53
2026-06-25,P002,R002,C008,37,3145.0,1824.82
2026-06-25,P002,R002,C012,88,7480.0,4895.28
2026-06-25,P002,R002,C002,63,5355.0,3380.27
2026-06-25,P002,R003,C009,109,9265.0,5615.12
2026-06-25,P002,R003,C003,61,5185.0,3403.21
2026-06-25,P002,R004,C004,56,4760.0,3103.74
2026-06-25,P002,R004,C010,60,5100.0,2959.91
2026-06-25,P003,R001,C001,15,9300.0,6187.19
2026-06-25,P003,R001,C005,6,3720.0,2519.18
2026-06-25,P003,R001,C007,10,6200.0,4514.79
2026-06-25,P003,R002,C002,7,4340.0,2910.39
2026-06-25,P003,R002,C008,4,2480.0,1758.66
2026-06-25,P003,R002,C012,9,5580.0,3932.04
2026-06-25,P003,R003,C003,6,3720.0,2617.75
2026-06-25,P003,R003,C009,11,6820.0,4667.83
2026-06-25,P003,R004,C004,4,2480.0,1779.98
2026-06-25,P003,R004,C010,3,1860.0,1356.14
2026-06-25,P004,R001,C001,38,9120.0,6043.79
2026-06-25,P004,R001,C007,13,3120.0,1966.6
2026-06-25,P004,R001,C005,10,2400.0,1599.88
2026-06-25,P004,R001,C011,38,9120.0,5865.35
2026-06-25,P004,R002,C008,15,3600.0,2324.99
2026-06-25,P004,R002,C006,9,2160.0,1369.27
2026-06-25,P004,R002,C012,35,8400.0,5461.81
2026-06-25,P004,R003,C009,24,5760.0,3901.69
2026-06-25,P004,R003,C003,16,3840.0,2446.45
2026-06-25,P004,R004,C010,9,2160.0,1470.72
2026-06-25,P004,R004,C004,11,2640.0,1625.0
2026-06-25,P005,R001,C007,95,4275.0,2636.61
2026-06-25,P005,R001,C001,205,9225.0,5506.16
2026-06-25,P005,R002,C012,70,3150.0,1837.04
2026-06-25,P005,R002,C008,52,2340.0,1297.07
2026-06-25,P005,R002,C006,31,1395.0,844.81
2026-06-25,P005,R003,C009,66,2970.0,1656.38
2026-06-25,P005,R003,C003,29,1305.0,738.85
2026-06-25,P005,R004,C010,27,1215.0,710.97
2026-06-25,P005,R004,C004,33,1485.0,815.28
2026-06-25,P006,R001,C007,25,3000.0,1938.67
2026-06-25,P006,R001,C001,57,6840.0,4485.54
2026-06-25,P006,R001,C011,64,7680.0,5167.56
2026-06-25,P006,R002,C008,67,8040.0,5041.22
2026-06-25,P006,R002,C006,33,3960.0,2525.74
2026-06-25,P006,R003,C003,31,3720.0,2510.38
2026-06-25,P006,R003,C009,46,5520.0,3731.76
2026-06-25,P006,R004,C010,13,1560.0,979.07
2026-06-25,P006,R004,C004,12,1440.0,887.15
2026-06-26,P001,R001,C005,16,6080.0,4156.54
2026-06-26,P001,R001,C001,43,16340.0,11407.42
2026-06-26,P001,R002,C008,17,6460.0,4144.35
2026-06-26,P001,R002,C002,27,10260.0,6913.28
2026-06-26,P001,R003,C009,16,6080.0,4274.91
2026-06-26,P001,R003,C003,15,5700.0,3797.12
2026-06-26,P001,R004,C010,4,1520.0,1081.1
2026-06-26,P001,R004,C004,5,1900.0,1301.62
2026-06-26,P002,R001,C005,94,7990.0,4972.11
2026-06-26,P002,R001,C007,104,8840.0,5824.95
2026-06-26,P002,R001,C001,252,21420.0,12819.06
2026-06-26,P002,R002,C008,62,5270.0,3351.54
2026-06-26,P002,R002,C012,102,8670.0,5584.77
2026-06-26,P002,R002,C006,56,4760.0,3104.78
2026-06-26,P002,R003,C009,134,11390.0,6713.93
2026-06-26,P002,R003,C003,108,9180.0,6000.3
2026-06-26,P002,R004,C004,54,4590.0,2820.28
2026-06-26,P002,R004,C010,44,3740.0,2406.03
2026-06-26,P003,R001,C007,8,4960.0,3525.98
2026-06-26,P003,R001,C001,20,12400.0,8977.98
2026-06-26,P003,R002,C012,9,5580.0,3850.84
2026-06-26,P003,R002,C008,5,3100.0,2140.78
2026-06-26,P003,R002,C002,10,6200.0,4365.97
2026-06-26,P003,R002,C006,3,1860.0,1296.63
2026-06-26,P003,R003,C009,9,5580.0,3788.68
2026-06-26,P003,R003,C003,5,3100.0,2228.51
2026-06-26,P003,R004,C004,3,1860.0,1319.96
2026-06-26,P003,R004,C010,4,2480.0,1759.21
2026-06-26,P004,R001,C007,65,15600.0,10288.3
2026-06-26,P004,R001,C005,48,11520.0,7397.61
2026-06-26,P004,R002,C008,7,1680.0,1111.3
2026-06-26,P004,R002,C006,5,1200.0,739.01
2026-06-26,P004,R002,C012,17,4080.0,2783.94
2026-06-26,P004,R002,C002,14,3360.0,2190.05
2026-06-26,P004,R003,C003,19,4560.0,2919.15
2026-06-26,P004,R003,C009,25,6000.0,3993.42
2026-06-26,P004,R004,C004,8,1920.0,1227.07
2026-06-26,P004,R004,C010,6,1440.0,960.72
2026-06-26,P005,R001,C011,83,3735.0,2302.63
2026-06-26,P005,R001,C007,47,2115.0,1174.52
2026-06-26,P005,R001,C001,75,3375.0,2041.28
2026-06-26,P005,R001,C005,34,1530.0,863.36
2026-06-26,P005,R002,C006,36,1620.0,929.83
2026-06-26,P005,R002,C008,41,1845.0,1077.59
2026-06-26,P005,R002,C002,82,3690.0,2065.57
2026-06-26,P005,R003,C009,75,3375.0,1997.76
2026-06-26,P005,R003,C003,50,2250.0,1226.25
2026-06-26,P005,R004,C004,23,1035.0,626.77
2026-06-26,P005,R004,C010,31,1395.0,863.83
2026-06-26,P006,R001,C007,52,6240.0,3840.22
2026-06-26,P006,R001,C001,108,12960.0,7919.29
2026-06-26,P006,R001,C005,30,3600.0,2399.75
2026-06-26,P006,R002,C012,29,3480.0,2330.23
2026-06-26,P006,R002,C002,41,4920.0,3294.58
2026-06-26,P006,R002,C006,15,1800.0,1185.13
2026-06-26,P006,R002,C008,20,2400.0,1519.59
2026-06-26,P006,R003,C009,25,3000.0,1855.42
2026-06-26,P006,R003,C003,22,2640.0,1754.24
2026-06-26,P006,R004,C004,13,1560.0,977.14
2026-06-26,P006,R004,C010,13,1560.0,1020.36
2026-06-27,P001,R001,C011,15,5700.0,3691.37
2026-06-27,P001,R001,C007,8,3040.0,2179.28
2026-06-27,P001,R001,C005,4,1520.0,1027.25
2026-06-27,P001,R001,C001,11,4180.0,2712.96
2026-06-27,P001,R002,C006,4,1520.0,1006.74
2026-06-27,P001,R002,C002,8,3040.0,2091.57
2026-06-27,P001,R002,C012,10,3800.0,2642.27
2026-06-27,P001,R003,C009,10,3800.0,2601.45
2026-06-27,P001,R003,C003,8,3040.0,2109.54
2026-06-27,P001,R004,C010,4,1520.0,1055.27
2026-06-27,P001,R004,C004,5,1900.0,1216.21
2026-06-27,P002,R001,C011,144,12240.0,8026.94
2026-06-27,P002,R001,C007,69,5865.0,3541.5
2026-06-27,P002,R001,C005,48,4080.0,2590.81
2026-06-27,P002,R002,C012,68,5780.0,3681.14
2026-06-27,P002,R002,C002,54,4590.0,2774.55
2026-06-27,P002,R002,C006,23,1955.0,1248.3
2026-06-27,P002,R002,C008,31,2635.0,1651.03
2026-06-27,P002,R003,C009,74,6290.0,3737.33
2026-06-27,P002,R003,C003,38,3230.0,1982.25
2026-06-27,P002,R004,C004,25,2125.0,1259.03
2026-06-27,P002,R004,C010,24,2040.0,1340.27
2026-06-27,P003,R001,C001,7,4340.0,2919.92
2026-06-27,P003,R001,C011,6,3720.0,2610.65
2026-06-27,P003,R001,C007,5,3100.0,2234.33
2026-06-27,P003,R001,C005,3,1860.0,1315.04
2026-06-27,P003,R002,C012,3,1860.0,1374.97
2026-06-27,P003,R002,C006,2,1240.0,833.2
2026-06-27,P003,R002,C008,2,1240.0,859.14
2026-06-27,P003,R002,C002,5,3100.0,2105.57
2026-06-27,P003,R003,C003,4,2480.0,1704.88
2026-06-27,P003,R003,C009,7,4340.0,3094.76
2026-06-27,P003,R004,C004,2,1240.0,869.72
2026-06-27,P003,R004,C010,2,1240.0,856.49
2026-06-27,P004,R001,C007,7,1680.0,1034.73
2026-06-27,P004,R001,C005,8,1920.0,1232.04
2026-06-27,P004,R001,C011,21,5040.0,3142.83
2026-06-27,P004,R001,C001,14,3360.0,2158.28
2026-06-27,P004,R002,C008,9,2160.0,1368.43
2026-06-27,P004,R002,C002,13,3120.0,2055.33
2026-06-27,P004,R002,C006,5,1200.0,789.92
2026-06-27,P004,R002,C012,11,2640.0,1658.07
2026-06-27,P004,R003,C003,6,1440.0,887.45
2026-06-27,P004,R003,C009,14,3360.0,2280.61
2026-06-27,P004,R004,C010,8,1920.0,1253.95
2026-06-27,P004,R004,C004,7,1680.0,1056.64
2026-06-27,P005,R001,C007,33,1485.0,865.77
2026-06-27,P005,R001,C011,70,3150.0,1781.43
2026-06-27,P005,R001,C005,22,990.0,606.52
2026-06-27,P005,R001,C001,50,2250.0,1291.57
2026-06-27,P005,R002,C012,36,1620.0,897.55
2026-06-27,P005,R002,C002,36,1620.0,958.4
2026-06-27,P005,R003,C003,19,855.0,485.16
2026-06-27,P005,R003,C009,47,2115.0,1181.58
2026-06-27,P005,R004,C004,22,990.0,583.21
2026-06-27,P005,R004,C010,18,810.0,501.2
2026-06-27,P006,R001,C011,21,2520.0,1598.16
2026-06-27,P006,R001,C007,15,1800.0,1187.23
2026-06-27,P006,R001,C005,10,1200.0,756.14
2026-06-27,P006,R001,C001,29,3480.0,2171.06
2026-06-27,P006,R002,C006,12,1440.0,869.16
2026-06-27,P006,R002,C008,12,1440.0,956.22
2026-06-27,P006,R002,C002,32,3840.0,2454.03
2026-06-27,P006,R003,C009,24,2880.0,1813.38
2026-06-27,P006,R003,C003,18,2160.0,1450.13
2026-06-27,P006,R004,C010,9,1080.0,704.86
2026-06-27,P006,R004,C004,14,1680.0,1085.59
2026-06-28,P001,R001,C005,5,1900.0,1326.42
2026-06-28,P001,R001,C001,13,4940.0,3534.71
2026-06-28,P001,R001,C007,11,4180.0,2974.56
2026-06-28,P001,R002,C008,5,1900.0,1351.85
2026-06-28,P001,R002,C012,12,4560.0,2952.59
2026-06-28,P001,R002,C006,3,1140.0,807.97
2026-06-28,P001,R002,C002,7,2660.0,1838.28
2026-06-28,P001,R003,C003,6,2280.0,1486.13
2026-06-28,P001,R003,C009,15,5700.0,3875.83
2026-06-28,P001,R004,C010,4,1520.0,984.97
2026-06-28,P001,R004,C004,5,1900.0,1323.34
2026-06-28,P002,R001,C001,189,16065.0,9927.46
2026-06-28,P002,R001,C007,70,5950.0,3717.65
2026-06-28,P002,R002,C006,45,3825.0,2267.62
2026-06-28,P002,R002,C002,119,10115.0,5964.54
2026-06-28,P002,R002,C008,51,4335.0,2812.06
2026-06-28,P002,R003,C003,42,3570.0,2316.11
2026-06-28,P002,R003,C009,108,9180.0,5546.18
2026-06-28,P002,R004,C010,34,2890.0,1881.58
2026-06-28,P002,R004,C004,44,3740.0,2248.36
2026-06-28,P003,R001,C005,2,1240.0,907.87
2026-06-28,P003,R001,C001,7,4340.0,3048.92
2026-06-28,P003,R001,C011,6,3720.0,2637.1
2026-06-28,P003,R001,C007,4,2480.0,1776.59
2026-06-28,P003,R002,C012,7,4340.0,2873.97
2026-06-28,P003,R002,C008,4,2480.0,1755.76
2026-06-28,P003,R003,C009,4,2480.0,1692.38
2026-06-28,P003,R003,C003,3,1860.0,1271.82
2026-06-28,P003,R004,C010,1,620.0,437.2
2026-06-28,P003,R004,C004,2,1240.0,853.0
2026-06-28,P004,R001,C007,11,2640.0,1688.09
2026-06-28,P004,R001,C011,18,4320.0,2967.73
2026-06-28,P004,R001,C001,26,6240.0,3845.21
2026-06-28,P004,R001,C005,6,1440.0,880.42
2026-06-28,P004,R002,C006,21,5040.0,3246.53
2026-06-28,P004,R002,C008,30,7200.0,4595.49
2026-06-28,P004,R003,C003,9,2160.0,1416.57
2026-06-28,P004,R003,C009,17,4080.0,2647.24
2026-06-28,P004,R004,C010,5,1200.0,824.46
2026-06-28,P004,R004,C004,7,1680.0,1105.13
2026-06-28,P005,R001,C007,23,1035.0,595.8
2026-06-28,P005,R001,C001,68,3060.0,1890.88
2026-06-28,P005,R001,C005,17,765.0,462.07
2026-06-28,P005,R001,C011,62,2790.0,1638.44
2026-06-28,P005,R002,C002,38,1710.0,974.31
2026-06-28,P005,R002,C006,15,675.0,384.75
2026-06-28,P005,R002,C012,49,2205.0,1321.42
2026-06-28,P005,R002,C008,18,810.0,491.05
2026-06-28,P005,R003,C009,47,2115.0,1254.85
2026-06-28,P005,R003,C003,33,1485.0,916.23
2026-06-28,P005,R004,C010,15,675.0,378.65
2026-06-28,P005,R004,C004,17,765.0,416.28
2026-06-28,P006,R001,C011,63,7560.0,4898.53
2026-06-28,P006,R001,C007,23,2760.0,1842.62
2026-06-28,P006,R001,C005,17,2040.0,1289.75
2026-06-28,P006,R002,C002,23,2760.0,1813.24
2026-06-28,P006,R002,C012,30,3600.0,2308.64
2026-06-28,P006,R003,C009,36,4320.0,2763.82
2026-06-28,P006,R003,C003,23,2760.0,1762.98
2026-06-28,P006,R004,C010,7,840.0,539.84
2026-06-28,P006,R004,C004,14,1680.0,1054.9
2026-06-29,P001,R001,C011,30,11400.0,7667.81
2026-06-29,P001,R001,C005,8,3040.0,2073.28
2026-06-29,P001,R001,C007,11,4180.0,2710.67
2026-06-29,P001,R001,C001,17,6460.0,4141.43
2026-06-29,P001,R002,C012,23,8740.0,6260.82
2026-06-29,P001,R002,C002,20,7600.0,5406.74
2026-06-29,P001,R003,C003,11,4180.0,2694.74
2026-06-29,P001,R003,C009,19,7220.0,4884.59
2026-06-29,P001,R004,C010,5,1900.0,1254.26
2026-06-29,P001,R004,C004,6,2280.0,1581.1
2026-06-29,P002,R001,C005,49,4165.0,2565.12
2026-06-29,P002,R001,C001,118,10030.0,6264.5
2026-06-29,P002,R001,C011,88,7480.0,4467.48
2026-06-29,P002,R001,C007,44,3740.0,2347.59
2026-06-29,P002,R002,C002,141,11985.0,7115.53
2026-06-29,P002,R002,C008,86,7310.0,4807.92
2026-06-29,P002,R003,C003,80,6800.0,4199.13
2026-06-29,P002,R003,C009,121,10285.0,6231.91
2026-06-29,P002,R004,C010,50,4250.0,2588.07
2026-06-29,P002,R004,C004,66,5610.0,3459.85
2026-06-29,P003,R001,C007,4,2480.0,1736.05
2026-06-29,P003,R001,C011,10,6200.0,4140.53
2026-06-29,P003,R001,C005,3,1860.0,1249.67
2026-06-29,P003,R001,C001,9,5580.0,3768.41
2026-06-29,P003,R002,C008,4,2480.0,1667.82
2026-06-29,P003,R002,C006,2,1240.0,907.44
2026-06-29,P003,R002,C012,7,4340.0,3209.5
2026-06-29,P003,R002,C002,6,3720.0,2627.58
2026-06-29,P003,R003,C009,7,4340.0,3187.33
2026-06-29,P003,R003,C003,4,2480.0,1799.23
2026-06-29,P003,R004,C010,3,1860.0,1293.93
2026-06-29,P003,R004,C004,3,1860.0,1257.93
2026-06-29,P004,R001,C005,41,9840.0,6303.74
2026-06-29,P004,R001,C007,72,17280.0,11429.82
2026-06-29,P004,R002,C006,11,2640.0,1730.51
2026-06-29,P004,R002,C008,10,2400.0,1566.0
2026-06-29,P004,R002,C002,23,5520.0,3642.03
2026-06-29,P004,R003,C003,19,4560.0,2861.54
2026-06-29,P004,R003,C009,16,3840.0,2551.21
2026-06-29,P004,R004,C004,11,2640.0,1728.69
2026-06-29,P004,R004,C010,11,2640.0,1774.89
2026-06-29,P005,R001,C001,97,4365.0,2467.43
2026-06-29,P005,R001,C005,22,990.0,613.42
2026-06-29,P005,R001,C011,98,4410.0,2434.97
2026-06-29,P005,R001,C007,36,1620.0,921.49
2026-06-29,P005,R002,C006,37,1665.0,1021.18
2026-06-29,P005,R002,C002,74,3330.0,1872.35
2026-06-29,P005,R002,C012,99,4455.0,2507.28
2026-06-29,P005,R003,C009,84,3780.0,2253.16
2026-06-29,P005,R003,C003,55,2475.0,1438.76
2026-06-29,P005,R004,C010,39,1755.0,947.92
2026-06-29,P005,R004,C004,27,1215.0,683.8
2026-06-29,P006,R001,C011,146,17520.0,11567.26
2026-06-29,P006,R001,C005,51,6120.0,4048.12
2026-06-29,P006,R002,C002,44,5280.0,3498.92
2026-06-29,P006,R002,C006,11,1320.0,830.06
2026-06-29,P006,R002,C012,44,5280.0,3309.36
2026-06-29,P006,R003,C003,28,3360.0,2178.74
2026-06-29,P006,R003,C009,39,4680.0,3143.8
2026-06-29,P006,R004,C010,11,1320.0,868.13
2026-06-29,P006,R004,C004,19,2280.0,1501.13
2026-06-30,P001,R001,C005,21,7980.0,5112.92
2026-06-30,P001,R001,C007,31,11780.0,8150.21
2026-06-30,P001,R002,C002,15,5700.0,4042.36
2026-06-30,P001,R002,C012,9,3420.0,2389.18
2026-06-30,P001,R002,C006,4,1520.0,1083.45
2026-06-30,P001,R002,C008,6,2280.0,1590.33
2026-06-30,P001,R003,C009,19,7220.0,5157.43
2026-06-30,P001,R003,C003,11,4180.0,2911.01
2026-06-30,P001,R004,C004,7,2660.0,1737.31
2026-06-30,P001,R004,C010,8,3040.0,2091.15
2026-06-30,P002,R001,C005,68,5780.0,3704.28
2026-06-30,P002,R001,C011,207,17595.0,10962.82
2026-06-30,P002,R001,C001,171,14535.0,9144.72
2026-06-30,P002,R002,C012,165,14025.0,8799.88
2026-06-30,P002,R002,C006,54,4590.0,2926.76
2026-06-30,P002,R002,C002,105,8925.0,5417.71
2026-06-30,P002,R003,C009,74,6290.0,3777.22
2026-06-30,P002,R003,C003,64,5440.0,3507.1
2026-06-30,P002,R004,C004,52,4420.0,2615.29
2026-06-30,P002,R004,C010,32,2720.0,1679.38
2026-06-30,P003,R001,C011,15,9300.0,6777.4
2026-06-30,P003,R001,C001,13,8060.0,5383.77
2026-06-30,P003,R001,C007,6,3720.0,2703.1
2026-06-30,P003,R001,C005,3,1860.0,1238.87
2026-06-30,P003,R002,C012,9,5580.0,4124.45
2026-06-30,P003,R002,C008,7,4340.0,2990.17
2026-06-30,P003,R002,C006,4,2480.0,1775.52
2026-06-30,P003,R003,C003,7,4340.0,3176.05
2026-06-30,P003,R003,C009,10,6200.0,4105.66
2026-06-30,P003,R004,C010,4,2480.0,1686.14
2026-06-30,P003,R004,C004,5,3100.0,2127.3
2026-06-30,P004,R001,C005,15,3600.0,2440.4
2026-06-30,P004,R001,C007,21,5040.0,3082.03
2026-06-30,P004,R001,C001,37,8880.0,5766.67
2026-06-30,P004,R001,C011,35,8400.0,5492.36
2026-06-30,P004,R002,C006,6,1440.0,985.8
2026-06-30,P004,R002,C012,15,3600.0,2331.78
2026-06-30,P004,R002,C002,22,5280.0,3272.81
2026-06-30,P004,R002,C008,8,1920.0,1254.34
2026-06-30,P004,R003,C009,25,6000.0,4089.11
2026-06-30,P004,R003,C003,24,5760.0,3884.48
2026-06-30,P004,R004,C010,10,2400.0,1620.93
2026-06-30,P004,R004,C004,11,2640.0,1640.37
2026-06-30,P005,R001,C011,80,3600.0,2107.83
2026-06-30,P005,R001,C001,71,3195.0,1796.66
2026-06-30,P005,R001,C007,48,2160.0,1265.0
2026-06-30,P005,R002,C006,73,3285.0,1795.22
2026-06-30,P005,R002,C008,94,4230.0,2469.46
2026-06-30,P005,R003,C009,96,4320.0,2418.76
2026-06-30,P005,R003,C003,65,2925.0,1783.32
2026-06-30,P005,R004,C010,28,1260.0,744.88
2026-06-30,P005,R004,C004,37,1665.0,1022.05
2026-06-30,P006,R001,C007,68,8160.0,5394.44
2026-06-30,P006,R001,C005,48,5760.0,3577.12
2026-06-30,P006,R002,C006,11,1320.0,893.93
2026-06-30,P006,R002,C002,24,2880.0,1854.12
2026-06-30,P006,R002,C012,31,3720.0,2278.06
2026-06-30,P006,R002,C008,20,2400.0,1535.33
2026-06-30,P006,R003,C003,22,2640.0,1769.1
2026-06-30,P006,R003,C009,40,4800.0,2955.95
2026-06-30,P006,R004,C010,13,1560.0,1053.36
2026-06-30,P006,R004,C004,12,1440.0,961.66
2026-07-01,P001,R001,C011,17,6460.0,4289.56
2026-07-01,P001,R001,C005,8,3040.0,2109.14
2026-07-01,P001,R001,C007,9,3420.0,2309.92
2026-07-01,P001,R001,C001,28,10640.0,6877.37
2026-07-01,P001,R002,C006,6,2280.0,1561.26
2026-07-01,P001,R002,C008,9,3420.0,2380.31
2026-07-01,P001,R002,C012,16,6080.0,4241.58
2026-07-01,P001,R002,C002,18,6840.0,4393.4
2026-07-01,P001,R003,C003,14,5320.0,3801.94
2026-07-01,P001,R003,C009,12,4560.0,3200.53
2026-07-01,P001,R004,C004,10,3800.0,2701.98
2026-07-01,P001,R004,C010,5,1900.0,1247.88
2026-07-01,P002,R001,C005,31,2635.0,1704.99
2026-07-01,P002,R001,C007,70,5950.0,3840.1
2026-07-01,P002,R001,C011,151,12835.0,8006.62
2026-07-01,P002,R001,C001,106,9010.0,5425.9
2026-07-01,P002,R002,C002,77,6545.0,3916.81
2026-07-01,P002,R002,C008,41,3485.0,2053.48
2026-07-01,P002,R002,C012,115,9775.0,5933.27
2026-07-01,P002,R002,C006,30,2550.0,1653.16
2026-07-01,P002,R003,C003,93,7905.0,5042.98
2026-07-01,P002,R003,C009,125,10625.0,6743.21
2026-07-01,P002,R004,C010,28,2380.0,1547.97
2026-07-01,P002,R004,C004,49,4165.0,2439.51
2026-07-01,P003,R001,C011,13,8060.0,5668.49
2026-07-01,P003,R001,C001,11,6820.0,4825.36
2026-07-01,P003,R001,C007,6,3720.0,2588.84
2026-07-01,P003,R001,C005,3,1860.0,1366.54
2026-07-01,P003,R002,C008,5,3100.0,2245.02
2026-07-01,P003,R002,C002,10,6200.0,4214.12
2026-07-01,P003,R002,C006,3,1860.0,1228.2
2026-07-01,P003,R003,C003,4,2480.0,1737.24
2026-07-01,P003,R003,C009,9,5580.0,3819.36
2026-07-01,P003,R004,C004,4,2480.0,1740.51
2026-07-01,P003,R004,C010,2,1240.0,891.85
2026-07-01,P004,R001,C011,57,13680.0,9338.54
2026-07-01,P004,R001,C007,30,7200.0,4582.77
2026-07-01,P004,R002,C012,27,6480.0,4450.51
2026-07-01,P004,R002,C002,31,7440.0,4835.89
2026-07-01,P004,R002,C006,7,1680.0,1069.56
2026-07-01,P004,R002,C008,12,2880.0,1767.32
2026-07-01,P004,R003,C003,21,5040.0,3089.4
2026-07-01,P004,R003,C009,31,7440.0,4659.75
2026-07-01,P004,R004,C004,14,3360.0,2095.08
2026-07-01,P004,R004,C010,10,2400.0,1507.9
2026-07-01,P005,R001,C005,36,1620.0,923.6
2026-07-01,P005,R001,C001,90,4050.0,2279.23
2026-07-01,P005,R001,C007,36,1620.0,877.46
2026-07-01,P005,R001,C011,92,4140.0,2338.45
2026-07-01,P005,R002,C008,34,1530.0,827.33
2026-07-01,P005,R002,C012,64,2880.0,1592.23
2026-07-01,P005,R002,C002,77,3465.0,2136.2
2026-07-01,P005,R002,C006,24,1080.0,640.63
2026-07-01,P005,R003,C003,48,2160.0,1246.17
2026-07-01,P005,R003,C009,81,3645.0,2246.35
2026-07-01,P005,R004,C010,22,990.0,611.38
2026-07-01,P005,R004,C004,40,1800.0,1049.33
2026-07-01,P006,R001,C001,64,7680.0,5165.41
2026-07-01,P006,R001,C005,25,3000.0,2039.07
2026-07-01,P006,R001,C007,37,4440.0,2923.69
2026-07-01,P006,R002,C002,49,5880.0,3905.02
2026-07-01,P006,R002,C008,30,3600.0,2180.26
2026-07-01,P006,R003,C009,43,5160.0,3255.13
2026-07-01,P006,R003,C003,41,4920.0,3090.65
2026-07-01,P006,R004,C004,24,2880.0,1918.39
2026-07-01,P006,R004,C010,23,2760.0,1702.48
2026-07-02,P001,R001,C005,13,4940.0,3436.32
2026-07-02,P001,R001,C011,62,23560.0,15914.74
2026-07-02,P001,R002,C008,14,5320.0,3556.0
2026-07-02,P001,R002,C006,10,3800.0,2511.99
2026-07-02,P001,R002,C002,15,5700.0,3717.23
2026-07-02,P001,R003,C003,12,4560.0,3164.8
2026-07-02,P001,R003,C009,24,9120.0,6243.71
2026-07-02,P001,R004,C010,5,1900.0,1270.95
2026-07-02,P001,R004,C004,8,3040.0,2069.29
2026-07-02,P002,R001,C001,201,17085.0,10404.94
2026-07-02,P002,R001,C007,146,12410.0,7629.68
2026-07-02,P002,R002,C008,63,5355.0,3314.1
2026-07-02,P002,R002,C002,106,9010.0,5611.63
2026-07-02,P002,R002,C006,47,3995.0,2480.04
2026-07-02,P002,R003,C003,84,7140.0,4190.54
2026-07-02,P002,R003,C009,121,10285.0,6567.3
2026-07-02,P002,R004,C010,33,2805.0,1732.32
2026-07-02,P002,R004,C004,49,4165.0,2626.49
2026-07-02,P003,R001,C007,8,4960.0,3492.78
2026-07-02,P003,R001,C005,5,3100.0,2229.92
2026-07-02,P003,R001,C011,18,11160.0,7484.06
2026-07-02,P003,R002,C012,5,3100.0,2058.12
2026-07-02,P003,R002,C008,3,1860.0,1229.15
2026-07-02,P003,R002,C006,3,1860.0,1240.39
2026-07-02,P003,R002,C002,6,3720.0,2567.22
2026-07-02,P003,R003,C009,8,4960.0,3469.53
2026-07-02,P003,R003,C003,7,4340.0,2889.76
2026-07-02,P003,R004,C004,4,2480.0,1694.07
2026-07-02,P003,R004,C010,4,2480.0,1820.55
2026-07-02,P004,R001,C007,22,5280.0,3603.92
2026-07-02,P004,R001,C001,35,8400.0,5150.28
2026-07-02,P004,R001,C005,13,3120.0,2094.86
2026-07-02,P004,R001,C011,24,5760.0,3742.32
2026-07-02,P004,R002,C006,18,4320.0,2790.5
2026-07-02,P004,R002,C012,42,10080.0,6932.61
2026-07-02,P004,R003,C009,19,4560.0,2967.62
2026-07-02,P004,R003,C003,13,3120.0,1914.41
2026-07-02,P004,R004,C010,10,2400.0,1507.13
2026-07-02,P004,R004,C004,9,2160.0,1405.12
2026-07-02,P005,R001,C001,107,4815.0,2662.89
2026-07-02,P005,R001,C005,41,1845.0,1119.48
2026-07-02,P005,R001,C011,67,3015.0,1756.85
2026-07-02,P005,R002,C006,31,1395.0,854.19
2026-07-02,P005,R002,C012,138,6210.0,3840.06
2026-07-02,P005,R003,C009,87,3915.0,2329.83
2026-07-02,P005,R003,C003,60,2700.0,1642.17
2026-07-02,P005,R004,C010,30,1350.0,740.94
2026-07-02,P005,R004,C004,28,1260.0,776.35
2026-07-02,P006,R001,C005,20,2400.0,1579.6
2026-07-02,P006,R001,C007,44,5280.0,3553.03
2026-07-02,P006,R001,C011,59,7080.0,4760.87
2026-07-02,P006,R002,C002,41,4920.0,3179.49
2026-07-02,P006,R002,C012,44,5280.0,3518.13
2026-07-02,P006,R002,C006,11,1320.0,832.0
2026-07-02,P006,R003,C003,41,4920.0,3009.65
2026-07-02,P006,R003,C009,38,4560.0,2976.57
2026-07-02,P006,R004,C004,20,2400.0,1591.16
2026-07-02,P006,R004,C010,15,1800.0,1191.78
2026-07-03,P001,R001,C011,16,6080.0,4000.13
2026-07-03,P001,R001,C007,13,4940.0,3386.97
2026-07-03,P001,R001,C001,25,9500.0,6117.59
2026-07-03,P001,R002,C002,19,7220.0,4712.27
2026-07-03,P001,R002,C006,8,3040.0,2002.03
2026-07-03,P001,R002,C012,17,6460.0,4339.34
2026-07-03,P001,R003,C009,18,6840.0,4735.56
2026-07-03,P001,R003,C003,9,3420.0,2277.0
2026-07-03,P001,R004,C004,11,4180.0,2932.34
2026-07-03,P001,R004,C010,7,2660.0,1823.86
2026-07-03,P002,R001,C005,51,4335.0,2814.42
2026-07-03,P002,R001,C001,119,10115.0,6070.97
2026-07-03,P002,R001,C011,160,13600.0,7990.78
2026-07-03,P002,R002,C012,87,7395.0,4433.3
2026-07-03,P002,R002,C002,106,9010.0,5790.31
2026-07-03,P002,R002,C008,58,4930.0,2945.76
2026-07-03,P002,R002,C006,33,2805.0,1772.87
2026-07-03,P002,R003,C003,62,5270.0,3255.22
2026-07-03,P002,R003,C009,159,13515.0,8550.58
2026-07-03,P002,R004,C010,34,2890.0,1841.42
2026-07-03,P002,R004,C004,48,4080.0,2577.29
2026-07-03,P003,R001,C001,17,10540.0,7195.62
2026-07-03,P003,R001,C005,5,3100.0,2184.33
2026-07-03,P003,R001,C007,6,3720.0,2527.69
2026-07-03,P003,R002,C008,3,1860.0,1301.49
2026-07-03,P003,R002,C006,3,1860.0,1243.3
2026-07-03,P003,R002,C002,8,4960.0,3435.65
2026-07-03,P003,R002,C012,6,3720.0,2505.4
2026-07-03,P003,R003,C003,4,2480.0,1787.65
2026-07-03,P003,R003,C009,6,3720.0,2606.51
2026-07-03,P003,R004,C004,5,3100.0,2133.85
2026-07-03,P003,R004,C010,2,1240.0,882.56
2026-07-03,P004,R001,C007,14,3360.0,2300.96
2026-07-03,P004,R001,C011,27,6480.0,4359.56
2026-07-03,P004,R001,C005,9,2160.0,1358.61
2026-07-03,P004,R001,C001,36,8640.0,5943.91
2026-07-03,P004,R002,C008,12,2880.0,1842.23
2026-07-03,P004,R002,C006,11,2640.0,1697.76
2026-07-03,P004,R002,C012,32,7680.0,5003.16
2026-07-03,P004,R003,C009,28,6720.0,4147.1
2026-07-03,P004,R003,C003,19,4560.0,3139.64
2026-07-03,P004,R004,C004,12,2880.0,1943.49
2026-07-03,P004,R004,C010,10,2400.0,1576.32
2026-07-03,P005,R001,C007,96,4320.0,2643.7
2026-07-03,P005,R001,C011,155,6975.0,3971.7
2026-07-03,P005,R002,C008,55,2475.0,1514.27
2026-07-03,P005,R002,C002,77,3465.0,1969.33
2026-07-03,P005,R002,C006,38,1710.0,940.49
2026-07-03,P005,R003,C003,45,2025.0,1198.93
2026-07-03,P005,R003,C009,88,3960.0,2404.03
2026-07-03,P005,R004,C004,33,1485.0,918.05
2026-07-03,P005,R004,C010,36,1620.0,937.8
2026-07-03,P006,R001,C007,27,3240.0,2099.09
2026-07-03,P006,R001,C011,57,6840.0,4350.78
2026-07-03,P006,R001,C001,56,6720.0,4547.92
2026-07-03,P006,R001,C005,15,1800.0,1204.38
2026-07-03,P006,R002,C012,40,4800.0,3120.1
2026-07-03,P006,R002,C002,27,3240.0,2157.77
2026-07-03,P006,R002,C006,13,1560.0,998.87
2026-07-03,P006,R003,C003,21,2520.0,1523.96
2026-07-03,P006,R003,C009,35,4200.0,2667.99
2026-07-03,P006,R004,C010,13,1560.0,1003.68
2026-07-03,P006,R004,C004,16,1920.0,1239.73
2026-07-04,P001,R001,C011,21,7980.0,5535.91
2026-07-04,P001,R001,C005,6,2280.0,1494.63
2026-07-04,P001,R001,C001,20,7600.0,4946.74
2026-07-04,P001,R002,C012,6,2280.0,1628.59
2026-07-04,P001,R002,C006,3,1140.0,792.84
2026-07-04,P001,R002,C002,6,2280.0,1473.39
2026-07-04,P001,R002,C008,4,1520.0,984.62
2026-07-04,P001,R003,C003,8,3040.0,2097.91
2026-07-04,P001,R003,C009,8,3040.0,1956.57
2026-07-04,P001,R004,C010,4,1520.0,996.06
2026-07-04,P001,R004,C004,5,1900.0,1358.46
2026-07-04,P002,R001,C011,183,15555.0,10079.33
2026-07-04,P002,R001,C005,41,3485.0,2205.85
2026-07-04,P002,R001,C007,56,4760.0,3054.53
2026-07-04,P002,R002,C012,144,12240.0,7245.55
2026-07-04,P002,R002,C008,69,5865.0,3501.63
2026-07-04,P002,R003,C009,63,5355.0,3155.91
2026-07-04,P002,R003,C003,51,4335.0,2671.63
2026-07-04,P002,R004,C010,30,2550.0,1614.36
2026-07-04,P002,R004,C004,42,3570.0,2123.42
2026-07-04,P003,R001,C011,7,4340.0,3015.23
2026-07-04,P003,R001,C005,3,1860.0,1299.61
2026-07-04,P003,R001,C001,8,4960.0,3424.52
2026-07-04,P003,R001,C007,4,2480.0,1767.14
2026-07-04,P003,R002,C002,7,4340.0,3121.85
2026-07-04,P003,R002,C008,3,1860.0,1340.65
2026-07-04,P003,R002,C012,6,3720.0,2642.96
2026-07-04,P003,R003,C009,5,3100.0,2062.76
2026-07-04,P003,R003,C003,4,2480.0,1687.9
2026-07-04,P003,R004,C004,2,1240.0,895.06
2026-07-04,P003,R004,C010,1,620.0,440.04
2026-07-04,P004,R001,C001,28,6720.0,4144.49
2026-07-04,P004,R001,C007,17,4080.0,2757.59
2026-07-04,P004,R001,C005,10,2400.0,1488.04
2026-07-04,P004,R002,C002,12,2880.0,1970.76
2026-07-04,P004,R002,C006,5,1200.0,793.24
2026-07-04,P004,R002,C008,6,1440.0,937.83
2026-07-04,P004,R002,C012,19,4560.0,2783.64
2026-07-04,P004,R003,C003,8,1920.0,1249.96
2026-07-04,P004,R003,C009,11,2640.0,1800.47
2026-07-04,P004,R004,C004,7,1680.0,1120.38
2026-07-04,P004,R004,C010,5,1200.0,783.1
2026-07-04,P005,R001,C001,131,5895.0,3208.28
2026-07-04,P005,R001,C005,44,1980.0,1166.76
2026-07-04,P005,R002,C002,75,3375.0,1961.99
2026-07-04,P005,R002,C008,40,1800.0,1069.01
2026-07-04,P005,R003,C003,35,1575.0,962.15
2026-07-04,P005,R003,C009,38,1710.0,940.22
2026-07-04,P005,R004,C004,24,1080.0,627.18
2026-07-04,P005,R004,C010,19,855.0,513.94
2026-07-04,P006,R001,C011,44,5280.0,3234.05
2026-07-04,P006,R001,C005,16,1920.0,1160.69
2026-07-04,P006,R001,C001,26,3120.0,2062.53
2026-07-04,P006,R001,C007,22,2640.0,1610.61
2026-07-04,P006,R002,C006,13,1560.0,1010.39
2026-07-04,P006,R002,C002,58,6960.0,4514.83
2026-07-04,P006,R003,C009,33,3960.0,2573.75
2026-07-04,P006,R003,C003,20,2400.0,1565.66
2026-07-04,P006,R004,C010,10,1200.0,770.78
2026-07-04,P006,R004,C004,15,1800.0,1149.71
2026-07-05,P001,R001,C001,16,6080.0,4014.96
2026-07-05,P001,R001,C011,20,7600.0,5173.64
2026-07-05,P001,R001,C007,11,4180.0,2688.56
2026-07-05,P001,R002,C012,10,3800.0,2624.67
2026-07-05,P001,R002,C008,5,1900.0,1281.35
2026-07-05,P001,R002,C006,3,1140.0,746.92
2026-07-05,P001,R002,C002,12,4560.0,2962.56
2026-07-05,P001,R003,C009,9,3420.0,2248.84
2026-07-05,P001,R003,C003,8,3040.0,1955.36
2026-07-05,P001,R004,C010,3,1140.0,753.43
2026-07-05,P001,R004,C004,5,1900.0,1272.76
2026-07-05,P002,R001,C005,43,3655.0,2324.37
2026-07-05,P002,R001,C007,55,4675.0,2806.72
2026-07-05,P002,R001,C011,79,6715.0,4422.49
2026-07-05,P002,R001,C001,110,9350.0,5794.65
2026-07-05,P002,R002,C012,166,14110.0,8500.37
2026-07-05,P002,R002,C006,40,3400.0,2091.62
2026-07-05,P002,R003,C009,80,6800.0,4476.25
2026-07-05,P002,R003,C003,55,4675.0,3050.43
2026-07-05,P002,R004,C010,28,2380.0,1420.93
2026-07-05,P002,R004,C004,35,2975.0,1942.59
2026-07-05,P003,R001,C007,3,1860.0,1372.25
2026-07-05,P003,R001,C005,3,1860.0,1295.27
2026-07-05,P003,R001,C001,8,4960.0,3611.13
2026-07-05,P003,R001,C011,6,3720.0,2511.19
2026-07-05,P003,R002,C012,5,3100.0,2224.85
2026-07-05,P003,R002,C006,2,1240.0,891.15
2026-07-05,P003,R002,C002,3,1860.0,1285.43
2026-07-05,P003,R002,C008,3,1860.0,1266.77
2026-07-05,P003,R003,C009,5,3100.0,2278.56
2026-07-05,P003,R003,C003,4,2480.0,1783.95
2026-07-05,P003,R004,C004,3,1860.0,1284.33
2026-07-05,P003,R004,C010,2,1240.0,882.33
2026-07-05,P004,R001,C011,33,7920.0,5460.93
2026-07-05,P004,R001,C001,37,8880.0,5536.72
2026-07-05,P004,R002,C008,13,3120.0,1955.33
2026-07-05,P004,R002,C002,24,5760.0,3845.29
2026-07-05,P004,R003,C003,12,2880.0,1963.89
2026-07-05,P004,R003,C009,13,3120.0,2020.25
2026-07-05,P004,R004,C004,7,1680.0,1061.26
2026-07-05,P004,R004,C010,7,1680.0,1067.53
2026-07-05,P005,R001,C007,38,1710.0,970.71
2026-07-05,P005,R001,C011,65,2925.0,1741.95
2026-07-05,P005,R002,C012,62,2790.0,1676.9
2026-07-05,P005,R002,C008,36,1620.0,924.32
2026-07-05,P005,R002,C006,25,1125.0,646.1
2026-07-05,P005,R003,C003,24,1080.0,630.67
2026-07-05,P005,R003,C009,38,1710.0,1012.97
2026-07-05,P005,R004,C010,14,630.0,343.04
2026-07-05,P005,R004,C004,13,585.0,356.0
2026-07-05,P006,R001,C005,11,1320.0,878.97
2026-07-05,P006,R001,C011,55,6600.0,4145.62
2026-07-05,P006,R001,C007,22,2640.0,1614.15
2026-07-05,P006,R002,C012,17,2040.0,1379.25
2026-07-05,P006,R002,C006,5,600.0,407.07
2026-07-05,P006,R002,C002,23,2760.0,1819.76
2026-07-05,P006,R002,C008,8,960.0,617.95
2026-07-05,P006,R003,C003,17,2040.0,1239.38
2026-07-05,P006,R003,C009,27,3240.0,2031.26
2026-07-05,P006,R004,C010,10,1200.0,750.36
2026-07-05,P006,R004,C004,15,1800.0,1208.85
2026-07-06,P001,R001,C005,25,9500.0,6311.98
2026-07-06,P001,R001,C007,42,15960.0,11412.69
2026-07-06,P001,R002,C006,4,1520.0,1087.86
2026-07-06,P001,R002,C012,13,4940.0,3528.71
2026-07-06,P001,R002,C008,9,3420.0,2443.81
2026-07-06,P001,R002,C002,18,6840.0,4379.5
2026-07-06,P001,R003,C009,14,5320.0,3771.31
2026-07-06,P001,R003,C003,11,4180.0,2676.83
2026-07-06,P001,R004,C010,6,2280.0,1580.58
2026-07-06,P001,R004,C004,5,1900.0,1279.92
2026-07-06,P002,R001,C007,166,14110.0,9143.44
2026-07-06,P002,R001,C005,173,14705.0,8940.19
2026-07-06,P002,R002,C008,37,3145.0,1996.49
2026-07-06,P002,R002,C006,28,2380.0,1570.32
2026-07-06,P002,R002,C012,117,9945.0,5835.36
2026-07-06,P002,R002,C002,123,10455.0,6639.5
2026-07-06,P002,R003,C003,48,4080.0,2398.54
2026-07-06,P002,R003,C009,84,7140.0,4383.93
2026-07-06,P002,R004,C010,47,3995.0,2341.58
2026-07-06,P002,R004,C004,41,3485.0,2195.72
2026-07-06,P003,R001,C001,10,6200.0,4216.05
2026-07-06,P003,R001,C007,5,3100.0,2262.79
2026-07-06,P003,R001,C011,12,7440.0,5320.09
2026-07-06,P003,R002,C008,5,3100.0,2103.92
2026-07-06,P003,R002,C006,5,3100.0,2269.6
2026-07-06,P003,R002,C012,15,9300.0,6215.73
2026-07-06,P003,R003,C003,7,4340.0,2934.99
2026-07-06,P003,R003,C009,7,4340.0,3012.09
2026-07-06,P003,R004,C010,3,1860.0,1254.17
2026-07-06,P003,R004,C004,5,3100.0,2177.05
2026-07-06,P004,R001,C007,22,5280.0,3484.75
2026-07-06,P004,R001,C001,64,15360.0,9771.2
2026-07-06,P004,R001,C005,21,5040.0,3364.5
2026-07-06,P004,R002,C006,28,6720.0,4591.1
2026-07-06,P004,R002,C008,34,8160.0,5523.71
2026-07-06,P004,R003,C009,16,3840.0,2616.51
2026-07-06,P004,R003,C003,11,2640.0,1623.92
2026-07-06,P004,R004,C010,10,2400.0,1587.33
2026-07-06,P004,R004,C004,15,3600.0,2281.43
2026-07-06,P005,R001,C011,93,4185.0,2424.15
2026-07-06,P005,R001,C007,29,1305.0,734.57
2026-07-06,P005,R001,C001,82,3690.0,2039.3
2026-07-06,P005,R002,C002,65,2925.0,1629.73
2026-07-06,P005,R002,C008,27,1215.0,685.94
2026-07-06,P005,R002,C012,76,3420.0,2050.15
2026-07-06,P005,R002,C006,21,945.0,535.72
2026-07-06,P005,R003,C009,94,4230.0,2494.05
2026-07-06,P005,R003,C003,58,2610.0,1493.8
2026-07-06,P005,R004,C010,35,1575.0,867.18
2026-07-06,P005,R004,C004,37,1665.0,915.1
2026-07-06,P006,R001,C001,69,8280.0,4976.53
2026-07-06,P006,R001,C011,59,7080.0,4489.42
2026-07-06,P006,R001,C005,22,2640.0,1756.9
2026-07-06,P006,R002,C008,19,2280.0,1523.53
2026-07-06,P006,R002,C012,26,3120.0,2098.44
2026-07-06,P006,R002,C002,30,3600.0,2307.1
2026-07-06,P006,R002,C006,10,1200.0,815.08
2026-07-06,P006,R003,C003,36,4320.0,2710.73
2026-07-06,P006,R003,C009,40,4800.0,3079.62
2026-07-06,P006,R004,C004,19,2280.0,1523.28
2026-07-06,P006,R004,C010,16,1920.0,1272.27
2026-07-07,P001,R001,C005,19,7220.0,5093.86
2026-07-07,P001,R001,C001,37,14060.0,9192.88
2026-07-07,P001,R002,C008,12,4560.0,2955.42
2026-07-07,P001,R002,C012,22,8360.0,5898.2
2026-07-07,P001,R002,C002,20,7600.0,5216.78
2026-07-07,P001,R003,C009,19,7220.0,4833.32
2026-07-07,P001,R003,C003,12,4560.0,3138.76
2026-07-07,P001,R004,C010,6,2280.0,1504.51
2026-07-07,P001,R004,C004,7,2660.0,1792.84
2026-07-07,P002,R001,C001,155,13175.0,8084.42
2026-07-07,P002,R001,C011,129,10965.0,6913.06
2026-07-07,P002,R001,C007,50,4250.0,2789.59
2026-07-07,P002,R001,C005,33,2805.0,1731.79
2026-07-07,P002,R002,C002,115,9775.0,5753.42
2026-07-07,P002,R002,C008,79,6715.0,3930.18
2026-07-07,P002,R003,C009,92,7820.0,4807.49
2026-07-07,P002,R003,C003,75,6375.0,4130.12
2026-07-07,P002,R004,C004,57,4845.0,3147.57
2026-07-07,P002,R004,C010,43,3655.0,2217.91
2026-07-07,P003,R001,C007,8,4960.0,3520.01
2026-07-07,P003,R001,C011,18,11160.0,7865.79
2026-07-07,P003,R002,C002,6,3720.0,2731.38
2026-07-07,P003,R002,C008,3,1860.0,1336.34
2026-07-07,P003,R002,C012,6,3720.0,2676.7
2026-07-07,P003,R002,C006,3,1860.0,1355.59
2026-07-07,P003,R003,C003,4,2480.0,1640.74
2026-07-07,P003,R003,C009,6,3720.0,2732.6
2026-07-07,P003,R004,C004,4,2480.0,1676.59
2026-07-07,P003,R004,C010,3,1860.0,1293.49
2026-07-07,P004,R001,C007,22,5280.0,3351.65
2026-07-07,P004,R001,C001,43,10320.0,6910.06
2026-07-07,P004,R001,C005,14,3360.0,2227.49
2026-07-07,P004,R002,C012,17,4080.0,2667.29
2026-07-07,P004,R002,C006,6,1440.0,971.97
2026-07-07,P004,R002,C008,10,2400.0,1630.29
2026-07-07,P004,R002,C002,20,4800.0,3191.26
2026-07-07,P004,R003,C003,25,6000.0,3770.21
2026-07-07,P004,R003,C009,24,5760.0,3779.24
2026-07-07,P004,R004,C004,9,2160.0,1337.16
2026-07-07,P004,R004,C010,10,2400.0,1653.96
2026-07-07,P005,R001,C011,96,4320.0,2431.08
2026-07-07,P005,R001,C005,22,990.0,542.16
2026-07-07,P005,R001,C001,98,4410.0,2676.37
2026-07-07,P005,R001,C007,38,1710.0,958.99
2026-07-07,P005,R002,C006,22,990.0,554.18
2026-07-07,P005,R002,C012,67,3015.0,1704.41
2026-07-07,P005,R002,C008,38,1710.0,945.54
2026-07-07,P005,R002,C002,64,2880.0,1687.43
2026-07-07,P005,R003,C009,88,3960.0,2419.23
2026-07-07,P005,R003,C003,51,2295.0,1376.57
2026-07-07,P005,R004,C004,27,1215.0,711.26
2026-07-07,P005,R004,C010,25,1125.0,677.14
2026-07-07,P006,R001,C011,83,9960.0,5983.34
2026-07-07,P006,R001,C005,30,3600.0,2435.88
2026-07-07,P006,R001,C007,46,5520.0,3736.54
2026-07-07,P006,R002,C002,81,9720.0,6154.04
2026-07-07,P006,R002,C008,46,5520.0,3712.24
2026-07-07,P006,R003,C003,27,3240.0,2061.96
2026-07-07,P006,R003,C009,57,6840.0,4506.94
2026-07-07,P006,R004,C010,10,1200.0,735.54
2026-07-07,P006,R004,C004,18,2160.0,1336.38
2026-07-08,P001,R001,C001,30,11400.0,7988.74
2026-07-08,P001,R001,C007,17,6460.0,4312.81
2026-07-08,P001,R001,C005,9,3420.0,2205.74
2026-07-08,P001,R002,C012,18,6840.0,4921.94
2026-07-08,P001,R002,C002,16,6080.0,4094.3
2026-07-08,P001,R002,C008,6,2280.0,1481.55
2026-07-08,P001,R002,C006,4,1520.0,1002.29
2026-07-08,P001,R003,C009,10,3800.0,2709.23
2026-07-08,P001,R003,C003,12,4560.0,3280.68
2026-07-08,P001,R004,C004,8,3040.0,2127.52
2026-07-08,P001,R004,C010,5,1900.0,1260.74
2026-07-08,P002,R001,C001,131,11135.0,6947.17
2026-07-08,P002,R001,C005,41,3485.0,2071.67
2026-07-08,P002,R001,C011,124,10540.0,6518.05
2026-07-08,P002,R002,C002,183,15555.0,9427.32
2026-07-08,P002,R002,C012,107,9095.0,5731.74
2026-07-08,P002,R003,C009,116,9860.0,6200.16
2026-07-08,P002,R003,C003,71,6035.0,3806.0
2026-07-08,P002,R004,C004,38,3230.0,2097.81
2026-07-08,P002,R004,C010,45,3825.0,2451.07
2026-07-08,P003,R001,C007,7,4340.0,2964.18
2026-07-08,P003,R001,C011,8,4960.0,3309.46
2026-07-08,P003,R001,C001,9,5580.0,3961.18
2026-07-08,P003,R001,C005,4,2480.0,1732.33
2026-07-08,P003,R002,C012,8,4960.0,3602.68
2026-07-08,P003,R002,C008,4,2480.0,1697.29
2026-07-08,P003,R002,C006,2,1240.0,831.26
2026-07-08,P003,R002,C002,8,4960.0,3311.97
2026-07-08,P003,R003,C003,5,3100.0,2110.18
2026-07-08,P003,R003,C009,10,6200.0,4195.01
2026-07-08,P003,R004,C010,3,1860.0,1281.36
2026-07-08,P003,R004,C004,4,2480.0,1703.18
2026-07-08,P004,R001,C011,55,13200.0,8935.48
2026-07-08,P004,R001,C007,32,7680.0,4935.33
2026-07-08,P004,R002,C002,15,3600.0,2384.99
2026-07-08,P004,R002,C012,16,3840.0,2595.45
2026-07-08,P004,R002,C008,9,2160.0,1429.74
2026-07-08,P004,R002,C006,5,1200.0,803.41
2026-07-08,P004,R003,C009,37,8880.0,5478.36
2026-07-08,P004,R003,C003,14,3360.0,2242.65
2026-07-08,P004,R004,C010,6,1440.0,946.27
2026-07-08,P004,R004,C004,13,3120.0,1907.5
2026-07-08,P005,R001,C005,34,1530.0,867.19
2026-07-08,P005,R001,C001,88,3960.0,2185.36
2026-07-08,P005,R001,C007,32,1440.0,858.07
2026-07-08,P005,R001,C011,99,4455.0,2443.39
2026-07-08,P005,R002,C008,21,945.0,556.78
2026-07-08,P005,R002,C012,59,2655.0,1572.62
2026-07-08,P005,R002,C002,48,2160.0,1172.67
2026-07-08,P005,R002,C006,21,945.0,575.2
2026-07-08,P005,R003,C003,36,1620.0,996.62
2026-07-08,P005,R003,C009,57,2565.0,1514.51
2026-07-08,P005,R004,C010,26,1170.0,684.58
2026-07-08,P005,R004,C004,28,1260.0,737.29
2026-07-08,P006,R001,C001,77,9240.0,5877.78
2026-07-08,P006,R001,C011,69,8280.0,5069.09
2026-07-08,P006,R002,C002,34,4080.0,2665.67
2026-07-08,P006,R002,C008,23,2760.0,1679.78
2026-07-08,P006,R002,C012,29,3480.0,2300.15
2026-07-08,P006,R003,C003,27,3240.0,1981.05
2026-07-08,P006,R003,C009,36,4320.0,2773.98
2026-07-08,P006,R004,C004,17,2040.0,1281.27
2026-07-08,P006,R004,C010,19,2280.0,1516.67
2026-07-09,P001,R001,C011,28,10640.0,7297.32
2026-07-09,P001,R001,C005,12,4560.0,3235.04
2026-07-09,P001,R001,C007,17,6460.0,4331.24
2026-07-09,P001,R002,C008,33,12540.0,8599.43
2026-07-09,P001,R002,C006,24,9120.0,6566.36
2026-07-09,P001,R003,C003,13,4940.0,3373.61
2026-07-09,P001,R003,C009,15,5700.0,3993.1
2026-07-09,P001,R004,C004,7,2660.0,1820.15
2026-07-09,P001,R004,C010,4,1520.0,992.47
2026-07-09,P002,R001,C007,97,8245.0,5048.92
2026-07-09,P002,R001,C011,272,23120.0,14912.01
2026-07-09,P002,R002,C002,87,7395.0,4294.87
2026-07-09,P002,R002,C006,32,2720.0,1701.48
2026-07-09,P002,R002,C008,39,3315.0,2010.31
2026-07-09,P002,R002,C012,55,4675.0,2779.66
2026-07-09,P002,R003,C009,113,9605.0,5836.62
2026-07-09,P002,R003,C003,63,5355.0,3252.08
2026-07-09,P002,R004,C010,40,3400.0,2183.51
2026-07-09,P002,R004,C004,63,5355.0,3169.68
2026-07-09,P003,R001,C011,9,5580.0,3958.12
2026-07-09,P003,R001,C007,4,2480.0,1659.01
2026-07-09,P003,R001,C005,4,2480.0,1769.08
2026-07-09,P003,R001,C001,13,8060.0,5375.37
2026-07-09,P003,R002,C012,9,5580.0,3793.06
2026-07-09,P003,R002,C002,10,6200.0,4535.64
2026-07-09,P003,R003,C009,8,4960.0,3511.26
2026-07-09,P003,R003,C003,7,4340.0,3147.08
2026-07-09,P003,R004,C010,2,1240.0,828.8
2026-07-09,P003,R004,C004,4,2480.0,1679.59
2026-07-09,P004,R001,C007,14,3360.0,2185.3
2026-07-09,P004,R001,C011,44,10560.0,6726.99
2026-07-09,P004,R001,C001,44,10560.0,6638.9
2026-07-09,P004,R001,C005,15,3600.0,2317.45
2026-07-09,P004,R002,C012,39,9360.0,6351.35
2026-07-09,P004,R002,C008,16,3840.0,2395.41
2026-07-09,P004,R003,C003,23,5520.0,3710.0
2026-07-09,P004,R003,C009,35,8400.0,5405.41
2026-07-09,P004,R004,C004,17,4080.0,2658.0
2026-07-09,P004,R004,C010,11,2640.0,1740.18
2026-07-09,P005,R001,C011,89,4005.0,2260.54
2026-07-09,P005,R001,C005,32,1440.0,780.08
2026-07-09,P005,R001,C007,68,3060.0,1887.2
2026-07-09,P005,R002,C008,101,4545.0,2753.91
2026-07-09,P005,R002,C006,71,3195.0,1961.19
2026-07-09,P005,R003,C009,85,3825.0,2360.47
2026-07-09,P005,R003,C003,37,1665.0,1010.54
2026-07-09,P005,R004,C010,31,1395.0,764.82
2026-07-09,P005,R004,C004,39,1755.0,953.53
2026-07-09,P006,R001,C005,42,5040.0,3171.02
2026-07-09,P006,R001,C007,63,7560.0,4621.24
2026-07-09,P006,R002,C008,13,1560.0,941.2
2026-07-09,P006,R002,C006,12,1440.0,971.11
2026-07-09,P006,R002,C012,42,5040.0,3299.77
2026-07-09,P006,R002,C002,33,3960.0,2680.21
2026-07-09,P006,R003,C003,30,3600.0,2201.92
2026-07-09,P006,R003,C009,40,4800.0,3113.32
2026-07-09,P006,R004,C004,18,2160.0,1440.22
2026-07-09,P006,R004,C010,19,2280.0,1416.64
2026-07-10,P001,R001,C011,31,11780.0,7828.13
2026-07-10,P001,R001,C005,12,4560.0,2959.49
2026-07-10,P001,R001,C007,16,6080.0,4166.96
2026-07-10,P001,R002,C008,13,4940.0,3234.28
2026-07-10,P001,R002,C012,25,9500.0,6539.83
2026-07-10,P001,R002,C006,9,3420.0,2194.8
2026-07-10,P001,R003,C003,8,3040.0,2075.82
2026-07-10,P001,R003,C009,14,5320.0,3448.44
2026-07-10,P001,R004,C004,8,3040.0,2056.29
2026-07-10,P001,R004,C010,5,1900.0,1305.72
2026-07-10,P002,R001,C005,59,5015.0,3111.61
2026-07-10,P002,R001,C007,51,4335.0,2853.45
2026-07-10,P002,R001,C001,127,10795.0,6620.06
2026-07-10,P002,R001,C011,172,14620.0,9331.57
2026-07-10,P002,R002,C012,175,14875.0,9770.3
2026-07-10,P002,R002,C008,90,7650.0,5000.29
2026-07-10,P002,R003,C009,90,7650.0,4918.32
2026-07-10,P002,R003,C003,65,5525.0,3644.98
2026-07-10,P002,R004,C010,40,3400.0,2131.23
2026-07-10,P002,R004,C004,51,4335.0,2567.86
2026-07-10,P003,R001,C011,13,8060.0,5779.62
2026-07-10,P003,R001,C005,3,1860.0,1284.01
2026-07-10,P003,R001,C007,6,3720.0,2579.45
2026-07-10,P003,R001,C001,11,6820.0,4593.26
2026-07-10,P003,R002,C008,5,3100.0,2119.05
2026-07-10,P003,R002,C002,8,4960.0,3559.48
2026-07-10,P003,R002,C012,6,3720.0,2555.02
2026-07-10,P003,R003,C003,8,4960.0,3555.74
2026-07-10,P003,R003,C009,12,7440.0,5470.27
2026-07-10,P003,R004,C010,3,1860.0,1374.19
2026-07-10,P003,R004,C004,4,2480.0,1667.3
2026-07-10,P004,R001,C007,26,6240.0,4107.41
2026-07-10,P004,R001,C011,44,10560.0,6805.0
2026-07-10,P004,R002,C008,11,2640.0,1718.9
2026-07-10,P004,R002,C012,19,4560.0,2911.61
2026-07-10,P004,R002,C002,20,4800.0,3138.84
2026-07-10,P004,R002,C006,9,2160.0,1447.19
2026-07-10,P004,R003,C003,16,3840.0,2538.01
2026-07-10,P004,R003,C009,26,6240.0,4065.64
2026-07-10,P004,R004,C010,7,1680.0,1060.03
2026-07-10,P004,R004,C004,8,1920.0,1186.34
2026-07-10,P005,R001,C011,72,3240.0,1913.91
2026-07-10,P005,R001,C001,119,5355.0,3095.16
2026-07-10,P005,R001,C007,58,2610.0,1527.78
2026-07-10,P005,R001,C005,36,1620.0,894.51
2026-07-10,P005,R002,C012,61,2745.0,1489.33
2026-07-10,P005,R002,C002,45,2025.0,1230.98
2026-07-10,P005,R002,C006,17,765.0,441.53
2026-07-10,P005,R002,C008,22,990.0,576.28
2026-07-10,P005,R003,C009,93,4185.0,2282.22
2026-07-10,P005,R003,C003,56,2520.0,1470.45
2026-07-10,P005,R004,C004,33,1485.0,812.44
2026-07-10,P005,R004,C010,29,1305.0,713.4
2026-07-10,P006,R001,C011,38,4560.0,2882.75
2026-07-10,P006,R001,C001,51,6120.0,3777.73
2026-07-10,P006,R001,C007,24,2880.0,1796.11
2026-07-10,P006,R001,C005,22,2640.0,1637.58
2026-07-10,P006,R002,C008,62,7440.0,4702.39
2026-07-10,P006,R002,C006,32,3840.0,2362.3
2026-07-10,P006,R003,C003,27,3240.0,2102.55
2026-07-10,P006,R003,C009,37,4440.0,2841.48
2026-07-10,P006,R004,C004,21,2520.0,1578.04
2026-07-10,P006,R004,C010,19,2280.0,1412.89
2026-07-11,P001,R001,C007,7,2660.0,1836.58
2026-07-11,P001,R001,C001,13,4940.0,3544.4
2026-07-11,P001,R001,C005,6,2280.0,1571.88
2026-07-11,P001,R001,C011,16,6080.0,4270.26
2026-07-11,P001,R002,C008,7,2660.0,1909.91
2026-07-11,P001,R002,C006,4,1520.0,1017.38
2026-07-11,P001,R002,C002,10,3800.0,2637.02
2026-07-11,P001,R003,C003,7,2660.0,1791.79
2026-07-11,P001,R003,C009,13,4940.0,3424.78
2026-07-11,P001,R004,C010,6,2280.0,1585.65
2026-07-11,P001,R004,C004,5,1900.0,1348.61
2026-07-11,P002,R001,C011,98,8330.0,5457.68
2026-07-11,P002,R001,C007,46,3910.0,2290.69
2026-07-11,P002,R001,C001,101,8585.0,5220.53
2026-07-11,P002,R002,C008,36,3060.0,1853.03
2026-07-11,P002,R002,C012,69,5865.0,3784.12
2026-07-11,P002,R002,C002,65,5525.0,3286.57
2026-07-11,P002,R002,C006,20,1700.0,1006.87
2026-07-11,P002,R003,C003,39,3315.0,1984.49
2026-07-11,P002,R003,C009,93,7905.0,4951.24
2026-07-11,P002,R004,C010,20,1700.0,1001.58
2026-07-11,P002,R004,C004,28,2380.0,1457.15
2026-07-11,P003,R001,C007,8,4960.0,3358.87
2026-07-11,P003,R001,C001,13,8060.0,5811.89
2026-07-11,P003,R002,C008,6,3720.0,2665.06
2026-07-11,P003,R002,C006,4,2480.0,1712.06
2026-07-11,P003,R003,C009,4,2480.0,1736.73
2026-07-11,P003,R003,C003,3,1860.0,1291.07
2026-07-11,P003,R004,C004,3,1860.0,1305.13
2026-07-11,P003,R004,C010,2,1240.0,882.06
2026-07-11,P004,R001,C011,35,8400.0,5358.48
2026-07-11,P004,R001,C007,15,3600.0,2348.05
2026-07-11,P004,R002,C008,6,1440.0,967.22
2026-07-11,P004,R002,C012,14,3360.0,2133.73
2026-07-11,P004,R002,C002,17,4080.0,2538.29
2026-07-11,P004,R003,C003,12,2880.0,1839.32
2026-07-11,P004,R003,C009,20,4800.0,3031.96
2026-07-11,P004,R004,C004,9,2160.0,1477.26
2026-07-11,P004,R004,C010,7,1680.0,1043.81
2026-07-11,P005,R001,C005,36,1620.0,990.02
2026-07-11,P005,R001,C001,135,6075.0,3468.98
2026-07-11,P005,R002,C002,37,1665.0,1012.65
2026-07-11,P005,R002,C006,18,810.0,466.8
2026-07-11,P005,R002,C012,38,1710.0,1027.73
2026-07-11,P005,R003,C003,26,1170.0,641.98
2026-07-11,P005,R003,C009,37,1665.0,983.97
2026-07-11,P005,R004,C004,14,630.0,368.84
2026-07-11,P005,R004,C010,15,675.0,368.58
2026-07-11,P006,R001,C011,46,5520.0,3680.08
2026-07-11,P006,R001,C005,23,2760.0,1668.3
2026-07-11,P006,R001,C007,39,4680.0,2840.29
2026-07-11,P006,R002,C002,38,4560.0,2826.49
2026-07-11,P006,R002,C008,18,2160.0,1316.48
2026-07-11,P006,R002,C006,13,1560.0,1048.81
2026-07-11,P006,R003,C003,21,2520.0,1624.74
2026-07-11,P006,R003,C009,21,2520.0,1593.11
2026-07-11,P006,R004,C004,12,1440.0,923.01
2026-07-11,P006,R004,C010,10,1200.0,758.0
2026-07-12,P001,R001,C001,15,5700.0,3999.58
2026-07-12,P001,R001,C005,6,2280.0,1517.62
2026-07-12,P001,R001,C011,11,4180.0,2694.38
2026-07-12,P001,R001,C007,10,3800.0,2729.71
2026-07-12,P001,R002,C008,8,3040.0,2071.53
2026-07-12,P001,R002,C002,14,5320.0,3725.03
2026-07-12,P001,R002,C006,5,1900.0,1336.29
2026-07-12,P001,R003,C009,8,3040.0,2093.72
2026-07-12,P001,R003,C003,6,2280.0,1568.2
2026-07-12,P001,R004,C010,3,1140.0,803.12
2026-07-12,P001,R004,C004,5,1900.0,1229.29
2026-07-12,P002,R001,C005,94,7990.0,5113.97
2026-07-12,P002,R001,C001,236,20060.0,12669.49
2026-07-12,P002,R002,C008,45,3825.0,2476.33
2026-07-12,P002,R002,C012,81,6885.0,4165.63
2026-07-12,P002,R003,C003,58,4930.0,2895.92
2026-07-12,P002,R003,C009,73,6205.0,3994.39
2026-07-12,P002,R004,C010,27,2295.0,1331.58
2026-07-12,P002,R004,C004,41,3485.0,2245.57
2026-07-12,P003,R001,C011,6,3720.0,2577.56
2026-07-12,P003,R001,C005,3,1860.0,1237.8
2026-07-12,P003,R001,C001,8,4960.0,3638.87
2026-07-12,P003,R001,C007,3,1860.0,1249.61
2026-07-12,P003,R002,C012,5,3100.0,2154.65
2026-07-12,P003,R002,C008,2,1240.0,822.92
2026-07-12,P003,R002,C002,4,2480.0,1741.02
2026-07-12,P003,R003,C003,5,3100.0,2130.02
2026-07-12,P003,R003,C009,5,3100.0,2088.39
2026-07-12,P003,R004,C010,2,1240.0,903.8
2026-07-12,P003,R004,C004,3,1860.0,1357.54
2026-07-12,P004,R001,C005,7,1680.0,1082.87
2026-07-12,P004,R001,C001,21,5040.0,3192.98
2026-07-12,P004,R001,C007,9,2160.0,1466.6
2026-07-12,P004,R001,C011,15,3600.0,2264.93
2026-07-12,P004,R002,C006,6,1440.0,926.68
2026-07-12,P004,R002,C008,11,2640.0,1769.3
2026-07-12,P004,R002,C012,16,3840.0,2620.89
2026-07-12,P004,R003,C009,16,3840.0,2446.07
2026-07-12,P004,R003,C003,15,3600.0,2398.47
2026-07-12,P004,R004,C004,8,1920.0,1228.25
2026-07-12,P004,R004,C010,6,1440.0,922.24
2026-07-12,P005,R001,C005,22,990.0,543.93
2026-07-12,P005,R001,C001,47,2115.0,1282.48
2026-07-12,P005,R001,C007,39,1755.0,1028.71
2026-07-12,P005,R001,C011,70,3150.0,1819.23
2026-07-12,P005,R002,C012,62,2790.0,1588.66
2026-07-12,P005,R002,C002,40,1800.0,1092.3
2026-07-12,P005,R002,C008,22,990.0,562.63
2026-07-12,P005,R003,C009,49,2205.0,1341.72
2026-07-12,P005,R003,C003,31,1395.0,765.33
2026-07-12,P005,R004,C010,23,1035.0,599.03
2026-07-12,P005,R004,C004,27,1215.0,682.12
2026-07-12,P006,R001,C001,43,5160.0,3442.66
2026-07-12,P006,R001,C005,13,1560.0,1027.79
2026-07-12,P006,R001,C007,23,2760.0,1673.49
2026-07-12,P006,R002,C002,44,5280.0,3387.19
2026-07-12,P006,R002,C006,19,2280.0,1499.31
2026-07-12,P006,R003,C003,23,2760.0,1686.15
2026-07-12,P006,R003,C009,33,3960.0,2405.72
2026-07-12,P006,R004,C010,7,840.0,563.84
2026-07-12,P006,R004,C004,14,1680.0,1063.85
2026-07-13,P001,R001,C001,22,8360.0,5748.48
2026-07-13,P001,R001,C005,10,3800.0,2683.02
2026-07-13,P001,R001,C011,35,13300.0,8958.71
2026-07-13,P001,R002,C008,7,2660.0,1787.73
2026-07-13,P001,R002,C012,15,5700.0,3966.84
2026-07-13,P001,R002,C002,17,6460.0,4648.55
2026-07-13,P001,R003,C003,13,4940.0,3367.31
2026-07-13,P001,R003,C009,24,9120.0,5982.12
2026-07-13,P001,R004,C010,6,2280.0,1595.01
2026-07-13,P001,R004,C004,8,3040.0,1995.25
2026-07-13,P002,R001,C001,142,12070.0,7670.69
2026-07-13,P002,R001,C005,75,6375.0,3802.43
2026-07-13,P002,R001,C007,73,6205.0,4094.24
2026-07-13,P002,R002,C012,231,19635.0,11394.9
2026-07-13,P002,R002,C006,72,6120.0,3881.65
2026-07-13,P002,R003,C003,47,3995.0,2569.45
2026-07-13,P002,R003,C009,102,8670.0,5643.97
2026-07-13,P002,R004,C010,26,2210.0,1312.57
2026-07-13,P002,R004,C004,48,4080.0,2368.86
2026-07-13,P003,R001,C005,4,2480.0,1748.07
2026-07-13,P003,R001,C007,5,3100.0,2173.98
2026-07-13,P003,R001,C001,12,7440.0,5254.72
2026-07-13,P003,R001,C011,12,7440.0,5275.47
2026-07-13,P003,R002,C012,8,4960.0,3498.04
2026-07-13,P003,R002,C002,6,3720.0,2639.91
2026-07-13,P003,R002,C006,2,1240.0,822.81
2026-07-13,P003,R003,C009,10,6200.0,4314.88
2026-07-13,P003,R003,C003,7,4340.0,3108.49
2026-07-13,P003,R004,C004,4,2480.0,1796.66
2026-07-13,P003,R004,C010,4,2480.0,1824.61
2026-07-13,P004,R001,C001,38,9120.0,5641.44
2026-07-13,P004,R001,C011,39,9360.0,6282.09
2026-07-13,P004,R001,C007,22,5280.0,3320.6
2026-07-13,P004,R002,C012,28,6720.0,4172.97
2026-07-13,P004,R002,C002,27,6480.0,4060.5
2026-07-13,P004,R002,C006,12,2880.0,1938.24
2026-07-13,P004,R003,C003,14,3360.0,2112.64
2026-07-13,P004,R003,C009,25,6000.0,4134.13
2026-07-13,P004,R004,C004,8,1920.0,1172.11
2026-07-13,P004,R004,C010,7,1680.0,1131.49
2026-07-13,P005,R001,C011,101,4545.0,2470.63
2026-07-13,P005,R001,C005,22,990.0,601.82
2026-07-13,P005,R001,C001,87,3915.0,2241.27
2026-07-13,P005,R001,C007,48,2160.0,1271.41
2026-07-13,P005,R002,C006,21,945.0,550.35
2026-07-13,P005,R002,C002,49,2205.0,1220.33
2026-07-13,P005,R002,C012,74,3330.0,2005.11
2026-07-13,P005,R003,C009,56,2520.0,1374.4
2026-07-13,P005,R003,C003,50,2250.0,1335.72
2026-07-13,P005,R004,C010,32,1440.0,783.27
2026-07-13,P005,R004,C004,32,1440.0,866.0
2026-07-13,P006,R001,C005,53,6360.0,3925.06
2026-07-13,P006,R001,C011,91,10920.0,6692.65
2026-07-13,P006,R002,C008,36,4320.0,2742.27
2026-07-13,P006,R002,C012,48,5760.0,3851.23
2026-07-13,P006,R003,C009,37,4440.0,2718.31
2026-07-13,P006,R003,C003,27,3240.0,2062.08
2026-07-13,P006,R004,C010,20,2400.0,1543.5
2026-07-13,P006,R004,C004,22,2640.0,1625.96
2026-07-14,P001,R001,C007,11,4180.0,2711.23
2026-07-14,P001,R001,C011,31,11780.0,8080.44
2026-07-14,P001,R001,C001,23,8740.0,5762.19
2026-07-14,P001,R001,C005,9,3420.0,2318.35
2026-07-14,P001,R002,C002,27,10260.0,6869.65
2026-07-14,P001,R002,C006,9,3420.0,2404.37
2026-07-14,P001,R002,C008,12,4560.0,2978.04
2026-07-14,P001,R003,C009,22,8360.0,5774.08
2026-07-14,P001,R003,C003,15,5700.0,3868.67
2026-07-14,P001,R004,C010,8,3040.0,2165.81
2026-07-14,P001,R004,C004,11,4180.0,2724.37
2026-07-14,P002,R001,C005,78,6630.0,4060.07
2026-07-14,P002,R001,C001,173,14705.0,8587.95
2026-07-14,P002,R002,C012,172,14620.0,9464.96
2026-07-14,P002,R002,C008,89,7565.0,4931.81
2026-07-14,P002,R003,C003,53,4505.0,2673.93
2026-07-14,P002,R003,C009,111,9435.0,5607.1
2026-07-14,P002,R004,C004,74,6290.0,3736.65
2026-07-14,P002,R004,C010,35,2975.0,1806.63
2026-07-14,P003,R001,C001,11,6820.0,4745.56
2026-07-14,P003,R001,C007,5,3100.0,2116.11
2026-07-14,P003,R001,C005,4,2480.0,1781.71
2026-07-14,P003,R001,C011,8,4960.0,3322.89
2026-07-14,P003,R002,C008,2,1240.0,897.98
2026-07-14,P003,R002,C002,6,3720.0,2701.03
2026-07-14,P003,R002,C006,2,1240.0,838.26
2026-07-14,P003,R002,C012,7,4340.0,2882.01
2026-07-14,P003,R003,C009,10,6200.0,4164.53
2026-07-14,P003,R003,C003,7,4340.0,3068.94
2026-07-14,P003,R004,C010,3,1860.0,1299.92
2026-07-14,P003,R004,C004,5,3100.0,2150.39
2026-07-14,P004,R001,C005,16,3840.0,2418.67
2026-07-14,P004,R001,C001,39,9360.0,5913.59
2026-07-14,P004,R001,C007,19,4560.0,3140.12
2026-07-14,P004,R002,C008,16,3840.0,2633.26
2026-07-14,P004,R002,C002,37,8880.0,5855.83
2026-07-14,P004,R003,C009,35,8400.0,5649.7
2026-07-14,P004,R003,C003,23,5520.0,3425.53
2026-07-14,P004,R004,C004,12,2880.0,1810.43
2026-07-14,P004,R004,C010,11,2640.0,1816.07
2026-07-14,P005,R001,C007,101,4545.0,2745.72
2026-07-14,P005,R001,C011,225,10125.0,6140.39
2026-07-14,P005,R002,C008,30,1350.0,796.09
2026-07-14,P005,R002,C012,80,3600.0,1978.14
2026-07-14,P005,R002,C002,95,4275.0,2505.48
2026-07-14,P005,R003,C003,63,2835.0,1662.9
2026-07-14,P005,R003,C009,97,4365.0,2563.72
2026-07-14,P005,R004,C004,28,1260.0,695.73
2026-07-14,P005,R004,C010,38,1710.0,999.27
2026-07-14,P006,R001,C005,39,4680.0,3081.45
2026-07-14,P006,R001,C011,93,11160.0,6723.68
2026-07-14,P006,R002,C008,26,3120.0,2097.92
2026-07-14,P006,R002,C002,34,4080.0,2697.57
2026-07-14,P006,R002,C006,11,1320.0,893.26
2026-07-14,P006,R003,C009,43,5160.0,3469.55
2026-07-14,P006,R003,C003,19,2280.0,1499.1
2026-07-14,P006,R004,C010,12,1440.0,910.99
2026-07-14,P006,R004,C004,19,2280.0,1502.75
2026-07-15,P001,R001,C001,20,7600.0,4912.94
2026-07-15,P001,R001,C007,12,4560.0,3243.37
2026-07-15,P001,R001,C005,7,2660.0,1792.9
2026-07-15,P001,R001,C011,23,8740.0,6135.61
2026-07-15,P001,R002,C002,19,7220.0,4842.54
2026-07-15,P001,R002,C012,16,6080.0,4027.88
2026-07-15,P001,R002,C006,8,3040.0,2128.44
2026-07-15,P001,R003,C003,11,4180.0,2806.5
2026-07-15,P001,R003,C009,16,6080.0,3959.98
2026-07-15,P001,R004,C010,8,3040.0,2004.1
2026-07-15,P001,R004,C004,7,2660.0,1765.38
2026-07-15,P002,R001,C011,144,12240.0,7305.34
2026-07-15,P002,R001,C005,66,5610.0,3401.03
2026-07-15,P002,R001,C001,147,12495.0,7714.37
2026-07-15,P002,R002,C012,197,16745.0,9865.32
2026-07-15,P002,R002,C008,112,9520.0,5644.19
2026-07-15,P002,R003,C003,100,8500.0,5322.2
2026-07-15,P002,R003,C009,98,8330.0,5383.47
2026-07-15,P002,R004,C010,37,3145.0,1996.53
2026-07-15,P002,R004,C004,45,3825.0,2299.45
2026-07-15,P003,R001,C011,16,9920.0,6999.58
2026-07-15,P003,R001,C001,16,9920.0,7221.01
2026-07-15,P003,R002,C012,11,6820.0,4511.25
2026-07-15,P003,R002,C008,7,4340.0,3071.81
2026-07-15,P003,R003,C003,5,3100.0,2252.51
2026-07-15,P003,R003,C009,9,5580.0,3718.8
2026-07-15,P003,R004,C004,3,1860.0,1276.48
2026-07-15,P003,R004,C010,2,1240.0,889.25
2026-07-15,P004,R001,C011,40,9600.0,6466.08
2026-07-15,P004,R001,C007,21,5040.0,3330.18
2026-07-15,P004,R001,C005,12,2880.0,1964.05
2026-07-15,P004,R001,C001,24,5760.0,3862.16
2026-07-15,P004,R002,C008,18,4320.0,2735.51
2026-07-15,P004,R002,C012,39,9360.0,6067.9
2026-07-15,P004,R003,C009,22,5280.0,3436.65
2026-07-15,P004,R003,C003,18,4320.0,2775.63
2026-07-15,P004,R004,C010,11,2640.0,1776.4
2026-07-15,P004,R004,C004,13,3120.0,1939.79
2026-07-15,P005,R001,C011,114,5130.0,3075.7
2026-07-15,P005,R001,C007,61,2745.0,1699.68
2026-07-15,P005,R001,C001,122,5490.0,3034.57
2026-07-15,P005,R001,C005,25,1125.0,638.71
2026-07-15,P005,R002,C006,53,2385.0,1412.49
2026-07-15,P005,R002,C008,95,4275.0,2558.02
2026-07-15,P005,R003,C003,54,2430.0,1442.89
2026-07-15,P005,R003,C009,55,2475.0,1359.96
2026-07-15,P005,R004,C010,22,990.0,580.9
2026-07-15,P005,R004,C004,37,1665.0,1001.91
2026-07-15,P006,R001,C007,59,7080.0,4792.78
2026-07-15,P006,R001,C011,76,9120.0,5880.78
2026-07-15,P006,R002,C002,65,7800.0,4763.74
2026-07-15,P006,R002,C006,22,2640.0,1706.79
2026-07-15,P006,R002,C008,28,3360.0,2174.18
2026-07-15,P006,R003,C009,45,5400.0,3463.35
2026-07-15,P006,R003,C003,21,2520.0,1701.17
2026-07-15,P006,R004,C004,17,2040.0,1381.01
2026-07-15,P006,R004,C010,11,1320.0,827.11
2026-07-16,P001,R001,C011,48,18240.0,12458.3
2026-07-16,P001,R001,C005,13,4940.0,3388.16
2026-07-16,P001,R002,C006,3,1140.0,759.8
2026-07-16,P001,R002,C012,14,5320.0,3569.57
2026-07-16,P001,R002,C002,15,5700.0,3817.29
2026-07-16,P001,R002,C008,7,2660.0,1728.25
2026-07-16,P001,R003,C009,17,6460.0,4606.84
2026-07-16,P001,R003,C003,11,4180.0,2837.22
2026-07-16,P001,R004,C004,10,3800.0,2535.62
2026-07-16,P001,R004,C010,8,3040.0,2152.44
2026-07-16,P002,R001,C011,189,16065.0,9908.71
2026-07-16,P002,R001,C001,305,25925.0,15879.44
2026-07-16,P002,R002,C006,31,2635.0,1650.89
2026-07-16,P002,R002,C002,108,9180.0,5843.22
2026-07-16,P002,R002,C012,110,9350.0,6082.77
2026-07-16,P002,R003,C009,129,10965.0,6926.18
2026-07-16,P002,R003,C003,93,7905.0,4883.63
2026-07-16,P002,R004,C010,53,4505.0,2803.76
2026-07-16,P002,R004,C004,45,3825.0,2479.26
2026-07-16,P003,R001,C001,12,7440.0,5079.61
2026-07-16,P003,R001,C005,4,2480.0,1821.37
2026-07-16,P003,R001,C011,12,7440.0,5269.34
2026-07-16,P003,R001,C007,7,4340.0,2904.17
2026-07-16,P003,R002,C002,9,5580.0,3947.8
2026-07-16,P003,R002,C008,5,3100.0,2252.26
2026-07-16,P003,R002,C006,3,1860.0,1235.02
2026-07-16,P003,R002,C012,7,4340.0,3182.99
2026-07-16,P003,R003,C003,5,3100.0,2091.58
2026-07-16,P003,R003,C009,7,4340.0,3127.17
2026-07-16,P003,R004,C004,3,1860.0,1363.28
2026-07-16,P003,R004,C010,4,2480.0,1710.85
2026-07-16,P004,R001,C011,53,12720.0,8751.55
2026-07-16,P004,R001,C007,33,7920.0,5091.08
2026-07-16,P004,R002,C002,45,10800.0,6884.44
2026-07-16,P004,R002,C008,29,6960.0,4373.13
2026-07-16,P004,R003,C003,21,5040.0,3270.73
2026-07-16,P004,R003,C009,33,7920.0,5341.12
2026-07-16,P004,R004,C010,8,1920.0,1302.91
2026-07-16,P004,R004,C004,13,3120.0,2093.02
2026-07-16,P005,R001,C007,94,4230.0,2484.9
2026-07-16,P005,R001,C001,160,7200.0,4028.93
2026-07-16,P005,R002,C002,107,4815.0,2842.99
2026-07-16,P005,R002,C008,58,2610.0,1583.96
2026-07-16,P005,R003,C009,64,2880.0,1560.2
2026-07-16,P005,R003,C003,66,2970.0,1649.38
2026-07-16,P005,R004,C010,18,810.0,441.18
2026-07-16,P005,R004,C004,23,1035.0,571.66
2026-07-16,P006,R001,C007,106,12720.0,7759.61
2026-07-16,P006,R001,C005,60,7200.0,4507.4
2026-07-16,P006,R002,C006,13,1560.0,976.67
2026-07-16,P006,R002,C012,36,4320.0,2870.96
2026-07-16,P006,R002,C002,40,4800.0,3144.17
2026-07-16,P006,R002,C008,21,2520.0,1661.93
2026-07-16,P006,R003,C009,35,4200.0,2661.74
2026-07-16,P006,R003,C003,19,2280.0,1384.26
2026-07-16,P006,R004,C004,17,2040.0,1370.05
2026-07-16,P006,R004,C010,20,2400.0,1616.93
2026-07-17,P001,R001,C001,22,8360.0,5425.57
2026-07-17,P001,R001,C011,30,11400.0,7895.9
2026-07-17,P001,R001,C005,7,2660.0,1717.9
2026-07-17,P001,R002,C002,14,5320.0,3706.27
2026-07-17,P001,R002,C012,19,7220.0,5027.48
2026-07-17,P001,R002,C008,6,2280.0,1478.81
2026-07-17,P001,R002,C006,6,2280.0,1495.86
2026-07-17,P001,R003,C009,24,9120.0,5890.96
2026-07-17,P001,R003,C003,16,6080.0,4208.39
2026-07-17,P001,R004,C004,8,3040.0,1966.05
2026-07-17,P001,R004,C010,6,2280.0,1507.1
2026-07-17,P002,R001,C005,71,6035.0,3657.37
2026-07-17,P002,R001,C007,154,13090.0,8055.55
2026-07-17,P002,R001,C011,312,26520.0,17343.57
2026-07-17,P002,R002,C002,98,8330.0,5178.66
2026-07-17,P002,R002,C006,46,3910.0,2384.51
2026-07-17,P002,R002,C012,159,13515.0,8581.74
2026-07-17,P002,R003,C003,65,5525.0,3631.43
2026-07-17,P002,R003,C009,108,9180.0,5769.74
2026-07-17,P002,R004,C010,38,3230.0,2114.57
2026-07-17,P002,R004,C004,45,3825.0,2338.07
2026-07-17,P003,R001,C001,25,15500.0,10472.33
2026-07-17,P003,R001,C005,6,3720.0,2524.4
2026-07-17,P003,R002,C008,6,3720.0,2723.13
2026-07-17,P003,R002,C012,13,8060.0,5689.14
2026-07-17,P003,R003,C003,5,3100.0,2097.8
2026-07-17,P003,R003,C009,6,3720.0,2620.09
2026-07-17,P003,R004,C004,6,3720.0,2545.83
2026-07-17,P003,R004,C010,5,3100.0,2120.93
2026-07-17,P004,R001,C007,46,11040.0,7213.31
2026-07-17,P004,R001,C005,26,6240.0,4162.95
2026-07-17,P004,R002,C012,37,8880.0,5915.63
2026-07-17,P004,R002,C006,9,2160.0,1469.66
2026-07-17,P004,R002,C008,20,4800.0,2948.85
2026-07-17,P004,R003,C003,14,3360.0,2234.01
2026-07-17,P004,R003,C009,31,7440.0,5017.01
2026-07-17,P004,R004,C004,12,2880.0,1934.89
2026-07-17,P004,R004,C010,7,1680.0,1033.21
2026-07-17,P005,R001,C005,46,2070.0,1179.05
2026-07-17,P005,R001,C007,42,1890.0,1105.68
2026-07-17,P005,R001,C001,135,6075.0,3653.34
2026-07-17,P005,R001,C011,99,4455.0,2532.97
2026-07-17,P005,R002,C006,33,1485.0,811.85
2026-07-17,P005,R002,C002,82,3690.0,2256.42
2026-07-17,P005,R002,C008,58,2610.0,1426.99
2026-07-17,P005,R003,C009,53,2385.0,1438.11
2026-07-17,P005,R003,C003,53,2385.0,1448.97
2026-07-17,P005,R004,C010,17,765.0,450.48
2026-07-17,P005,R004,C004,29,1305.0,744.87
2026-07-17,P006,R001,C005,15,1800.0,1178.72
2026-07-17,P006,R001,C007,17,2040.0,1300.47
2026-07-17,P006,R001,C011,53,6360.0,4113.53
2026-07-17,P006,R001,C001,38,4560.0,2781.74
2026-07-17,P006,R002,C008,29,3480.0,2296.88
2026-07-17,P006,R002,C006,24,2880.0,1956.46
2026-07-17,P006,R002,C012,67,8040.0,5453.72
2026-07-17,P006,R003,C009,41,4920.0,3023.1
2026-07-17,P006,R003,C003,29,3480.0,2180.55
2026-07-17,P006,R004,C004,29,3480.0,2153.68
2026-07-17,P006,R004,C010,20,2400.0,1619.11
2026-07-18,P001,R001,C007,20,7600.0,5398.46
2026-07-18,P001,R001,C001,29,11020.0,7126.05
2026-07-18,P001,R002,C008,3,1140.0,820.54
2026-07-18,P001,R002,C012,9,3420.0,2316.15
2026-07-18,P001,R002,C002,10,3800.0,2717.31
2026-07-18,P001,R003,C009,11,4180.0,3001.14
2026-07-18,P001,R003,C003,9,3420.0,2250.06
2026-07-18,P001,R004,C010,3,1140.0,755.28
2026-07-18,P001,R004,C004,4,1520.0,1063.74
2026-07-18,P002,R001,C007,49,4165.0,2546.13
2026-07-18,P002,R001,C011,70,5950.0,3514.52
2026-07-18,P002,R001,C001,96,8160.0,5193.51
2026-07-18,P002,R001,C005,22,1870.0,1110.07
2026-07-18,P002,R002,C008,31,2635.0,1657.82
2026-07-18,P002,R002,C012,78,6630.0,3876.73
2026-07-18,P002,R002,C006,32,2720.0,1649.49
2026-07-18,P002,R002,C002,83,7055.0,4529.68
2026-07-18,P002,R003,C009,59,5015.0,2913.41
2026-07-18,P002,R003,C003,49,4165.0,2700.58
2026-07-18,P002,R004,C010,24,2040.0,1263.7
2026-07-18,P002,R004,C004,42,3570.0,2355.99
2026-07-18,P003,R001,C001,10,6200.0,4271.91
2026-07-18,P003,R001,C011,11,6820.0,4695.82
2026-07-18,P003,R001,C005,3,1860.0,1234.67
2026-07-18,P003,R002,C008,4,2480.0,1804.45
2026-07-18,P003,R002,C012,8,4960.0,3582.87
2026-07-18,P003,R003,C003,4,2480.0,1652.07
2026-07-18,P003,R003,C009,6,3720.0,2662.1
2026-07-18,P003,R004,C004,2,1240.0,885.42
2026-07-18,P003,R004,C010,3,1860.0,1337.16
2026-07-18,P004,R001,C005,8,1920.0,1303.12
2026-07-18,P004,R001,C007,14,3360.0,2305.1
2026-07-18,P004,R001,C011,25,6000.0,4136.4
2026-07-18,P004,R001,C001,18,4320.0,2961.54
2026-07-18,P004,R002,C002,18,4320.0,2854.02
2026-07-18,P004,R002,C008,10,2400.0,1597.27
2026-07-18,P004,R002,C006,8,1920.0,1230.34
2026-07-18,P004,R003,C009,19,4560.0,2810.33
2026-07-18,P004,R003,C003,7,1680.0,1140.61
2026-07-18,P004,R004,C004,9,2160.0,1451.48
2026-07-18,P004,R004,C010,7,1680.0,1047.39
2026-07-18,P005,R001,C005,51,2295.0,1418.57
2026-07-18,P005,R001,C011,129,5805.0,3194.27
2026-07-18,P005,R002,C006,21,945.0,539.35
2026-07-18,P005,R002,C012,99,4455.0,2541.13
2026-07-18,P005,R003,C003,22,990.0,555.26
2026-07-18,P005,R003,C009,53,2385.0,1458.98
2026-07-18,P005,R004,C004,18,810.0,457.56
2026-07-18,P005,R004,C010,17,765.0,432.91
2026-07-18,P006,R001,C007,11,1320.0,800.38
2026-07-18,P006,R001,C001,24,2880.0,1792.7
2026-07-18,P006,R001,C011,32,3840.0,2511.94
2026-07-18,P006,R001,C005,9,1080.0,694.58
2026-07-18,P006,R002,C006,21,2520.0,1562.14
2026-07-18,P006,R002,C012,68,8160.0,5286.27
2026-07-18,P006,R003,C009,34,4080.0,2702.12
2026-07-18,P006,R003,C003,13,1560.0,1057.16
2026-07-18,P006,R004,C004,14,1680.0,1137.25
2026-07-18,P006,R004,C010,13,1560.0,993.61
2026-07-19,P001,R001,C005,13,4940.0,3368.94
2026-07-19,P001,R001,C007,21,7980.0,5297.79
2026-07-19,P001,R002,C008,5,1900.0,1258.71
2026-07-19,P001,R002,C006,4,1520.0,1020.71
2026-07-19,P001,R002,C012,13,4940.0,3267.39
2026-07-19,P001,R002,C002,12,4560.0,3219.98
2026-07-19,P001,R003,C003,9,3420.0,2451.69
2026-07-19,P001,R003,C009,14,5320.0,3422.68
2026-07-19,P001,R004,C004,4,1520.0,1015.99
2026-07-19,P001,R004,C010,4,1520.0,1067.82
2026-07-19,P002,R001,C011,139,11815.0,6880.65
2026-07-19,P002,R001,C005,68,5780.0,3722.08
2026-07-19,P002,R002,C008,31,2635.0,1624.01
2026-07-19,P002,R002,C012,71,6035.0,3743.22
2026-07-19,P002,R002,C002,79,6715.0,4139.42
2026-07-19,P002,R003,C009,110,9350.0,5754.67
2026-07-19,P002,R003,C003,47,3995.0,2530.94
2026-07-19,P002,R004,C004,30,2550.0,1524.0
2026-07-19,P002,R004,C010,24,2040.0,1218.38
2026-07-19,P003,R001,C005,2,1240.0,899.53
2026-07-19,P003,R001,C001,6,3720.0,2715.25
2026-07-19,P003,R001,C007,3,1860.0,1304.1
2026-07-19,P003,R001,C011,7,4340.0,2998.66
2026-07-19,P003,R002,C008,5,3100.0,2292.87
2026-07-19,P003,R002,C002,10,6200.0,4215.1
2026-07-19,P003,R002,C006,4,2480.0,1639.68
2026-07-19,P003,R003,C003,3,1860.0,1373.63
2026-07-19,P003,R003,C009,4,2480.0,1705.8
2026-07-19,P003,R004,C010,2,1240.0,828.11
2026-07-19,P003,R004,C004,3,1860.0,1238.59
2026-07-19,P004,R001,C005,4,960.0,638.14
2026-07-19,P004,R001,C011,13,3120.0,1905.62
2026-07-19,P004,R001,C001,17,4080.0,2617.2
2026-07-19,P004,R001,C007,7,1680.0,1152.95
2026-07-19,P004,R002,C008,14,3360.0,2135.83
2026-07-19,P004,R002,C012,33,7920.0,5143.1
2026-07-19,P004,R003,C003,14,3360.0,2053.6
2026-07-19,P004,R003,C009,15,3600.0,2240.09
2026-07-19,P004,R004,C010,8,1920.0,1318.4
2026-07-19,P004,R004,C004,9,2160.0,1406.32
2026-07-19,P005,R001,C005,32,1440.0,846.93
2026-07-19,P005,R001,C007,54,2430.0,1444.6
2026-07-19,P005,R001,C001,86,3870.0,2225.61
2026-07-19,P005,R002,C002,73,3285.0,2006.36
2026-07-19,P005,R002,C006,26,1170.0,642.21
2026-07-19,P005,R003,C003,31,1395.0,774.38
2026-07-19,P005,R003,C009,54,2430.0,1474.1
2026-07-19,P005,R004,C010,21,945.0,511.47
2026-07-19,P005,R004,C004,22,990.0,603.35
2026-07-19,P006,R001,C011,28,3360.0,2062.92
2026-07-19,P006,R001,C005,16,1920.0,1240.65
2026-07-19,P006,R001,C001,40,4800.0,2890.32
2026-07-19,P006,R001,C007,22,2640.0,1601.69
2026-07-19,P006,R002,C008,20,2400.0,1494.45
2026-07-19,P006,R002,C002,40,4800.0,3122.68
2026-07-19,P006,R003,C003,14,1680.0,1087.96
2026-07-19,P006,R003,C009,27,3240.0,2164.87
2026-07-19,P006,R004,C010,10,1200.0,804.42
2026-07-19,P006,R004,C004,9,1080.0,672.84
2026-07-20,P001,R001,C005,9,3420.0,2415.02
2026-07-20,P001,R001,C011,23,8740.0,5685.95
2026-07-20,P001,R001,C007,14,5320.0,3497.86
2026-07-20,P001,R002,C012,18,6840.0,4581.61
2026-07-20,P001,R002,C008,10,3800.0,2628.53
2026-07-20,P001,R003,C003,7,2660.0,1832.25
2026-07-20,P001,R003,C009,11,4180.0,2777.07
2026-07-20,P001,R004,C004,5,1900.0,1309.46
2026-07-20,P001,R004,C010,4,1520.0,1019.02
2026-07-20,P002,R001,C011,188,15980.0,10271.39
2026-07-20,P002,R001,C007,109,9265.0,5779.41
2026-07-20,P002,R002,C002,131,11135.0,6793.13
2026-07-20,P002,R002,C008,55,4675.0,2825.28
2026-07-20,P002,R002,C012,102,8670.0,5146.06
2026-07-20,P002,R002,C006,29,2465.0,1523.01
2026-07-20,P002,R003,C009,116,9860.0,6332.96
2026-07-20,P002,R003,C003,69,5865.0,3452.03
2026-07-20,P002,R004,C010,38,3230.0,2108.85
2026-07-20,P002,R004,C004,54,4590.0,2753.8
2026-07-20,P003,R001,C005,3,1860.0,1304.89
2026-07-20,P003,R001,C011,9,5580.0,3968.54
2026-07-20,P003,R001,C001,9,5580.0,3961.74
2026-07-20,P003,R001,C007,5,3100.0,2151.57
2026-07-20,P003,R002,C008,4,2480.0,1700.92
2026-07-20,P003,R002,C006,3,1860.0,1328.46
2026-07-20,P003,R002,C012,8,4960.0,3628.57
2026-07-20,P003,R003,C009,9,5580.0,3850.23
2026-07-20,P003,R003,C003,4,2480.0,1776.86
2026-07-20,P003,R004,C004,5,3100.0,2078.41
2026-07-20,P003,R004,C010,4,2480.0,1715.14
2026-07-20,P004,R001,C007,22,5280.0,3642.78
2026-07-20,P004,R001,C011,31,7440.0,4880.26
2026-07-20,P004,R001,C001,30,7200.0,4417.61
2026-07-20,P004,R002,C006,10,2400.0,1536.19
2026-07-20,P004,R002,C012,38,9120.0,6275.37
2026-07-20,P004,R002,C002,31,7440.0,4951.46
2026-07-20,P004,R003,C003,21,5040.0,3429.84
2026-07-20,P004,R003,C009,37,8880.0,5804.13
2026-07-20,P004,R004,C004,16,3840.0,2373.97
2026-07-20,P004,R004,C010,9,2160.0,1481.52
2026-07-20,P005,R001,C001,88,3960.0,2344.78
2026-07-20,P005,R001,C011,64,2880.0,1607.62
2026-07-20,P005,R001,C005,31,1395.0,769.66
2026-07-20,P005,R001,C007,49,2205.0,1340.72
2026-07-20,P005,R002,C006,17,765.0,431.33
2026-07-20,P005,R002,C002,52,2340.0,1372.01
2026-07-20,P005,R002,C008,28,1260.0,709.15
2026-07-20,P005,R002,C012,74,3330.0,2028.74
2026-07-20,P005,R003,C009,68,3060.0,1854.18
2026-07-20,P005,R003,C003,47,2115.0,1276.34
2026-07-20,P005,R004,C010,26,1170.0,654.14
2026-07-20,P005,R004,C004,28,1260.0,702.45
2026-07-20,P006,R001,C005,31,3720.0,2509.96
2026-07-20,P006,R001,C001,111,13320.0,8616.53
2026-07-20,P006,R002,C008,28,3360.0,2072.07
2026-07-20,P006,R002,C012,73,8760.0,5762.51
2026-07-20,P006,R003,C009,44,5280.0,3371.56
2026-07-20,P006,R003,C003,25,3000.0,1810.79
2026-07-20,P006,R004,C004,24,2880.0,1957.89
2026-07-20,P006,R004,C010,18,2160.0,1367.23
2026-07-21,P001,R001,C001,26,9880.0,6975.79
2026-07-21,P001,R001,C011,35,13300.0,8737.16
2026-07-21,P001,R002,C002,17,6460.0,4136.94
2026-07-21,P001,R002,C012,17,6460.0,4230.5
2026-07-21,P001,R003,C009,25,9500.0,6128.9
2026-07-21,P001,R003,C003,15,5700.0,3816.71
2026-07-21,P001,R004,C010,6,2280.0,1564.3
2026-07-21,P001,R004,C004,6,2280.0,1596.39
2026-07-21,P002,R001,C005,69,5865.0,3730.59
2026-07-21,P002,R001,C007,102,8670.0,5225.4
2026-07-21,P002,R001,C001,152,12920.0,7901.13
2026-07-21,P002,R001,C011,142,12070.0,7358.91
2026-07-21,P002,R002,C002,73,6205.0,4076.75
2026-07-21,P002,R002,C008,40,3400.0,2131.14
2026-07-21,P002,R002,C006,28,2380.0,1492.09
2026-07-21,P002,R002,C012,98,8330.0,5069.75
2026-07-21,P002,R003,C009,108,9180.0,5910.64
2026-07-21,P002,R003,C003,64,5440.0,3422.5
2026-07-21,P002,R004,C010,49,4165.0,2716.28
2026-07-21,P002,R004,C004,66,5610.0,3691.72
2026-07-21,P003,R001,C001,15,9300.0,6142.47
2026-07-21,P003,R001,C005,6,3720.0,2704.54
2026-07-21,P003,R001,C011,15,9300.0,6404.83
2026-07-21,P003,R002,C012,9,5580.0,4063.36
2026-07-21,P003,R002,C006,4,2480.0,1732.63
2026-07-21,P003,R002,C008,6,3720.0,2668.59
2026-07-21,P003,R003,C003,4,2480.0,1787.43
2026-07-21,P003,R003,C009,5,3100.0,2154.34
2026-07-21,P003,R004,C004,3,1860.0,1235.81
2026-07-21,P003,R004,C010,3,1860.0,1317.93
2026-07-21,P004,R001,C011,39,9360.0,5840.13
2026-07-21,P004,R001,C007,14,3360.0,2224.38
2026-07-21,P004,R001,C001,29,6960.0,4255.3
2026-07-21,P004,R001,C005,16,3840.0,2509.0
2026-07-21,P004,R002,C012,20,4800.0,3082.41
2026-07-21,P004,R002,C006,7,1680.0,1066.26
2026-07-21,P004,R002,C002,21,5040.0,3386.36
2026-07-21,P004,R002,C008,7,1680.0,1085.25
2026-07-21,P004,R003,C009,23,5520.0,3571.25
2026-07-21,P004,R003,C003,18,4320.0,2796.01
2026-07-21,P004,R004,C010,10,2400.0,1611.56
2026-07-21,P004,R004,C004,13,3120.0,2076.13
2026-07-21,P005,R001,C005,34,1530.0,883.19
2026-07-21,P005,R001,C011,68,3060.0,1725.57
2026-07-21,P005,R001,C001,96,4320.0,2487.83
2026-07-21,P005,R001,C007,44,1980.0,1186.05
2026-07-21,P005,R002,C002,152,6840.0,4016.4
2026-07-21,P005,R002,C006,44,1980.0,1104.45
2026-07-21,P005,R003,C003,41,1845.0,1022.44
2026-07-21,P005,R003,C009,74,3330.0,1988.87
2026-07-21,P005,R004,C010,27,1215.0,695.44
2026-07-21,P005,R004,C004,30,1350.0,739.36
2026-07-21,P006,R001,C011,61,7320.0,4413.22
2026-07-21,P006,R001,C007,44,5280.0,3237.69
2026-07-21,P006,R002,C012,49,5880.0,3647.6
2026-07-21,P006,R002,C008,32,3840.0,2419.28
2026-07-21,P006,R003,C009,38,4560.0,3037.88
2026-07-21,P006,R003,C003,22,2640.0,1648.57
2026-07-21,P006,R004,C010,17,2040.0,1225.6
2026-07-21,P006,R004,C004,18,2160.0,1454.07
2026-07-22,P001,R001,C007,13,4940.0,3514.0
2026-07-22,P001,R001,C011,28,10640.0,7192.61
2026-07-22,P001,R001,C001,25,9500.0,6120.67
2026-07-22,P001,R001,C005,8,3040.0,1981.56
2026-07-22,P001,R002,C002,12,4560.0,2932.44
2026-07-22,P001,R002,C006,5,1900.0,1341.1
2026-07-22,P001,R002,C012,12,4560.0,3020.94
2026-07-22,P001,R002,C008,7,2660.0,1787.19
2026-07-22,P001,R003,C003,11,4180.0,3008.21
2026-07-22,P001,R003,C009,13,4940.0,3318.65
2026-07-22,P001,R004,C004,8,3040.0,1949.71
2026-07-22,P001,R004,C010,6,2280.0,1599.42
2026-07-22,P002,R001,C007,67,5695.0,3469.78
2026-07-22,P002,R001,C011,149,12665.0,7780.24
2026-07-22,P002,R001,C001,169,14365.0,8987.73
2026-07-22,P002,R001,C005,47,3995.0,2404.62
2026-07-22,P002,R002,C006,33,2805.0,1691.17
2026-07-22,P002,R002,C012,129,10965.0,7117.69
2026-07-22,P002,R002,C008,68,5780.0,3769.66
2026-07-22,P002,R002,C002,89,7565.0,4428.44
2026-07-22,P002,R003,C009,152,12920.0,7880.18
2026-07-22,P002,R003,C003,112,9520.0,5935.21
2026-07-22,P002,R004,C004,61,5185.0,3031.99
2026-07-22,P002,R004,C010,35,2975.0,1795.59
2026-07-22,P003,R001,C005,7,4340.0,3031.09
2026-07-22,P003,R001,C011,20,12400.0,9091.94
2026-07-22,P003,R002,C012,7,4340.0,3026.34
2026-07-22,P003,R002,C008,3,1860.0,1347.28
2026-07-22,P003,R002,C002,7,4340.0,3157.16
2026-07-22,P003,R002,C006,2,1240.0,825.83
2026-07-22,P003,R003,C009,10,6200.0,4328.0
2026-07-22,P003,R003,C003,6,3720.0,2493.39
2026-07-22,P003,R004,C010,4,2480.0,1799.54
2026-07-22,P003,R004,C004,5,3100.0,2111.33
2026-07-22,P004,R001,C011,32,7680.0,4798.76
2026-07-22,P004,R001,C007,19,4560.0,2974.51
2026-07-22,P004,R001,C005,10,2400.0,1520.6
2026-07-22,P004,R001,C001,25,6000.0,4041.83
2026-07-22,P004,R002,C008,12,2880.0,1928.99
2026-07-22,P004,R002,C012,26,6240.0,4267.01
2026-07-22,P004,R002,C002,21,5040.0,3147.01
2026-07-22,P004,R003,C009,29,6960.0,4538.62
2026-07-22,P004,R003,C003,15,3600.0,2427.09
2026-07-22,P004,R004,C004,11,2640.0,1697.81
2026-07-22,P004,R004,C010,9,2160.0,1468.81
2026-07-22,P005,R001,C007,83,3735.0,2019.88
2026-07-22,P005,R001,C001,125,5625.0,3281.19
2026-07-22,P005,R001,C005,31,1395.0,818.72
2026-07-22,P005,R002,C002,71,3195.0,1764.18
2026-07-22,P005,R002,C008,48,2160.0,1321.92
2026-07-22,P005,R003,C003,65,2925.0,1580.79
2026-07-22,P005,R003,C009,70,3150.0,1950.47
2026-07-22,P005,R004,C010,36,1620.0,889.95
2026-07-22,P005,R004,C004,44,1980.0,1155.15
2026-07-22,P006,R001,C007,22,2640.0,1694.55
2026-07-22,P006,R001,C005,16,1920.0,1304.51
2026-07-22,P006,R001,C001,68,8160.0,4972.25
2026-07-22,P006,R001,C011,43,5160.0,3188.48
2026-07-22,P006,R002,C002,62,7440.0,5030.55
2026-07-22,P006,R002,C008,36,4320.0,2801.2
2026-07-22,P006,R003,C003,25,3000.0,1851.21
2026-07-22,P006,R003,C009,38,4560.0,2983.91
2026-07-22,P006,R004,C004,12,1440.0,917.19
2026-07-22,P006,R004,C010,17,2040.0,1285.14
2026-07-23,P001,R001,C007,8,3040.0,2141.35
2026-07-23,P001,R001,C001,27,10260.0,6766.59
2026-07-23,P001,R001,C011,26,9880.0,6468.66
2026-07-23,P001,R001,C005,7,2660.0,1837.59
2026-07-23,P001,R002,C006,3,1140.0,780.44
2026-07-23,P001,R002,C012,9,3420.0,2341.94
2026-07-23,P001,R002,C008,5,1900.0,1306.6
2026-07-23,P001,R002,C002,14,5320.0,3523.69
2026-07-23,P001,R003,C009,16,6080.0,3986.97
2026-07-23,P001,R003,C003,12,4560.0,3156.55
2026-07-23,P001,R004,C010,7,2660.0,1770.53
2026-07-23,P001,R004,C004,6,2280.0,1627.15
2026-07-23,P002,R001,C001,301,25585.0,16338.41
2026-07-23,P002,R001,C007,103,8755.0,5713.08
2026-07-23,P002,R002,C006,27,2295.0,1333.84
2026-07-23,P002,R002,C002,94,7990.0,5151.62
2026-07-23,P002,R002,C008,72,6120.0,4024.17
2026-07-23,P002,R002,C012,140,11900.0,7684.45
2026-07-23,P002,R003,C003,84,7140.0,4469.86
2026-07-23,P002,R003,C009,118,10030.0,6521.05
2026-07-23,P002,R004,C004,52,4420.0,2898.92
2026-07-23,P002,R004,C010,57,4845.0,3175.17
2026-07-23,P003,R001,C005,7,4340.0,3150.26
2026-07-23,P003,R001,C001,14,8680.0,6310.67
2026-07-23,P003,R001,C007,12,7440.0,5496.35
2026-07-23,P003,R002,C006,4,2480.0,1713.97
2026-07-23,P003,R002,C002,12,7440.0,5041.83
2026-07-23,P003,R002,C008,5,3100.0,2275.32
2026-07-23,P003,R003,C003,6,3720.0,2591.68
2026-07-23,P003,R003,C009,8,4960.0,3343.55
2026-07-23,P003,R004,C004,3,1860.0,1350.4
2026-07-23,P003,R004,C010,3,1860.0,1368.48
2026-07-23,P004,R001,C005,32,7680.0,4983.75
2026-07-23,P004,R001,C007,53,12720.0,8755.66
2026-07-23,P004,R002,C006,7,1680.0,1149.08
2026-07-23,P004,R002,C008,10,2400.0,1578.9
2026-07-23,P004,R002,C002,24,5760.0,3564.79
2026-07-23,P004,R002,C012,27,6480.0,4101.4
2026-07-23,P004,R003,C009,15,3600.0,2345.18
2026-07-23,P004,R003,C003,17,4080.0,2584.92
2026-07-23,P004,R004,C004,11,2640.0,1735.61
2026-07-23,P004,R004,C010,10,2400.0,1500.57
2026-07-23,P005,R001,C001,69,3105.0,1903.19
2026-07-23,P005,R001,C007,49,2205.0,1228.54
2026-07-23,P005,R001,C005,27,1215.0,691.5
2026-07-23,P005,R001,C011,82,3690.0,2184.51
2026-07-23,P005,R002,C002,57,2565.0,1589.19
2026-07-23,P005,R002,C012,59,2655.0,1438.46
2026-07-23,P005,R002,C008,26,1170.0,692.47
2026-07-23,P005,R002,C006,20,900.0,502.86
2026-07-23,P005,R003,C009,58,2610.0,1533.14
2026-07-23,P005,R003,C003,38,1710.0,1002.21
2026-07-23,P005,R004,C004,31,1395.0,822.96
2026-07-23,P005,R004,C010,39,1755.0,962.35
2026-07-23,P006,R001,C005,21,2520.0,1549.14
2026-07-23,P006,R001,C007,42,5040.0,3040.44
2026-07-23,P006,R001,C011,68,8160.0,5281.64
2026-07-23,P006,R002,C012,33,3960.0,2585.18
2026-07-23,P006,R002,C006,10,1200.0,814.87
2026-07-23,P006,R002,C008,12,1440.0,965.56
2026-07-23,P006,R002,C002,35,4200.0,2763.58
2026-07-23,P006,R003,C009,37,4440.0,2754.25
2026-07-23,P006,R003,C003,28,3360.0,2039.65
2026-07-23,P006,R004,C004,24,2880.0,1765.72
2026-07-23,P006,R004,C010,13,1560.0,1041.58
2026-07-24,P001,R001,C001,23,8740.0,5956.83
2026-07-24,P001,R001,C007,9,3420.0,2436.7
2026-07-24,P001,R001,C005,5,1900.0,1332.17
2026-07-24,P001,R001,C011,25,9500.0,6202.54
2026-07-24,P001,R002,C012,19,7220.0,4847.99
2026-07-24,P001,R002,C002,21,7980.0,5238.73
2026-07-24,P001,R002,C006,4,1520.0,1034.96
2026-07-24,P001,R003,C009,14,5320.0,3475.45
2026-07-24,P001,R003,C003,12,4560.0,2929.41
2026-07-24,P001,R004,C010,5,1900.0,1304.1
2026-07-24,P001,R004,C004,8,3040.0,1978.24
2026-07-24,P002,R001,C011,207,17595.0,10206.13
2026-07-24,P002,R001,C007,92,7820.0,4940.6
2026-07-24,P002,R001,C001,150,12750.0,7402.72
2026-07-24,P002,R001,C005,61,5185.0,3220.11
2026-07-24,P002,R002,C002,107,9095.0,5411.27
2026-07-24,P002,R002,C012,75,6375.0,4140.42
2026-07-24,P002,R002,C006,37,3145.0,1890.48
2026-07-24,P002,R002,C008,58,4930.0,3008.08
2026-07-24,P002,R003,C003,93,7905.0,4631.4
2026-07-24,P002,R003,C009,105,8925.0,5431.72
2026-07-24,P002,R004,C010,40,3400.0,2001.62
2026-07-24,P002,R004,C004,50,4250.0,2677.3
2026-07-24,P003,R001,C007,7,4340.0,2959.51
2026-07-24,P003,R001,C005,6,3720.0,2540.92
2026-07-24,P003,R001,C001,12,7440.0,5397.56
2026-07-24,P003,R002,C008,6,3720.0,2523.71
2026-07-24,P003,R002,C012,11,6820.0,4727.19
2026-07-24,P003,R003,C003,6,3720.0,2688.77
2026-07-24,P003,R003,C009,8,4960.0,3354.59
2026-07-24,P003,R004,C004,4,2480.0,1713.64
2026-07-24,P003,R004,C010,3,1860.0,1345.12
2026-07-24,P004,R001,C007,17,4080.0,2581.49
2026-07-24,P004,R001,C011,30,7200.0,4485.19
2026-07-24,P004,R001,C005,11,2640.0,1720.33
2026-07-24,P004,R001,C001,30,7200.0,4410.63
2026-07-24,P004,R002,C012,27,6480.0,3981.62
2026-07-24,P004,R002,C002,19,4560.0,3029.36
2026-07-24,P004,R002,C006,7,1680.0,1101.37
2026-07-24,P004,R003,C003,23,5520.0,3658.95
2026-07-24,P004,R003,C009,35,8400.0,5605.72
2026-07-24,P004,R004,C010,12,2880.0,1926.79
2026-07-24,P004,R004,C004,12,2880.0,1797.08
2026-07-24,P005,R001,C005,85,3825.0,2096.15
2026-07-24,P005,R001,C011,193,8685.0,4799.83
2026-07-24,P005,R002,C002,66,2970.0,1606.27
2026-07-24,P005,R002,C008,39,1755.0,1070.41
2026-07-24,P005,R002,C012,77,3465.0,2110.63
2026-07-24,P005,R003,C003,33,1485.0,802.63
2026-07-24,P005,R003,C009,81,3645.0,2060.6
2026-07-24,P005,R004,C004,31,1395.0,773.73
2026-07-24,P005,R004,C010,18,810.0,467.01
2026-07-24,P006,R001,C011,52,6240.0,3825.75
2026-07-24,P006,R001,C005,24,2880.0,1814.96
2026-07-24,P006,R001,C007,26,3120.0,1895.3
2026-07-24,P006,R001,C001,46,5520.0,3386.3
2026-07-24,P006,R002,C012,60,7200.0,4664.17
2026-07-24,P006,R002,C006,17,2040.0,1233.95
2026-07-24,P006,R002,C002,35,4200.0,2729.93
2026-07-24,P006,R003,C009,42,5040.0,3293.89
2026-07-24,P006,R003,C003,25,3000.0,1813.72
2026-07-24,P006,R004,C010,16,1920.0,1172.61
2026-07-24,P006,R004,C004,12,1440.0,872.22
2026-07-25,P001,R001,C005,12,4560.0,3018.65
2026-07-25,P001,R001,C001,26,9880.0,6448.97
2026-07-25,P001,R002,C008,10,3800.0,2639.37
2026-07-25,P001,R002,C012,26,9880.0,6481.86
2026-07-25,P001,R003,C003,7,2660.0,1914.96
2026-07-25,P001,R003,C009,10,3800.0,2433.31
2026-07-25,P001,R004,C010,4,1520.0,981.99
2026-07-25,P001,R004,C004,7,2660.0,1772.28
2026-07-25,P002,R001,C011,107,9095.0,5966.86
2026-07-25,P002,R001,C001,141,11985.0,7472.0
2026-07-25,P002,R002,C008,40,3400.0,2002.15
2026-07-25,P002,R002,C002,55,4675.0,2972.34
2026-07-25,P002,R002,C012,52,4420.0,2582.58
2026-07-25,P002,R002,C006,17,1445.0,889.72
2026-07-25,P002,R003,C003,71,6035.0,3687.0
2026-07-25,P002,R003,C009,75,6375.0,4057.27
2026-07-25,P002,R004,C010,32,2720.0,1627.93
2026-07-25,P002,R004,C004,42,3570.0,2174.29
2026-07-25,P003,R001,C011,7,4340.0,2911.53
2026-07-25,P003,R001,C001,5,3100.0,2112.64
2026-07-25,P003,R001,C005,3,1860.0,1295.94
2026-07-25,P003,R002,C006,2,1240.0,894.8
2026-07-25,P003,R002,C012,4,2480.0,1755.94
2026-07-25,P003,R002,C002,5,3100.0,2231.9
2026-07-25,P003,R003,C003,3,1860.0,1302.45
2026-07-25,P003,R003,C009,4,2480.0,1772.42
2026-07-25,P003,R004,C004,2,1240.0,904.89
2026-07-25,P003,R004,C010,1,620.0,439.26
2026-07-25,P004,R001,C011,30,7200.0,4549.83
2026-07-25,P004,R001,C001,40,9600.0,6245.72
2026-07-25,P004,R002,C006,14,3360.0,2230.06
2026-07-25,P004,R002,C012,41,9840.0,6133.02
2026-07-25,P004,R003,C009,22,5280.0,3581.05
2026-07-25,P004,R003,C003,9,2160.0,1404.85
2026-07-25,P004,R004,C004,8,1920.0,1237.79
2026-07-25,P004,R004,C010,8,1920.0,1302.04
2026-07-25,P005,R001,C011,47,2115.0,1284.56
2026-07-25,P005,R001,C005,23,1035.0,568.82
2026-07-25,P005,R001,C007,26,1170.0,721.23
2026-07-25,P005,R001,C001,44,1980.0,1169.17
2026-07-25,P005,R002,C008,54,2430.0,1355.65
2026-07-25,P005,R002,C006,51,2295.0,1368.67
2026-07-25,P005,R003,C009,46,2070.0,1188.45
2026-07-25,P005,R003,C003,26,1170.0,712.92
2026-07-25,P005,R004,C010,18,810.0,480.92
2026-07-25,P005,R004,C004,20,900.0,526.61
2026-07-25,P006,R001,C011,30,3600.0,2207.25
2026-07-25,P006,R001,C005,16,1920.0,1200.04
2026-07-25,P006,R001,C007,23,2760.0,1859.27
2026-07-25,P006,R001,C001,47,5640.0,3610.19
2026-07-25,P006,R002,C012,18,2160.0,1419.81
2026-07-25,P006,R002,C008,11,1320.0,855.02
2026-07-25,P006,R002,C002,25,3000.0,1857.84
2026-07-25,P006,R002,C006,11,1320.0,818.26
2026-07-25,P006,R003,C009,24,2880.0,1938.93
2026-07-25,P006,R003,C003,16,1920.0,1206.8
2026-07-25,P006,R004,C004,11,1320.0,830.18
2026-07-25,P006,R004,C010,11,1320.0,793.31
2026-07-26,P001,R001,C011,9,3420.0,2446.82
2026-07-26,P001,R001,C005,5,1900.0,1341.88
2026-07-26,P001,R001,C007,7,2660.0,1769.7
2026-07-26,P001,R001,C001,11,4180.0,2973.7
2026-07-26,P001,R002,C002,21,7980.0,5258.45
2026-07-26,P001,R002,C008,11,4180.0,2883.19
2026-07-26,P001,R003,C009,13,4940.0,3191.94
2026-07-26,P001,R003,C003,6,2280.0,1600.63
2026-07-26,P001,R004,C004,5,1900.0,1272.04
2026-07-26,P001,R004,C010,5,1900.0,1328.33
2026-07-26,P002,R001,C011,137,11645.0,6861.06
2026-07-26,P002,R001,C007,84,7140.0,4242.63
2026-07-26,P002,R001,C005,42,3570.0,2321.72
2026-07-26,P002,R002,C002,70,5950.0,3630.26
2026-07-26,P002,R002,C012,63,5355.0,3218.12
2026-07-26,P002,R002,C006,25,2125.0,1252.63
2026-07-26,P002,R003,C003,59,5015.0,2937.83
2026-07-26,P002,R003,C009,57,4845.0,3169.23
2026-07-26,P002,R004,C010,25,2125.0,1298.05
2026-07-26,P002,R004,C004,46,3910.0,2410.41
2026-07-26,P003,R001,C007,6,3720.0,2571.82
2026-07-26,P003,R001,C001,14,8680.0,5922.0
2026-07-26,P003,R002,C006,2,1240.0,818.81
2026-07-26,P003,R002,C012,9,5580.0,3937.43
2026-07-26,P003,R002,C008,4,2480.0,1664.52
2026-07-26,P003,R003,C009,5,3100.0,2151.6
2026-07-26,P003,R003,C003,3,1860.0,1325.28
2026-07-26,P003,R004,C010,2,1240.0,853.92
2026-07-26,P003,R004,C004,2,1240.0,913.13
2026-07-26,P004,R001,C011,17,4080.0,2714.83
2026-07-26,P004,R001,C007,7,1680.0,1028.81
2026-07-26,P004,R001,C001,14,3360.0,2181.42
2026-07-26,P004,R001,C005,6,1440.0,927.75
2026-07-26,P004,R002,C006,4,960.0,660.88
2026-07-26,P004,R002,C002,15,3600.0,2393.78
2026-07-26,P004,R002,C008,7,1680.0,1042.93
2026-07-26,P004,R002,C012,10,2400.0,1499.39
2026-07-26,P004,R003,C003,10,2400.0,1511.27
2026-07-26,P004,R003,C009,20,4800.0,3006.97
2026-07-26,P004,R004,C004,7,1680.0,1134.96
2026-07-26,P004,R004,C010,8,1920.0,1307.53
2026-07-26,P005,R001,C011,99,4455.0,2649.71
2026-07-26,P005,R001,C007,44,1980.0,1130.17
2026-07-26,P005,R002,C012,60,2700.0,1631.98
2026-07-26,P005,R002,C008,27,1215.0,672.84
2026-07-26,P005,R003,C009,45,2025.0,1241.52
2026-07-26,P005,R003,C003,38,1710.0,1056.34
2026-07-26,P005,R004,C010,18,810.0,491.26
2026-07-26,P005,R004,C004,19,855.0,478.42
2026-07-26,P006,R001,C001,37,4440.0,2945.15
2026-07-26,P006,R001,C005,9,1080.0,703.37
2026-07-26,P006,R001,C011,22,2640.0,1730.45
2026-07-26,P006,R001,C007,11,1320.0,815.5
2026-07-26,P006,R002,C012,31,3720.0,2319.46
2026-07-26,P006,R002,C008,22,2640.0,1690.24
2026-07-26,P006,R003,C003,20,2400.0,1588.1
2026-07-26,P006,R003,C009,29,3480.0,2297.8
2026-07-26,P006,R004,C010,10,1200.0,804.05
2026-07-26,P006,R004,C004,18,2160.0,1459.49
2026-07-27,P001,R001,C001,35,13300.0,8892.85
2026-07-27,P001,R001,C005,21,7980.0,5271.43
2026-07-27,P001,R002,C002,17,6460.0,4158.93
2026-07-27,P001,R002,C006,4,1520.0,973.76
2026-07-27,P001,R002,C012,20,7600.0,5401.17
2026-07-27,P001,R002,C008,8,3040.0,2082.71
2026-07-27,P001,R003,C009,19,7220.0,4702.04
2026-07-27,P001,R003,C003,12,4560.0,2933.95
2026-07-27,P001,R004,C010,9,3420.0,2282.02
2026-07-27,P001,R004,C004,7,2660.0,1849.96
2026-07-27,P002,R001,C011,228,19380.0,12705.0
2026-07-27,P002,R001,C007,128,10880.0,6856.45
2026-07-27,P002,R002,C012,196,16660.0,9964.54
2026-07-27,P002,R002,C006,61,5185.0,3169.96
2026-07-27,P002,R002,C008,96,8160.0,5327.9
2026-07-27,P002,R003,C003,68,5780.0,3677.71
2026-07-27,P002,R003,C009,133,11305.0,7279.2
2026-07-27,P002,R004,C004,36,3060.0,1873.49
2026-07-27,P002,R004,C010,42,3570.0,2236.35
2026-07-27,P003,R001,C001,18,11160.0,8149.55
2026-07-27,P003,R001,C011,15,9300.0,6186.53
2026-07-27,P003,R002,C012,9,5580.0,3806.07
2026-07-27,P003,R002,C002,10,6200.0,4117.11
2026-07-27,P003,R002,C008,5,3100.0,2283.53
2026-07-27,P003,R003,C009,7,4340.0,2877.55
2026-07-27,P003,R003,C003,6,3720.0,2698.91
2026-07-27,P003,R004,C010,3,1860.0,1356.24
2026-07-27,P003,R004,C004,3,1860.0,1349.87
2026-07-27,P004,R001,C007,30,7200.0,4498.42
2026-07-27,P004,R001,C011,47,11280.0,7384.5
2026-07-27,P004,R002,C002,26,6240.0,4281.04
2026-07-27,P004,R002,C008,21,5040.0,3416.29
2026-07-27,P004,R002,C006,9,2160.0,1331.42
2026-07-27,P004,R003,C003,15,3600.0,2452.65
2026-07-27,P004,R003,C009,17,4080.0,2489.44
2026-07-27,P004,R004,C004,9,2160.0,1403.7
2026-07-27,P004,R004,C010,7,1680.0,1076.3
2026-07-27,P005,R001,C001,90,4050.0,2240.23
2026-07-27,P005,R001,C007,53,2385.0,1457.85
2026-07-27,P005,R001,C005,29,1305.0,715.65
2026-07-27,P005,R001,C011,84,3780.0,2211.06
2026-07-27,P005,R002,C012,71,3195.0,1776.37
2026-07-27,P005,R002,C006,18,810.0,442.35
2026-07-27,P005,R002,C002,73,3285.0,1843.11
2026-07-27,P005,R003,C003,42,1890.0,1114.21
2026-07-27,P005,R003,C009,90,4050.0,2490.62
2026-07-27,P005,R004,C010,22,990.0,535.9
2026-07-27,P005,R004,C004,30,1350.0,836.21
2026-07-27,P006,R001,C011,94,11280.0,6849.78
2026-07-27,P006,R001,C005,41,4920.0,3262.82
2026-07-27,P006,R002,C002,67,8040.0,4911.59
2026-07-27,P006,R002,C006,23,2760.0,1719.2
2026-07-27,P006,R002,C008,29,3480.0,2277.47
2026-07-27,P006,R003,C009,63,7560.0,4582.11
2026-07-27,P006,R003,C003,36,4320.0,2692.26
2026-07-27,P006,R004,C004,21,2520.0,1591.49
2026-07-27,P006,R004,C010,11,1320.0,841.92
2026-07-28,P001,R001,C011,14,5320.0,3563.44
2026-07-28,P001,R001,C001,22,8360.0,5669.95
2026-07-28,P001,R001,C005,6,2280.0,1625.51
2026-07-28,P001,R001,C007,8,3040.0,2119.9
2026-07-28,P001,R002,C006,5,1900.0,1323.68
2026-07-28,P001,R002,C008,8,3040.0,2111.35
2026-07-28,P001,R002,C002,13,4940.0,3368.16
2026-07-28,P001,R002,C012,15,5700.0,3998.28
2026-07-28,P001,R003,C009,10,3800.0,2613.86
2026-07-28,P001,R003,C003,10,3800.0,2628.33
2026-07-28,P001,R004,C004,8,3040.0,1979.96
2026-07-28,P001,R004,C010,6,2280.0,1561.8
2026-07-28,P002,R001,C011,295,25075.0,14801.37
2026-07-28,P002,R001,C001,306,26010.0,15423.03
2026-07-28,P002,R002,C008,81,6885.0,4281.27
2026-07-28,P002,R002,C012,142,12070.0,7661.34
2026-07-28,P002,R002,C002,132,11220.0,7346.32
2026-07-28,P002,R003,C009,97,8245.0,4788.88
2026-07-28,P002,R003,C003,81,6885.0,4494.93
2026-07-28,P002,R004,C010,39,3315.0,2055.83
2026-07-28,P002,R004,C004,45,3825.0,2223.97
2026-07-28,P003,R001,C005,7,4340.0,2945.59
2026-07-28,P003,R001,C011,16,9920.0,7338.08
2026-07-28,P003,R002,C002,8,4960.0,3612.64
2026-07-28,P003,R002,C006,2,1240.0,911.46
2026-07-28,P003,R002,C008,4,2480.0,1747.68
2026-07-28,P003,R002,C012,9,5580.0,3913.54
2026-07-28,P003,R003,C009,8,4960.0,3387.94
2026-07-28,P003,R003,C003,5,3100.0,2287.3
2026-07-28,P003,R004,C010,3,1860.0,1368.29
2026-07-28,P003,R004,C004,4,2480.0,1694.25
2026-07-28,P004,R001,C005,9,2160.0,1329.94
2026-07-28,P004,R001,C001,36,8640.0,5559.16
2026-07-28,P004,R001,C011,26,6240.0,4063.98
2026-07-28,P004,R002,C008,15,3600.0,2415.28
2026-07-28,P004,R002,C012,33,7920.0,5377.91
2026-07-28,P004,R003,C003,13,3120.0,1915.34
2026-07-28,P004,R003,C009,28,6720.0,4303.49
2026-07-28,P004,R004,C004,15,3600.0,2381.07
2026-07-28,P004,R004,C010,14,3360.0,2075.96
2026-07-28,P005,R001,C005,43,1935.0,1063.49
2026-07-28,P005,R001,C001,113,5085.0,2930.1
2026-07-28,P005,R001,C007,86,3870.0,2273.24
2026-07-28,P005,R002,C006,21,945.0,527.71
2026-07-28,P005,R002,C008,28,1260.0,687.93
2026-07-28,P005,R002,C012,50,2250.0,1286.66
2026-07-28,P005,R002,C002,64,2880.0,1633.84
2026-07-28,P005,R003,C003,42,1890.0,1079.31
2026-07-28,P005,R003,C009,58,2610.0,1554.32
2026-07-28,P005,R004,C004,26,1170.0,663.8
2026-07-28,P005,R004,C010,29,1305.0,743.59
2026-07-28,P006,R001,C007,47,5640.0,3412.12
2026-07-28,P006,R001,C011,73,8760.0,5537.3
2026-07-28,P006,R002,C008,42,5040.0,3166.21
2026-07-28,P006,R002,C002,48,5760.0,3613.42
2026-07-28,P006,R003,C009,38,4560.0,2906.22
2026-07-28,P006,R003,C003,30,3600.0,2176.46
2026-07-28,P006,R004,C004,16,1920.0,1283.37
2026-07-28,P006,R004,C010,17,2040.0,1371.58
2026-07-29,P001,R001,C011,40,15200.0,10062.65
2026-07-29,P001,R001,C007,15,5700.0,3900.98
2026-07-29,P001,R002,C012,26,9880.0,7100.84
2026-07-29,P001,R002,C002,23,8740.0,5808.8
2026-07-29,P001,R003,C009,14,5320.0,3496.58
2026-07-29,P001,R003,C003,14,5320.0,3533.76
2026-07-29,P001,R004,C010,6,2280.0,1553.74
2026-07-29,P001,R004,C004,9,3420.0,2349.25
2026-07-29,P002,R001,C011,190,16150.0,9691.04
2026-07-29,P002,R001,C001,206,17510.0,10551.31
2026-07-29,P002,R002,C006,32,2720.0,1626.89
2026-07-29,P002,R002,C008,58,4930.0,3040.8
2026-07-29,P002,R002,C012,99,8415.0,4952.81
2026-07-29,P002,R002,C002,77,6545.0,3885.45
2026-07-29,P002,R003,C009,103,8755.0,5633.34
2026-07-29,P002,R003,C003,74,6290.0,3838.81
2026-07-29,P002,R004,C004,40,3400.0,2110.25
2026-07-29,P002,R004,C010,38,3230.0,2086.83
2026-07-29,P003,R001,C005,3,1860.0,1252.47
2026-07-29,P003,R001,C001,11,6820.0,4679.8
2026-07-29,P003,R001,C011,9,5580.0,4008.17
2026-07-29,P003,R001,C007,4,2480.0,1728.92
2026-07-29,P003,R002,C002,6,3720.0,2595.92
2026-07-29,P003,R002,C008,3,1860.0,1336.1
2026-07-29,P003,R002,C012,5,3100.0,2102.01
2026-07-29,P003,R002,C006,2,1240.0,888.39
2026-07-29,P003,R003,C009,10,6200.0,4198.37
2026-07-29,P003,R003,C003,5,3100.0,2240.77
2026-07-29,P003,R004,C010,3,1860.0,1363.32
2026-07-29,P003,R004,C004,4,2480.0,1657.01
2026-07-29,P004,R001,C007,18,4320.0,2750.56
2026-07-29,P004,R001,C011,38,9120.0,5944.32
2026-07-29,P004,R001,C001,33,7920.0,5025.12
2026-07-29,P004,R002,C006,9,2160.0,1321.04
2026-07-29,P004,R002,C012,28,6720.0,4527.31
2026-07-29,P004,R002,C002,19,4560.0,2924.53
2026-07-29,P004,R002,C008,11,2640.0,1773.28
2026-07-29,P004,R003,C009,20,4800.0,3166.24
2026-07-29,P004,R003,C003,16,3840.0,2380.74
2026-07-29,P004,R004,C004,12,2880.0,1930.78
2026-07-29,P004,R004,C010,10,2400.0,1476.92
2026-07-29,P005,R001,C001,99,4455.0,2497.99
2026-07-29,P005,R001,C005,25,1125.0,635.12
2026-07-29,P005,R001,C007,47,2115.0,1192.4
2026-07-29,P005,R001,C011,71,3195.0,1777.96
2026-07-29,P005,R002,C008,40,1800.0,1103.02
2026-07-29,P005,R002,C006,35,1575.0,946.73
2026-07-29,P005,R002,C002,133,5985.0,3582.01
2026-07-29,P005,R003,C009,54,2430.0,1409.36
2026-07-29,P005,R003,C003,59,2655.0,1484.94
2026-07-29,P005,R004,C004,31,1395.0,841.7
2026-07-29,P005,R004,C010,17,765.0,458.06
2026-07-29,P006,R001,C011,56,6720.0,4185.31
2026-07-29,P006,R001,C007,33,3960.0,2413.51
2026-07-29,P006,R001,C001,60,7200.0,4819.25
2026-07-29,P006,R002,C006,23,2760.0,1834.58
2026-07-29,P006,R002,C002,46,5520.0,3316.46
2026-07-29,P006,R002,C008,32,3840.0,2336.11
2026-07-29,P006,R003,C009,48,5760.0,3680.72
2026-07-29,P006,R003,C003,36,4320.0,2788.69
2026-07-29,P006,R004,C010,11,1320.0,885.28
2026-07-29,P006,R004,C004,23,2760.0,1691.19
2026-07-30,P001,R001,C011,57,21660.0,15409.39
2026-07-30,P001,R001,C005,20,7600.0,5128.68
2026-07-30,P001,R002,C002,16,6080.0,4248.2
2026-07-30,P001,R002,C008,9,3420.0,2252.6
2026-07-30,P001,R002,C012,13,4940.0,3501.46
2026-07-30,P001,R002,C006,5,1900.0,1298.02
2026-07-30,P001,R003,C003,10,3800.0,2496.73
2026-07-30,P001,R003,C009,15,5700.0,3908.41
2026-07-30,P001,R004,C004,10,3800.0,2443.78
2026-07-30,P001,R004,C010,5,1900.0,1301.83
2026-07-30,P002,R001,C005,111,9435.0,5576.45
2026-07-30,P002,R001,C011,364,30940.0,18406.42
2026-07-30,P002,R002,C002,131,11135.0,6606.25
2026-07-30,P002,R002,C008,70,5950.0,3664.35
2026-07-30,P002,R002,C006,35,2975.0,1950.92
2026-07-30,P002,R002,C012,87,7395.0,4738.9
2026-07-30,P002,R003,C009,128,10880.0,6844.74
2026-07-30,P002,R003,C003,115,9775.0,6054.74
2026-07-30,P002,R004,C010,40,3400.0,2179.49
2026-07-30,P002,R004,C004,74,6290.0,3983.74
2026-07-30,P003,R001,C007,4,2480.0,1760.89
2026-07-30,P003,R001,C005,4,2480.0,1778.78
2026-07-30,P003,R001,C011,7,4340.0,2996.47
2026-07-30,P003,R001,C001,13,8060.0,5383.64
2026-07-30,P003,R002,C002,9,5580.0,3822.55
2026-07-30,P003,R002,C006,2,1240.0,905.76
2026-07-30,P003,R002,C008,4,2480.0,1703.07
2026-07-30,P003,R002,C012,7,4340.0,2938.06
2026-07-30,P003,R003,C009,12,7440.0,5070.02
2026-07-30,P003,R003,C003,5,3100.0,2209.69
2026-07-30,P003,R004,C010,2,1240.0,881.51
2026-07-30,P003,R004,C004,4,2480.0,1709.8
2026-07-30,P004,R001,C007,22,5280.0,3312.07
2026-07-30,P004,R001,C005,16,3840.0,2586.36
2026-07-30,P004,R001,C011,32,7680.0,5200.76
2026-07-30,P004,R001,C001,35,8400.0,5485.22
2026-07-30,P004,R002,C006,8,1920.0,1201.87
2026-07-30,P004,R002,C002,32,7680.0,4885.44
2026-07-30,P004,R002,C012,27,6480.0,4132.03
2026-07-30,P004,R003,C003,16,3840.0,2495.24
2026-07-30,P004,R003,C009,19,4560.0,2973.69
2026-07-30,P004,R004,C010,12,2880.0,1783.85
2026-07-30,P004,R004,C004,13,3120.0,2073.36
2026-07-30,P005,R001,C007,63,2835.0,1656.29
2026-07-30,P005,R001,C011,189,8505.0,4881.74
2026-07-30,P005,R002,C002,130,5850.0,3181.57
2026-07-30,P005,R002,C006,43,1935.0,1105.75
2026-07-30,P005,R003,C003,61,2745.0,1632.56
2026-07-30,P005,R003,C009,69,3105.0,1826.54
2026-07-30,P005,R004,C010,38,1710.0,1016.77
2026-07-30,P005,R004,C004,40,1800.0,1101.76
2026-07-30,P006,R001,C011,72,8640.0,5269.28
2026-07-30,P006,R001,C001,48,5760.0,3771.37
2026-07-30,P006,R001,C007,29,3480.0,2100.37
2026-07-30,P006,R002,C006,18,2160.0,1430.24
2026-07-30,P006,R002,C002,44,5280.0,3282.58
2026-07-30,P006,R002,C012,39,4680.0,2847.67
2026-07-30,P006,R003,C003,32,3840.0,2346.53
2026-07-30,P006,R003,C009,34,4080.0,2627.57
2026-07-30,P006,R004,C004,21,2520.0,1707.11
2026-07-30,P006,R004,C010,14,1680.0,1039.38
2026-07-31,P001,R001,C005,7,2660.0,1730.83
2026-07-31,P001,R001,C011,14,5320.0,3424.34
2026-07-31,P001,R001,C001,23,8740.0,5767.86
2026-07-31,P001,R001,C007,7,2660.0,1896.39
2026-07-31,P001,R002,C002,21,7980.0,5288.96
2026-07-31,P001,R002,C008,12,4560.0,3204.44
2026-07-31,P001,R003,C003,14,5320.0,3751.0
2026-07-31,P001,R003,C009,17,6460.0,4153.42
2026-07-31,P001,R004,C010,7,2660.0,1889.78
2026-07-31,P001,R004,C004,9,3420.0,2403.24
2026-07-31,P002,R001,C001,190,16150.0,9483.82
2026-07-31,P002,R001,C007,119,10115.0,5955.72
2026-07-31,P002,R002,C012,142,12070.0,7306.78
2026-07-31,P002,R002,C002,133,11305.0,6572.09
2026-07-31,P002,R002,C006,44,3740.0,2271.17
2026-07-31,P002,R003,C009,168,14280.0,9173.42
2026-07-31,P002,R003,C003,106,9010.0,5699.78
2026-07-31,P002,R004,C010,47,3995.0,2560.37
2026-07-31,P002,R004,C004,55,4675.0,2837.43
2026-07-31,P003,R001,C011,14,8680.0,6221.51
2026-07-31,P003,R001,C005,5,3100.0,2225.93
2026-07-31,P003,R001,C001,9,5580.0,3843.61
2026-07-31,P003,R001,C007,5,3100.0,2071.64
2026-07-31,P003,R002,C002,11,6820.0,4828.21
2026-07-31,P003,R002,C006,4,2480.0,1757.61
2026-07-31,P003,R003,C009,11,6820.0,4876.17
2026-07-31,P003,R003,C003,7,4340.0,3201.3
2026-07-31,P003,R004,C004,3,1860.0,1336.3
2026-07-31,P003,R004,C010,2,1240.0,908.76
2026-07-31,P004,R001,C001,26,6240.0,4106.53
2026-07-31,P004,R001,C005,10,2400.0,1539.52
2026-07-31,P004,R001,C007,16,3840.0,2416.06
2026-07-31,P004,R001,C011,41,9840.0,6654.41
2026-07-31,P004,R002,C012,43,10320.0,6363.75
2026-07-31,P004,R002,C006,12,2880.0,1926.18
2026-07-31,P004,R003,C009,29,6960.0,4329.73
2026-07-31,P004,R003,C003,13,3120.0,1986.96
2026-07-31,P004,R004,C010,10,2400.0,1526.45
2026-07-31,P004,R004,C004,12,2880.0,1919.35
2026-07-31,P005,R001,C005,34,1530.0,841.94
2026-07-31,P005,R001,C001,57,2565.0,1582.27
2026-07-31,P005,R001,C011,62,2790.0,1652.96
2026-07-31,P005,R001,C007,42,1890.0,1113.04
2026-07-31,P005,R002,C012,62,2790.0,1619.86
2026-07-31,P005,R002,C008,29,1305.0,802.9
2026-07-31,P005,R002,C002,60,2700.0,1581.04
2026-07-31,P005,R002,C006,21,945.0,573.53
2026-07-31,P005,R003,C003,42,1890.0,1051.98
2026-07-31,P005,R003,C009,44,1980.0,1091.8
2026-07-31,P005,R004,C010,32,1440.0,828.85
2026-07-31,P005,R004,C004,33,1485.0,893.2
2026-07-31,P006,R001,C011,56,6720.0,4055.47
2026-07-31,P006,R001,C007,22,2640.0,1705.54
2026-07-31,P006,R001,C005,22,2640.0,1612.05
2026-07-31,P006,R001,C001,55,6600.0,4414.75
2026-07-31,P006,R002,C006,14,1680.0,1114.02
2026-07-31,P006,R002,C002,31,3720.0,2455.0
2026-07-31,P006,R002,C008,19,2280.0,1502.79
2026-07-31,P006,R002,C012,43,5160.0,3268.73
2026-07-31,P006,R003,C003,32,3840.0,2575.55
2026-07-31,P006,R003,C009,42,5040.0,3314.62
2026-07-31,P006,R004,C004,19,2280.0,1432.56
2026-07-31,P006,R004,C010,20,2400.0,1545.49
2026-08-01,P001,R001,C001,31,11780.0,7785.8
2026-08-01,P001,R001,C005,8,3040.0,1967.84
2026-08-01,P001,R002,C012,14,5320.0,3541.41
2026-08-01,P001,R002,C002,13,4940.0,3429.04
2026-08-01,P001,R002,C008,4,1520.0,1013.98
2026-08-01,P001,R003,C009,14,5320.0,3747.18
2026-08-01,P001,R003,C003,8,3040.0,2152.32
2026-08-01,P001,R004,C010,3,1140.0,789.28
2026-08-01,P001,R004,C004,4,1520.0,1074.96
2026-08-01,P002,R001,C001,96,8160.0,5109.21
2026-08-01,P002,R001,C011,127,10795.0,7018.49
2026-08-01,P002,R001,C007,63,5355.0,3451.6
2026-08-01,P002,R002,C008,30,2550.0,1502.8
2026-08-01,P002,R002,C002,59,5015.0,3036.18
2026-08-01,P002,R002,C012,50,4250.0,2776.81
2026-08-01,P002,R002,C006,14,1190.0,734.99
2026-08-01,P002,R003,C009,84,7140.0,4220.39
2026-08-01,P002,R003,C003,38,3230.0,2062.88
2026-08-01,P002,R004,C004,31,2635.0,1647.25
2026-08-01,P002,R004,C010,39,3315.0,2022.43
2026-08-01,P003,R001,C005,2,1240.0,911.6
2026-08-01,P003,R001,C001,8,4960.0,3479.57
2026-08-01,P003,R001,C007,4,2480.0,1775.1
2026-08-01,P003,R001,C011,8,4960.0,3448.13
2026-08-01,P003,R002,C006,2,1240.0,876.16
2026-08-01,P003,R002,C002,6,3720.0,2575.13
2026-08-01,P003,R002,C012,5,3100.0,2204.5
2026-08-01,P003,R003,C009,6,3720.0,2610.78
2026-08-01,P003,R003,C003,4,2480.0,1799.67
2026-08-01,P003,R004,C010,2,1240.0,847.61
2026-08-01,P003,R004,C004,2,1240.0,905.23
2026-08-01,P004,R001,C001,13,3120.0,2039.5
2026-08-01,P004,R001,C011,16,3840.0,2644.74
2026-08-01,P004,R001,C007,9,2160.0,1471.87
2026-08-01,P004,R001,C005,6,1440.0,975.32
2026-08-01,P004,R002,C008,13,3120.0,1999.67
2026-08-01,P004,R002,C012,18,4320.0,2809.61
2026-08-01,P004,R003,C009,20,4800.0,3165.55
2026-08-01,P004,R003,C003,12,2880.0,1833.85
2026-08-01,P004,R004,C010,7,1680.0,1119.47
2026-08-01,P004,R004,C004,9,2160.0,1447.22
2026-08-01,P005,R001,C005,20,900.0,520.12
2026-08-01,P005,R001,C001,58,2610.0,1517.05
2026-08-01,P005,R001,C011,47,2115.0,1256.9
2026-08-01,P005,R001,C007,29,1305.0,743.12
2026-08-01,P005,R002,C006,19,855.0,497.19
2026-08-01,P005,R002,C008,23,1035.0,581.74
2026-08-01,P005,R002,C002,39,1755.0,1067.8
2026-08-01,P005,R003,C009,28,1260.0,772.35
2026-08-01,P005,R003,C003,31,1395.0,813.72
2026-08-01,P005,R004,C004,15,675.0,412.73
2026-08-01,P005,R004,C010,17,765.0,434.38
2026-08-01,P006,R001,C011,63,7560.0,4718.76
2026-08-01,P006,R001,C005,22,2640.0,1586.11
2026-08-01,P006,R002,C006,8,960.0,581.89
2026-08-01,P006,R002,C002,21,2520.0,1588.84
2026-08-01,P006,R002,C008,11,1320.0,813.08
2026-08-01,P006,R002,C012,25,3000.0,1809.17
2026-08-01,P006,R003,C003,16,1920.0,1211.14
2026-08-01,P006,R003,C009,30,3600.0,2283.53
2026-08-01,P006,R004,C010,15,1800.0,1176.76
2026-08-01,P006,R004,C004,16,1920.0,1237.23
2026-08-02,P001,R001,C007,7,2660.0,1886.96
2026-08-02,P001,R001,C011,11,4180.0,2711.52
2026-08-02,P001,R001,C001,10,3800.0,2620.5
2026-08-02,P001,R002,C008,4,1520.0,1050.24
2026-08-02,P001,R002,C002,8,3040.0,2095.49
2026-08-02,P001,R002,C006,3,1140.0,767.22
2026-08-02,P001,R002,C012,7,2660.0,1826.13
2026-08-02,P001,R003,C003,6,2280.0,1545.89
2026-08-02,P001,R003,C009,10,3800.0,2542.95
2026-08-02,P001,R004,C010,4,1520.0,1015.38
2026-08-02,P001,R004,C004,4,1520.0,1063.16
2026-08-02,P002,R001,C011,162,13770.0,8241.16
2026-08-02,P002,R001,C007,52,4420.0,2851.11
2026-08-02,P002,R001,C005,49,4165.0,2662.54
2026-08-02,P002,R002,C006,21,1785.0,1140.24
2026-08-02,P002,R002,C002,101,8585.0,5558.0
2026-08-02,P002,R002,C012,78,6630.0,4147.59
2026-08-02,P002,R003,C003,41,3485.0,2242.32
2026-08-02,P002,R003,C009,64,5440.0,3448.39
2026-08-02,P002,R004,C004,23,1955.0,1175.89
2026-08-02,P002,R004,C010,18,1530.0,1003.69
2026-08-02,P003,R001,C007,3,1860.0,1243.18
2026-08-02,P003,R001,C001,7,4340.0,3078.22
2026-08-02,P003,R001,C005,2,1240.0,845.65
2026-08-02,P003,R001,C011,5,3100.0,2146.98
2026-08-02,P003,R002,C002,5,3100.0,2183.96
2026-08-02,P003,R002,C012,7,4340.0,3137.2
2026-08-02,P003,R002,C006,2,1240.0,856.47
2026-08-02,P003,R003,C003,3,1860.0,1289.0
2026-08-02,P003,R003,C009,4,2480.0,1729.1
2026-08-02,P003,R004,C004,2,1240.0,891.6
2026-08-02,P003,R004,C010,3,1860.0,1243.58
2026-08-02,P004,R001,C011,28,6720.0,4470.42
2026-08-02,P004,R001,C001,32,7680.0,4842.91
2026-08-02,P004,R002,C002,19,4560.0,2861.32
2026-08-02,P004,R002,C006,5,1200.0,794.66
2026-08-02,P004,R002,C008,6,1440.0,912.08
2026-08-02,P004,R002,C012,16,3840.0,2549.93
2026-08-02,P004,R003,C009,22,5280.0,3246.13
2026-08-02,P004,R003,C003,13,3120.0,1972.72
2026-08-02,P004,R004,C004,11,2640.0,1684.98
2026-08-02,P004,R004,C010,7,1680.0,1125.56
2026-08-02,P005,R001,C011,68,3060.0,1822.16
2026-08-02,P005,R001,C001,55,2475.0,1503.56
2026-08-02,P005,R001,C005,27,1215.0,664.29
2026-08-02,P005,R002,C006,23,1035.0,578.33
2026-08-02,P005,R002,C002,95,4275.0,2359.16
2026-08-02,P005,R003,C003,38,1710.0,939.46
2026-08-02,P005,R003,C009,55,2475.0,1344.93
2026-08-02,P005,R004,C004,21,945.0,556.86
2026-08-02,P005,R004,C010,17,765.0,413.34
2026-08-02,P006,R001,C005,28,3360.0,2258.41
2026-08-02,P006,R001,C011,83,9960.0,6083.83
2026-08-02,P006,R002,C008,9,1080.0,668.05
2026-08-02,P006,R002,C006,6,720.0,466.09
2026-08-02,P006,R002,C012,23,2760.0,1799.81
2026-08-02,P006,R002,C002,17,2040.0,1303.57
2026-08-02,P006,R003,C009,22,2640.0,1743.44
2026-08-02,P006,R003,C003,14,1680.0,1103.06
2026-08-02,P006,R004,C004,14,1680.0,1069.06
2026-08-02,P006,R004,C010,11,1320.0,878.65
2026-08-03,P001,R001,C001,29,11020.0,7552.51
2026-08-03,P001,R001,C011,32,12160.0,7839.66
2026-08-03,P001,R002,C002,14,5320.0,3581.09
2026-08-03,P001,R002,C012,15,5700.0,3798.53
2026-08-03,P001,R002,C008,5,1900.0,1332.31
2026-08-03,P001,R002,C006,5,1900.0,1318.4
2026-08-03,P001,R003,C003,17,6460.0,4346.26
2026-08-03,P001,R003,C009,15,5700.0,3653.02
2026-08-03,P001,R004,C004,9,3420.0,2314.2
2026-08-03,P001,R004,C010,7,2660.0,1775.88
2026-08-03,P002,R001,C011,404,34340.0,21668.81
2026-08-03,P002,R001,C007,194,16490.0,10007.63
2026-08-03,P002,R002,C008,54,4590.0,2999.93
2026-08-03,P002,R002,C002,95,8075.0,5244.09
2026-08-03,P002,R002,C012,92,7820.0,4603.19
2026-08-03,P002,R002,C006,34,2890.0,1796.61
2026-08-03,P002,R003,C009,108,9180.0,6055.83
2026-08-03,P002,R003,C003,87,7395.0,4585.64
2026-08-03,P002,R004,C004,57,4845.0,2976.42
2026-08-03,P002,R004,C010,44,3740.0,2391.34
2026-08-03,P003,R001,C001,9,5580.0,3912.44
2026-08-03,P003,R001,C007,5,3100.0,2215.02
2026-08-03,P003,R001,C005,4,2480.0,1705.2
2026-08-03,P003,R001,C011,10,6200.0,4204.05
2026-08-03,P003,R002,C006,2,1240.0,830.2
2026-08-03,P003,R002,C002,5,3100.0,2159.12
2026-08-03,P003,R002,C012,8,4960.0,3398.13
2026-08-03,P003,R002,C008,4,2480.0,1761.55
2026-08-03,P003,R003,C003,8,4960.0,3499.9
2026-08-03,P003,R003,C009,11,6820.0,4888.1
2026-08-03,P003,R004,C004,5,3100.0,2138.48
2026-08-03,P003,R004,C010,4,2480.0,1718.58
2026-08-03,P004,R001,C011,31,7440.0,4928.5
2026-08-03,P004,R001,C001,43,10320.0,6739.88
2026-08-03,P004,R002,C012,31,7440.0,4792.89
2026-08-03,P004,R002,C006,13,3120.0,1930.28
2026-08-03,P004,R002,C008,18,4320.0,2884.04
2026-08-03,P004,R003,C003,16,3840.0,2533.05
2026-08-03,P004,R003,C009,27,6480.0,4190.94
2026-08-03,P004,R004,C010,10,2400.0,1575.21
2026-08-03,P004,R004,C004,7,1680.0,1135.01
2026-08-03,P005,R001,C005,22,990.0,599.98
2026-08-03,P005,R001,C007,44,1980.0,1158.18
2026-08-03,P005,R001,C001,69,3105.0,1704.26
2026-08-03,P005,R001,C011,69,3105.0,1842.77
2026-08-03,P005,R002,C006,41,1845.0,1045.29
2026-08-03,P005,R002,C012,120,5400.0,3139.17
2026-08-03,P005,R003,C009,63,2835.0,1710.28
2026-08-03,P005,R003,C003,33,1485.0,914.76
2026-08-03,P005,R004,C004,34,1530.0,934.7
2026-08-03,P005,R004,C010,32,1440.0,877.71
2026-08-03,P006,R001,C005,22,2640.0,1785.57
2026-08-03,P006,R001,C007,22,2640.0,1588.5
2026-08-03,P006,R001,C001,68,8160.0,5356.95
2026-08-03,P006,R001,C011,69,8280.0,5617.64
2026-08-03,P006,R002,C008,18,2160.0,1298.29
2026-08-03,P006,R002,C012,35,4200.0,2828.75
2026-08-03,P006,R002,C006,13,1560.0,953.42
2026-08-03,P006,R002,C002,34,4080.0,2479.84
2026-08-03,P006,R003,C009,44,5280.0,3393.97
2026-08-03,P006,R003,C003,29,3480.0,2205.99
2026-08-03,P006,R004,C010,15,1800.0,1202.31
2026-08-03,P006,R004,C004,20,2400.0,1497.11
2026-08-04,P001,R001,C007,18,6840.0,4692.99
2026-08-04,P001,R001,C011,35,13300.0,9002.29
2026-08-04,P001,R002,C002,22,8360.0,5619.47
2026-08-04,P001,R002,C012,20,7600.0,4913.19
2026-08-04,P001,R003,C009,18,6840.0,4597.0
2026-08-04,P001,R003,C003,7,2660.0,1816.01
2026-08-04,P001,R004,C004,7,2660.0,1777.7
2026-08-04,P001,R004,C010,6,2280.0,1616.6
2026-08-04,P002,R001,C007,57,4845.0,2930.31
2026-08-04,P002,R001,C011,186,15810.0,9530.49
2026-08-04,P002,R001,C001,201,17085.0,10830.7
2026-08-04,P002,R002,C002,126,10710.0,6217.1
2026-08-04,P002,R002,C012,119,10115.0,6557.66
2026-08-04,P002,R002,C006,29,2465.0,1438.47
2026-08-04,P002,R002,C008,64,5440.0,3543.95
2026-08-04,P002,R003,C009,131,11135.0,7024.96
2026-08-04,P002,R003,C003,70,5950.0,3459.97
2026-08-04,P002,R004,C004,55,4675.0,2769.08
2026-08-04,P002,R004,C010,44,3740.0,2464.06
2026-08-04,P003,R001,C005,8,4960.0,3600.2
2026-08-04,P003,R001,C001,23,14260.0,10517.76
2026-08-04,P003,R002,C006,3,1860.0,1250.95
2026-08-04,P003,R002,C002,10,6200.0,4111.86
2026-08-04,P003,R002,C012,7,4340.0,3197.82
2026-08-04,P003,R003,C009,8,4960.0,3658.28
2026-08-04,P003,R003,C003,4,2480.0,1652.84
2026-08-04,P003,R004,C004,6,3720.0,2471.01
2026-08-04,P003,R004,C010,3,1860.0,1284.0
2026-08-04,P004,R001,C007,22,5280.0,3493.34
2026-08-04,P004,R001,C005,11,2640.0,1774.59
2026-08-04,P004,R001,C001,53,12720.0,7940.93
2026-08-04,P004,R002,C012,45,10800.0,6812.64
2026-08-04,P004,R002,C002,40,9600.0,6514.79
2026-08-04,P004,R003,C009,16,3840.0,2502.37
2026-08-04,P004,R003,C003,14,3360.0,2236.5
2026-08-04,P004,R004,C004,12,2880.0,1827.98
2026-08-04,P004,R004,C010,9,2160.0,1331.09
2026-08-04,P005,R001,C005,37,1665.0,985.47
2026-08-04,P005,R001,C001,80,3600.0,1960.31
2026-08-04,P005,R001,C011,88,3960.0,2448.02
2026-08-04,P005,R001,C007,48,2160.0,1185.69
2026-08-04,P005,R002,C006,15,675.0,369.05
2026-08-04,P005,R002,C002,47,2115.0,1273.1
2026-08-04,P005,R002,C008,31,1395.0,770.71
2026-08-04,P005,R002,C012,57,2565.0,1577.97
2026-08-04,P005,R003,C009,63,2835.0,1536.99
2026-08-04,P005,R003,C003,52,2340.0,1284.13
2026-08-04,P005,R004,C004,31,1395.0,777.41
2026-08-04,P005,R004,C010,21,945.0,560.21
2026-08-04,P006,R001,C011,60,7200.0,4856.27
2026-08-04,P006,R001,C005,15,1800.0,1085.0
2026-08-04,P006,R001,C001,50,6000.0,3954.57
2026-08-04,P006,R002,C012,47,5640.0,3652.58
2026-08-04,P006,R002,C006,16,1920.0,1215.54
2026-08-04,P006,R002,C008,19,2280.0,1442.01
2026-08-04,P006,R002,C002,48,5760.0,3694.12
2026-08-04,P006,R003,C009,34,4080.0,2487.79
2026-08-04,P006,R003,C003,41,4920.0,3225.84
2026-08-04,P006,R004,C010,15,1800.0,1118.52
2026-08-04,P006,R004,C004,18,2160.0,1446.97
2026-08-05,P001,R001,C011,20,7600.0,5003.51
2026-08-05,P001,R001,C007,12,4560.0,3106.95
2026-08-05,P001,R001,C001,23,8740.0,5844.05
2026-08-05,P001,R001,C005,7,2660.0,1799.14
2026-08-05,P001,R002,C006,3,1140.0,732.87
2026-08-05,P001,R002,C012,10,3800.0,2432.93
2026-08-05,P001,R002,C002,12,4560.0,3013.02
2026-08-05,P001,R002,C008,8,3040.0,1952.18
2026-08-05,P001,R003,C003,13,4940.0,3339.72
2026-08-05,P001,R003,C009,18,6840.0,4522.43
2026-08-05,P001,R004,C010,6,2280.0,1506.87
2026-08-05,P001,R004,C004,9,3420.0,2357.6
2026-08-05,P002,R001,C001,96,8160.0,5324.31
2026-08-05,P002,R001,C011,142,12070.0,7614.08
2026-08-05,P002,R001,C005,35,2975.0,1887.93
2026-08-05,P002,R001,C007,64,5440.0,3294.59
2026-08-05,P002,R002,C012,171,14535.0,8726.07
2026-08-05,P002,R002,C008,84,7140.0,4330.72
2026-08-05,P002,R003,C003,106,9010.0,5435.46
2026-08-05,P002,R003,C009,140,11900.0,7600.96
2026-08-05,P002,R004,C010,44,3740.0,2432.1
2026-08-05,P002,R004,C004,73,6205.0,3725.0
2026-08-05,P003,R001,C001,8,4960.0,3325.87
2026-08-05,P003,R001,C011,7,4340.0,2879.81
2026-08-05,P003,R001,C007,6,3720.0,2751.37
2026-08-05,P003,R001,C005,4,2480.0,1747.32
2026-08-05,P003,R002,C002,9,5580.0,3767.41
2026-08-05,P003,R002,C008,7,4340.0,3127.89
2026-08-05,P003,R003,C009,9,5580.0,3787.31
2026-08-05,P003,R003,C003,7,4340.0,2903.67
2026-08-05,P003,R004,C010,3,1860.0,1295.93
2026-08-05,P003,R004,C004,3,1860.0,1301.27
2026-08-05,P004,R001,C005,20,4800.0,3173.88
2026-08-05,P004,R001,C011,51,12240.0,8116.68
2026-08-05,P004,R001,C007,24,5760.0,3869.62
2026-08-05,P004,R002,C002,43,10320.0,6444.42
2026-08-05,P004,R002,C006,14,3360.0,2083.36
2026-08-05,P004,R003,C003,19,4560.0,2807.31
2026-08-05,P004,R003,C009,30,7200.0,4541.71
2026-08-05,P004,R004,C010,8,1920.0,1321.17
2026-08-05,P004,R004,C004,10,2400.0,1508.26
2026-08-05,P005,R001,C011,159,7155.0,3867.52
2026-08-05,P005,R001,C005,70,3150.0,1941.21
2026-08-05,P005,R002,C012,81,3645.0,2099.83
2026-08-05,P005,R002,C002,73,3285.0,1865.41
2026-08-05,P005,R003,C003,71,3195.0,1771.96
2026-08-05,P005,R003,C009,97,4365.0,2474.77
2026-08-05,P005,R004,C004,24,1080.0,625.68
2026-08-05,P005,R004,C010,18,810.0,451.35
2026-08-05,P006,R001,C001,106,12720.0,7941.15
2026-08-05,P006,R001,C007,30,3600.0,2211.7
2026-08-05,P006,R002,C002,54,6480.0,4033.13
2026-08-05,P006,R002,C008,36,4320.0,2895.07
2026-08-05,P006,R002,C006,15,1800.0,1148.72
2026-08-05,P006,R003,C009,41,4920.0,3095.67
2026-08-05,P006,R003,C003,31,3720.0,2359.24
2026-08-05,P006,R004,C010,11,1320.0,857.66
2026-08-05,P006,R004,C004,11,1320.0,890.43
2026-08-06,P001,R001,C007,18,6840.0,4812.13
2026-08-06,P001,R001,C005,13,4940.0,3341.58
2026-08-06,P001,R001,C011,37,14060.0,9129.19
2026-08-06,P001,R002,C008,11,4180.0,2939.6
2026-08-06,P001,R002,C002,21,7980.0,5425.88
2026-08-06,P001,R003,C003,16,6080.0,4150.88
2026-08-06,P001,R003,C009,24,9120.0,6204.32
2026-08-06,P001,R004,C010,7,2660.0,1779.45
2026-08-06,P001,R004,C004,6,2280.0,1640.37
2026-08-06,P002,R001,C005,64,5440.0,3561.75
2026-08-06,P002,R001,C001,194,16490.0,9713.44
2026-08-06,P002,R001,C011,178,15130.0,9366.01
2026-08-06,P002,R001,C007,94,7990.0,5185.4
2026-08-06,P002,R002,C012,184,15640.0,9933.96
2026-08-06,P002,R002,C008,79,6715.0,3905.34
2026-08-06,P002,R003,C003,56,4760.0,2864.45
2026-08-06,P002,R003,C009,103,8755.0,5431.09
2026-08-06,P002,R004,C004,59,5015.0,3027.51
2026-08-06,P002,R004,C010,46,3910.0,2320.52
2026-08-06,P003,R001,C007,4,2480.0,1659.95
2026-08-06,P003,R001,C001,9,5580.0,3786.63
2026-08-06,P003,R001,C011,11,6820.0,4762.77
2026-08-06,P003,R001,C005,2,1240.0,906.09
2026-08-06,P003,R002,C012,11,6820.0,4916.13
2026-08-06,P003,R002,C008,9,5580.0,3808.6
2026-08-06,P003,R003,C003,5,3100.0,2281.77
2026-08-06,P003,R003,C009,9,5580.0,3762.28
2026-08-06,P003,R004,C004,4,2480.0,1690.63
2026-08-06,P003,R004,C010,2,1240.0,840.58
2026-08-06,P004,R001,C011,44,10560.0,7241.82
2026-08-06,P004,R001,C005,14,3360.0,2278.2
2026-08-06,P004,R001,C001,26,6240.0,3970.71
2026-08-06,P004,R001,C007,19,4560.0,2872.02
2026-08-06,P004,R002,C012,27,6480.0,4282.0
2026-08-06,P004,R002,C002,31,7440.0,5100.6
2026-08-06,P004,R003,C003,22,5280.0,3584.71
2026-08-06,P004,R003,C009,27,6480.0,4183.81
2026-08-06,P004,R004,C004,14,3360.0,2203.62
2026-08-06,P004,R004,C010,9,2160.0,1475.24
2026-08-06,P005,R001,C007,48,2160.0,1169.42
2026-08-06,P005,R001,C005,31,1395.0,791.11
2026-08-06,P005,R001,C001,64,2880.0,1602.95
2026-08-06,P005,R001,C011,78,3510.0,1953.2
2026-08-06,P005,R002,C008,36,1620.0,974.81
2026-08-06,P005,R002,C012,83,3735.0,2122.15
2026-08-06,P005,R002,C002,69,3105.0,1740.61
2026-08-06,P005,R003,C009,47,2115.0,1247.51
2026-08-06,P005,R003,C003,31,1395.0,779.05
2026-08-06,P005,R004,C004,32,1440.0,795.44
2026-08-06,P005,R004,C010,16,720.0,439.56
2026-08-06,P006,R001,C011,45,5400.0,3513.77
2026-08-06,P006,R001,C005,25,3000.0,2012.95
2026-08-06,P006,R001,C001,43,5160.0,3259.91
2026-08-06,P006,R001,C007,32,3840.0,2525.72
2026-08-06,P006,R002,C012,36,4320.0,2634.0
2026-08-06,P006,R002,C008,25,3000.0,1907.76
2026-08-06,P006,R002,C006,13,1560.0,1032.9
2026-08-06,P006,R002,C002,36,4320.0,2795.71
2026-08-06,P006,R003,C003,34,4080.0,2476.77
2026-08-06,P006,R003,C009,32,3840.0,2486.26
2026-08-06,P006,R004,C010,15,1800.0,1088.88
2026-08-06,P006,R004,C004,26,3120.0,2033.34
2026-08-07,P001,R001,C011,44,16720.0,10950.78
2026-08-07,P001,R001,C007,17,6460.0,4199.22
2026-08-07,P001,R001,C005,14,5320.0,3656.12
2026-08-07,P001,R002,C012,46,17480.0,12392.77
2026-08-07,P001,R002,C006,10,3800.0,2730.56
2026-08-07,P001,R003,C009,18,6840.0,4398.87
2026-08-07,P001,R003,C003,8,3040.0,2037.7
2026-08-07,P001,R004,C004,7,2660.0,1768.75
2026-08-07,P001,R004,C010,5,1900.0,1249.12
2026-08-07,P002,R001,C007,108,9180.0,5957.72
2026-08-07,P002,R001,C005,58,4930.0,3081.03
2026-08-07,P002,R001,C001,126,10710.0,6594.07
2026-08-07,P002,R002,C012,127,10795.0,6804.02
2026-08-07,P002,R002,C006,46,3910.0,2346.81
2026-08-07,P002,R002,C002,115,9775.0,6102.81
2026-08-07,P002,R002,C008,43,3655.0,2355.69
2026-08-07,P002,R003,C003,56,4760.0,2815.65
2026-08-07,P002,R003,C009,107,9095.0,5750.69
2026-08-07,P002,R004,C010,49,4165.0,2584.22
2026-08-07,P002,R004,C004,52,4420.0,2730.36
2026-08-07,P003,R001,C001,13,8060.0,5487.24
2026-08-07,P003,R001,C007,9,5580.0,4035.19
2026-08-07,P003,R001,C005,4,2480.0,1713.9
2026-08-07,P003,R002,C008,3,1860.0,1356.11
2026-08-07,P003,R002,C012,8,4960.0,3410.33
2026-08-07,P003,R002,C002,8,4960.0,3302.54
2026-08-07,P003,R003,C003,4,2480.0,1761.88
2026-08-07,P003,R003,C009,6,3720.0,2489.92
2026-08-07,P003,R004,C010,3,1860.0,1303.19
2026-08-07,P003,R004,C004,4,2480.0,1775.74
2026-08-07,P004,R001,C001,69,16560.0,11232.08
2026-08-07,P004,R001,C007,29,6960.0,4707.77
2026-08-07,P004,R002,C008,21,5040.0,3408.48
2026-08-07,P004,R002,C012,47,11280.0,7707.83
2026-08-07,P004,R003,C003,21,5040.0,3200.37
2026-08-07,P004,R003,C009,25,6000.0,3800.54
2026-08-07,P004,R004,C010,8,1920.0,1238.01
2026-08-07,P004,R004,C004,10,2400.0,1630.27
2026-08-07,P005,R001,C011,103,4635.0,2826.17
2026-08-07,P005,R001,C001,134,6030.0,3410.32
2026-08-07,P005,R002,C008,46,2070.0,1267.78
2026-08-07,P005,R002,C012,51,2295.0,1305.05
2026-08-07,P005,R002,C002,81,3645.0,2152.71
2026-08-07,P005,R002,C006,18,810.0,461.56
2026-08-07,P005,R003,C009,110,4950.0,2869.1
2026-08-07,P005,R003,C003,40,1800.0,1024.39
2026-08-07,P005,R004,C010,21,945.0,528.67
2026-08-07,P005,R004,C004,40,1800.0,1100.9
2026-08-07,P006,R001,C007,23,2760.0,1829.37
2026-08-07,P006,R001,C011,60,7200.0,4787.32
2026-08-07,P006,R001,C001,42,5040.0,3045.23
2026-08-07,P006,R001,C005,18,2160.0,1408.74
2026-08-07,P006,R002,C012,40,4800.0,2976.58
2026-08-07,P006,R002,C006,15,1800.0,1145.08
2026-08-07,P006,R002,C002,26,3120.0,2044.53
2026-08-07,P006,R002,C008,22,2640.0,1732.05
2026-08-07,P006,R003,C009,49,5880.0,3587.68
2026-08-07,P006,R003,C003,26,3120.0,1992.95
2026-08-07,P006,R004,C004,14,1680.0,1124.02
2026-08-07,P006,R004,C010,17,2040.0,1242.75
2026-08-08,P001,R001,C005,5,1900.0,1313.47
2026-08-08,P001,R001,C001,12,4560.0,3080.71
2026-08-08,P001,R001,C011,14,5320.0,3723.42
2026-08-08,P001,R002,C008,9,3420.0,2208.85
2026-08-08,P001,R002,C002,15,5700.0,3862.55
2026-08-08,P001,R003,C009,11,4180.0,2737.0
2026-08-08,P001,R003,C003,5,1900.0,1256.21
2026-08-08,P001,R004,C010,3,1140.0,751.78
2026-08-08,P001,R004,C004,6,2280.0,1506.72
2026-08-08,P002,R001,C011,107,9095.0,5881.92
2026-08-08,P002,R001,C001,77,6545.0,3796.3
2026-08-08,P002,R001,C007,62,5270.0,3373.42
2026-08-08,P002,R002,C006,20,1700.0,1092.7
2026-08-08,P002,R002,C002,57,4845.0,2811.65
2026-08-08,P002,R002,C012,63,5355.0,3503.87
2026-08-08,P002,R002,C008,32,2720.0,1677.98
2026-08-08,P002,R003,C003,42,3570.0,2336.92
2026-08-08,P002,R003,C009,98,8330.0,5022.35
2026-08-08,P002,R004,C010,21,1785.0,1066.78
2026-08-08,P002,R004,C004,27,2295.0,1483.93
2026-08-08,P003,R001,C011,8,4960.0,3373.15
2026-08-08,P003,R001,C005,2,1240.0,914.33
2026-08-08,P003,R001,C001,6,3720.0,2608.08
2026-08-08,P003,R001,C007,4,2480.0,1658.4
2026-08-08,P003,R002,C002,7,4340.0,2902.07
2026-08-08,P003,R002,C012,4,2480.0,1801.34
2026-08-08,P003,R002,C008,3,1860.0,1238.04
2026-08-08,P003,R003,C009,7,4340.0,3186.26
2026-08-08,P003,R003,C003,4,2480.0,1801.19
2026-08-08,P003,R004,C004,2,1240.0,903.19
2026-08-08,P003,R004,C010,2,1240.0,882.62
2026-08-08,P004,R001,C001,28,6720.0,4119.54
2026-08-08,P004,R001,C007,14,3360.0,2178.73
2026-08-08,P004,R001,C005,9,2160.0,1447.66
2026-08-08,P004,R002,C012,17,4080.0,2772.21
2026-08-08,P004,R002,C002,20,4800.0,3130.94
2026-08-08,P004,R002,C006,6,1440.0,950.18
2026-08-08,P004,R003,C003,16,3840.0,2466.53
2026-08-08,P004,R003,C009,17,4080.0,2738.49
2026-08-08,P004,R004,C004,8,1920.0,1263.0
2026-08-08,P004,R004,C010,6,1440.0,938.98
2026-08-08,P005,R001,C005,17,765.0,434.11
2026-08-08,P005,R001,C001,79,3555.0,2051.31
2026-08-08,P005,R001,C011,83,3735.0,2098.02
2026-08-08,P005,R002,C012,56,2520.0,1484.66
2026-08-08,P005,R002,C006,27,1215.0,666.3
2026-08-08,P005,R002,C008,27,1215.0,683.12
2026-08-08,P005,R003,C003,30,1350.0,828.01
2026-08-08,P005,R003,C009,40,1800.0,1099.25
2026-08-08,P005,R004,C010,18,810.0,451.21
2026-08-08,P005,R004,C004,26,1170.0,696.69
2026-08-08,P006,R001,C007,40,4800.0,3102.71
2026-08-08,P006,R001,C011,76,9120.0,6008.11
2026-08-08,P006,R002,C008,29,3480.0,2129.71
2026-08-08,P006,R002,C006,21,2520.0,1661.75
2026-08-08,P006,R003,C003,24,2880.0,1766.89
2026-08-08,P006,R003,C009,34,4080.0,2628.82
2026-08-08,P006,R004,C010,10,1200.0,805.43
2026-08-08,P006,R004,C004,13,1560.0,951.77
2026-08-09,P001,R001,C001,30,11400.0,7945.19
2026-08-09,P001,R001,C007,17,6460.0,4188.75
2026-08-09,P001,R002,C002,15,5700.0,3928.47
2026-08-09,P001,R002,C006,6,2280.0,1553.14
2026-08-09,P001,R002,C008,9,3420.0,2452.41
2026-08-09,P001,R003,C003,6,2280.0,1554.0
2026-08-09,P001,R003,C009,13,4940.0,3411.67
2026-08-09,P001,R004,C004,5,1900.0,1339.91
2026-08-09,P001,R004,C010,5,1900.0,1329.02
2026-08-09,P002,R001,C011,134,11390.0,6958.45
2026-08-09,P002,R001,C007,66,5610.0,3357.67
2026-08-09,P002,R002,C006,25,2125.0,1246.65
2026-08-09,P002,R002,C012,47,3995.0,2578.14
2026-08-09,P002,R002,C008,33,2805.0,1790.2
2026-08-09,P002,R002,C002,83,7055.0,4255.64
2026-08-09,P002,R003,C009,61,5185.0,3324.43
2026-08-09,P002,R003,C003,68,5780.0,3715.06
2026-08-09,P002,R004,C010,28,2380.0,1444.38
2026-08-09,P002,R004,C004,43,3655.0,2159.19
2026-08-09,P003,R001,C001,8,4960.0,3286.48
2026-08-09,P003,R001,C007,3,1860.0,1334.25
2026-08-09,P003,R001,C005,2,1240.0,820.48
2026-08-09,P003,R001,C011,9,5580.0,3815.09
2026-08-09,P003,R002,C002,6,3720.0,2621.47
2026-08-09,P003,R002,C012,8,4960.0,3413.06
2026-08-09,P003,R003,C003,4,2480.0,1670.28
2026-08-09,P003,R003,C009,8,4960.0,3369.37
2026-08-09,P003,R004,C010,2,1240.0,899.2
2026-08-09,P003,R004,C004,2,1240.0,822.43
2026-08-09,P004,R001,C001,23,5520.0,3423.47
2026-08-09,P004,R001,C011,28,6720.0,4464.49
2026-08-09,P004,R001,C005,8,1920.0,1173.96
2026-08-09,P004,R001,C007,15,3600.0,2412.08
2026-08-09,P004,R002,C006,6,1440.0,901.22
2026-08-09,P004,R002,C002,22,5280.0,3584.33
2026-08-09,P004,R002,C008,12,2880.0,1946.6
2026-08-09,P004,R003,C003,13,3120.0,2035.03
2026-08-09,P004,R003,C009,25,6000.0,3661.2
2026-08-09,P004,R004,C004,9,2160.0,1393.94
2026-08-09,P004,R004,C010,4,960.0,592.32
2026-08-09,P005,R001,C007,78,3510.0,1906.2
2026-08-09,P005,R001,C001,135,6075.0,3659.24
2026-08-09,P005,R002,C006,22,990.0,544.8
2026-08-09,P005,R002,C002,53,2385.0,1303.84
2026-08-09,P005,R003,C009,33,1485.0,914.96
2026-08-09,P005,R003,C003,37,1665.0,938.83
2026-08-09,P005,R004,C004,18,810.0,467.37
2026-08-09,P005,R004,C010,25,1125.0,656.25
2026-08-09,P006,R001,C007,22,2640.0,1764.59
2026-08-09,P006,R001,C005,21,2520.0,1659.89
2026-08-09,P006,R001,C011,47,5640.0,3670.92
2026-08-09,P006,R002,C006,7,840.0,568.36
2026-08-09,P006,R002,C008,13,1560.0,1008.98
2026-08-09,P006,R002,C002,18,2160.0,1420.88
2026-08-09,P006,R002,C012,23,2760.0,1674.04
2026-08-09,P006,R003,C009,19,2280.0,1444.68
2026-08-09,P006,R003,C003,12,1440.0,916.02
2026-08-09,P006,R004,C010,12,1440.0,939.04
2026-08-09,P006,R004,C004,16,1920.0,1218.22
2026-08-10,P001,R001,C011,28,10640.0,7093.72
2026-08-10,P001,R001,C005,13,4940.0,3201.43
2026-08-10,P001,R002,C006,5,1900.0,1342.59
2026-08-10,P001,R002,C002,18,6840.0,4769.64
2026-08-10,P001,R002,C012,21,7980.0,5472.41
2026-08-10,P001,R003,C003,12,4560.0,2926.44
2026-08-10,P001,R003,C009,19,7220.0,4991.76
2026-08-10,P001,R004,C010,5,1900.0,1255.5
2026-08-10,P001,R004,C004,8,3040.0,2012.06
2026-08-10,P002,R001,C005,51,4335.0,2591.91
2026-08-10,P002,R001,C011,104,8840.0,5458.06
2026-08-10,P002,R001,C001,159,13515.0,8486.39
2026-08-10,P002,R002,C002,129,10965.0,6767.9
2026-08-10,P002,R002,C008,55,4675.0,2794.9
2026-08-10,P002,R002,C006,40,3400.0,2170.64
2026-08-10,P002,R002,C012,136,11560.0,6966.59
2026-08-10,P002,R003,C003,104,8840.0,5759.9
2026-08-10,P002,R003,C009,93,7905.0,5093.58
2026-08-10,P002,R004,C004,53,4505.0,2813.33
2026-08-10,P002,R004,C010,36,3060.0,1777.28
2026-08-10,P003,R001,C007,4,2480.0,1720.95
2026-08-10,P003,R001,C005,4,2480.0,1693.96
2026-08-10,P003,R001,C011,12,7440.0,4944.02
2026-08-10,P003,R001,C001,12,7440.0,5401.73
2026-08-10,P003,R002,C008,10,6200.0,4248.97
2026-08-10,P003,R002,C002,12,7440.0,5345.86
2026-08-10,P003,R003,C009,10,6200.0,4458.64
2026-08-10,P003,R003,C003,8,4960.0,3466.62
2026-08-10,P003,R004,C010,3,1860.0,1310.24
2026-08-10,P003,R004,C004,3,1860.0,1353.93
2026-08-10,P004,R001,C007,38,9120.0,5631.18
2026-08-10,P004,R001,C011,70,16800.0,11111.77
2026-08-10,P004,R002,C012,23,5520.0,3541.49
2026-08-10,P004,R002,C002,29,6960.0,4737.77
2026-08-10,P004,R002,C006,9,2160.0,1403.28
2026-08-10,P004,R003,C009,28,6720.0,4139.83
2026-08-10,P004,R003,C003,16,3840.0,2401.19
2026-08-10,P004,R004,C010,11,2640.0,1778.84
2026-08-10,P004,R004,C004,13,3120.0,1925.45
2026-08-10,P005,R001,C001,144,6480.0,3700.31
2026-08-10,P005,R001,C005,47,2115.0,1146.5
2026-08-10,P005,R001,C011,120,5400.0,3189.21
2026-08-10,P005,R002,C008,51,2295.0,1299.43
2026-08-10,P005,R002,C002,69,3105.0,1814.9
2026-08-10,P005,R003,C003,55,2475.0,1473.15
2026-08-10,P005,R003,C009,82,3690.0,2107.73
2026-08-10,P005,R004,C004,33,1485.0,877.49
2026-08-10,P005,R004,C010,18,810.0,475.19
2026-08-10,P006,R001,C001,52,6240.0,4045.37
2026-08-10,P006,R001,C007,31,3720.0,2310.75
2026-08-10,P006,R001,C011,56,6720.0,4163.5
2026-08-10,P006,R001,C005,14,1680.0,1133.65
2026-08-10,P006,R002,C008,33,3960.0,2474.01
2026-08-10,P006,R002,C002,66,7920.0,5040.04
2026-08-10,P006,R002,C006,23,2760.0,1681.07
2026-08-10,P006,R003,C009,30,3600.0,2335.48
2026-08-10,P006,R003,C003,27,3240.0,2060.44
2026-08-10,P006,R004,C004,14,1680.0,1018.47
2026-08-10,P006,R004,C010,16,1920.0,1209.17
2026-08-11,P001,R001,C007,28,10640.0,7555.49
2026-08-11,P001,R001,C011,45,17100.0,12138.11
2026-08-11,P001,R002,C008,11,4180.0,2723.94
2026-08-11,P001,R002,C012,26,9880.0,6456.77
2026-08-11,P001,R003,C003,13,4940.0,3310.45
2026-08-11,P001,R003,C009,15,5700.0,3735.19
2026-08-11,P001,R004,C004,6,2280.0,1459.95
2026-08-11,P001,R004,C010,7,2660.0,1814.36
2026-08-11,P002,R001,C011,148,12580.0,7669.96
2026-08-11,P002,R001,C005,39,3315.0,2040.23
2026-08-11,P002,R001,C001,107,9095.0,5833.86
2026-08-11,P002,R001,C007,74,6290.0,3759.31
2026-08-11,P002,R002,C002,94,7990.0,5209.97
2026-08-11,P002,R002,C012,123,10455.0,6613.54
2026-08-11,P002,R002,C006,26,2210.0,1445.09
2026-08-11,P002,R003,C009,90,7650.0,4988.0
2026-08-11,P002,R003,C003,82,6970.0,4200.96
2026-08-11,P002,R004,C010,34,2890.0,1783.57
2026-08-11,P002,R004,C004,60,5100.0,2961.25
2026-08-11,P003,R001,C001,12,7440.0,5260.3
2026-08-11,P003,R001,C007,5,3100.0,2119.91
2026-08-11,P003,R001,C011,12,7440.0,5337.0
2026-08-11,P003,R002,C002,7,4340.0,2913.73
2026-08-11,P003,R002,C012,11,6820.0,4607.2
2026-08-11,P003,R003,C009,7,4340.0,3170.65
2026-08-11,P003,R003,C003,6,3720.0,2693.11
2026-08-11,P003,R004,C004,3,1860.0,1336.3
2026-08-11,P003,R004,C010,4,2480.0,1689.96
2026-08-11,P004,R001,C001,37,8880.0,5929.51
2026-08-11,P004,R001,C007,13,3120.0,1966.13
2026-08-11,P004,R001,C005,13,3120.0,1935.81
2026-08-11,P004,R001,C011,28,6720.0,4555.53
2026-08-11,P004,R002,C002,32,7680.0,5259.47
2026-08-11,P004,R002,C008,16,3840.0,2598.27
2026-08-11,P004,R003,C009,30,7200.0,4726.47
2026-08-11,P004,R003,C003,16,3840.0,2452.02
2026-08-11,P004,R004,C010,11,2640.0,1817.52
2026-08-11,P004,R004,C004,14,3360.0,2053.11
2026-08-11,P005,R001,C001,142,6390.0,3478.7
2026-08-11,P005,R001,C007,106,4770.0,2636.64
2026-08-11,P005,R002,C002,119,5355.0,3070.85
2026-08-11,P005,R002,C012,122,5490.0,3131.73
2026-08-11,P005,R003,C009,58,2610.0,1444.59
2026-08-11,P005,R003,C003,49,2205.0,1224.5
2026-08-11,P005,R004,C004,44,1980.0,1165.82
2026-08-11,P005,R004,C010,25,1125.0,628.99
2026-08-11,P006,R001,C001,59,7080.0,4343.48
2026-08-11,P006,R001,C011,67,8040.0,5100.33
2026-08-11,P006,R001,C007,32,3840.0,2517.76
2026-08-11,P006,R002,C008,37,4440.0,2955.65
2026-08-11,P006,R002,C002,56,6720.0,4498.6
2026-08-11,P006,R003,C009,34,4080.0,2660.56
2026-08-11,P006,R003,C003,18,2160.0,1316.62
2026-08-11,P006,R004,C010,12,1440.0,914.34
2026-08-11,P006,R004,C004,26,3120.0,1886.02
2026-08-12,P001,R001,C001,39,14820.0,10070.58
2026-08-12,P001,R001,C005,9,3420.0,2269.06
2026-08-12,P001,R002,C012,14,5320.0,3506.15
2026-08-12,P001,R002,C006,4,1520.0,1044.9
2026-08-12,P001,R002,C002,10,3800.0,2569.26
2026-08-12,P001,R002,C008,7,2660.0,1719.89
2026-08-12,P001,R003,C003,10,3800.0,2604.19
2026-08-12,P001,R003,C009,12,4560.0,3049.11
2026-08-12,P001,R004,C004,6,2280.0,1625.05
2026-08-12,P001,R004,C010,5,1900.0,1254.54
2026-08-12,P002,R001,C011,179,15215.0,9395.96
2026-08-12,P002,R001,C005,71,6035.0,3873.14
2026-08-12,P002,R001,C001,194,16490.0,10802.21
2026-08-12,P002,R002,C002,119,10115.0,6663.2
2026-08-12,P002,R002,C012,159,13515.0,7989.26
2026-08-12,P002,R002,C006,40,3400.0,2036.69
2026-08-12,P002,R003,C009,72,6120.0,3891.71
2026-08-12,P002,R003,C003,71,6035.0,3822.05
2026-08-12,P002,R004,C010,36,3060.0,1819.3
2026-08-12,P002,R004,C004,56,4760.0,3085.22
2026-08-12,P003,R001,C001,9,5580.0,3956.78
2026-08-12,P003,R001,C005,4,2480.0,1825.07
2026-08-12,P003,R001,C011,12,7440.0,4973.07
2026-08-12,P003,R001,C007,8,4960.0,3652.0
2026-08-12,P003,R002,C002,6,3720.0,2505.92
2026-08-12,P003,R002,C006,2,1240.0,837.7
2026-08-12,P003,R002,C012,9,5580.0,4020.38
2026-08-12,P003,R002,C008,3,1860.0,1243.25
2026-08-12,P003,R003,C009,8,4960.0,3309.84
2026-08-12,P003,R003,C003,4,2480.0,1644.28
2026-08-12,P003,R004,C004,5,3100.0,2140.57
2026-08-12,P003,R004,C010,4,2480.0,1664.68
2026-08-12,P004,R001,C005,31,7440.0,4688.02
2026-08-12,P004,R001,C001,69,16560.0,10166.93
2026-08-12,P004,R002,C012,27,6480.0,4058.21
2026-08-12,P004,R002,C002,19,4560.0,2839.04
2026-08-12,P004,R002,C006,7,1680.0,1042.45
2026-08-12,P004,R003,C003,15,3600.0,2275.32
2026-08-12,P004,R003,C009,27,6480.0,4388.25
2026-08-12,P004,R004,C010,9,2160.0,1458.44
2026-08-12,P004,R004,C004,14,3360.0,2159.81
2026-08-12,P005,R001,C005,50,2250.0,1302.01
2026-08-12,P005,R001,C001,123,5535.0,3097.52
2026-08-12,P005,R001,C007,85,3825.0,2199.34
2026-08-12,P005,R002,C002,71,3195.0,1730.31
2026-08-12,P005,R002,C012,55,2475.0,1410.15
2026-08-12,P005,R002,C008,31,1395.0,769.53
2026-08-12,P005,R003,C003,49,2205.0,1252.63
2026-08-12,P005,R003,C009,58,2610.0,1426.36
2026-08-12,P005,R004,C004,38,1710.0,950.31
2026-08-12,P005,R004,C010,30,1350.0,800.87
2026-08-12,P006,R001,C005,42,5040.0,3089.71
2026-08-12,P006,R001,C011,145,17400.0,10969.54
2026-08-12,P006,R002,C012,31,3720.0,2390.15
2026-08-12,P006,R002,C008,24,2880.0,1884.89
2026-08-12,P006,R002,C002,32,3840.0,2543.7
2026-08-12,P006,R003,C009,48,5760.0,3552.18
2026-08-12,P006,R003,C003,31,3720.0,2448.57
2026-08-12,P006,R004,C004,19,2280.0,1516.15
2026-08-12,P006,R004,C010,20,2400.0,1527.13
2026-08-13,P001,R001,C001,32,12160.0,8352.69
2026-08-13,P001,R001,C005,11,4180.0,2935.81
2026-08-13,P001,R002,C008,8,3040.0,2179.74
2026-08-13,P001,R002,C002,12,4560.0,3003.75
2026-08-13,P001,R002,C012,10,3800.0,2624.36
2026-08-13,P001,R002,C006,4,1520.0,1030.47
2026-08-13,P001,R003,C003,12,4560.0,3198.49
2026-08-13,P001,R003,C009,18,6840.0,4694.52
2026-08-13,P001,R004,C004,10,3800.0,2704.78
2026-08-13,P001,R004,C010,6,2280.0,1630.59
2026-08-13,P002,R001,C007,130,11050.0,6580.46
2026-08-13,P002,R001,C011,188,15980.0,10230.48
2026-08-13,P002,R002,C002,120,10200.0,5994.12
2026-08-13,P002,R002,C008,62,5270.0,3071.16
2026-08-13,P002,R003,C009,71,6035.0,3507.37
2026-08-13,P002,R003,C003,77,6545.0,4285.48
2026-08-13,P002,R004,C004,50,4250.0,2596.52
2026-08-13,P002,R004,C010,30,2550.0,1610.08
2026-08-13,P003,R001,C007,6,3720.0,2738.68
2026-08-13,P003,R001,C005,3,1860.0,1275.09
2026-08-13,P003,R001,C001,9,5580.0,3937.83
2026-08-13,P003,R001,C011,9,5580.0,3869.77
2026-08-13,P003,R002,C002,6,3720.0,2496.8
2026-08-13,P003,R002,C012,6,3720.0,2515.5
2026-08-13,P003,R003,C003,7,4340.0,2934.06
2026-08-13,P003,R003,C009,8,4960.0,3535.37
2026-08-13,P003,R004,C010,3,1860.0,1360.75
2026-08-13,P003,R004,C004,5,3100.0,2194.28
2026-08-13,P004,R001,C005,46,11040.0,7114.74
2026-08-13,P004,R001,C007,68,16320.0,10477.08
2026-08-13,P004,R002,C008,16,3840.0,2453.79
2026-08-13,P004,R002,C006,10,2400.0,1580.97
2026-08-13,P004,R002,C012,28,6720.0,4348.89
2026-08-13,P004,R002,C002,20,4800.0,3055.85
2026-08-13,P004,R003,C009,25,6000.0,3956.78
2026-08-13,P004,R003,C003,18,4320.0,2682.5
2026-08-13,P004,R004,C004,14,3360.0,2183.26
2026-08-13,P004,R004,C010,11,2640.0,1675.08
2026-08-13,P005,R001,C011,178,8010.0,4448.96
2026-08-13,P005,R001,C005,83,3735.0,2207.82
2026-08-13,P005,R002,C008,28,1260.0,708.64
2026-08-13,P005,R002,C002,61,2745.0,1664.69
2026-08-13,P005,R002,C012,46,2070.0,1146.77
2026-08-13,P005,R002,C006,20,900.0,557.83
2026-08-13,P005,R003,C009,58,2610.0,1602.53
2026-08-13,P005,R003,C003,38,1710.0,1039.38
2026-08-13,P005,R004,C010,32,1440.0,879.71
2026-08-13,P005,R004,C004,33,1485.0,914.8
2026-08-13,P006,R001,C005,44,5280.0,3568.63
2026-08-13,P006,R001,C011,139,16680.0,10501.36
2026-08-13,P006,R002,C012,42,5040.0,3234.39
2026-08-13,P006,R002,C006,11,1320.0,801.65
2026-08-13,P006,R002,C002,40,4800.0,3098.86
2026-08-13,P006,R002,C008,23,2760.0,1777.79
2026-08-13,P006,R003,C003,18,2160.0,1329.74
2026-08-13,P006,R003,C009,49,5880.0,3945.31
2026-08-13,P006,R004,C010,14,1680.0,1110.85
2026-08-13,P006,R004,C004,21,2520.0,1551.9
2026-08-14,P001,R001,C011,21,7980.0,5140.33
2026-08-14,P001,R001,C005,8,3040.0,2129.33
2026-08-14,P001,R001,C001,22,8360.0,5940.12
2026-08-14,P001,R001,C007,8,3040.0,2123.54
2026-08-14,P001,R002,C012,22,8360.0,5980.98
2026-08-14,P001,R002,C006,6,2280.0,1536.3
2026-08-14,P001,R002,C002,20,7600.0,5410.42
2026-08-14,P001,R003,C003,10,3800.0,2717.82
2026-08-14,P001,R003,C009,15,5700.0,3994.19
2026-08-14,P001,R004,C010,5,1900.0,1223.27
2026-08-14,P001,R004,C004,6,2280.0,1549.96
2026-08-14,P002,R001,C005,86,7310.0,4478.33
2026-08-14,P002,R001,C007,140,11900.0,7393.6
2026-08-14,P002,R001,C011,224,19040.0,12199.78
2026-08-14,P002,R002,C008,125,10625.0,6373.77
2026-08-14,P002,R002,C002,258,21930.0,13260.59
2026-08-14,P002,R003,C009,142,12070.0,7041.04
2026-08-14,P002,R003,C003,78,6630.0,4149.56
2026-08-14,P002,R004,C010,31,2635.0,1714.94
2026-08-14,P002,R004,C004,49,4165.0,2423.98
2026-08-14,P003,R001,C011,16,9920.0,6833.04
2026-08-14,P003,R001,C001,10,6200.0,4092.79
2026-08-14,P003,R002,C008,4,2480.0,1786.9
2026-08-14,P003,R002,C012,9,5580.0,3774.71
2026-08-14,P003,R002,C002,11,6820.0,4913.81
2026-08-14,P003,R002,C006,3,1860.0,1315.59
2026-08-14,P003,R003,C003,4,2480.0,1758.2
2026-08-14,P003,R003,C009,8,4960.0,3386.12
2026-08-14,P003,R004,C010,4,2480.0,1738.99
2026-08-14,P003,R004,C004,4,2480.0,1782.97
2026-08-14,P004,R001,C005,8,1920.0,1201.89
2026-08-14,P004,R001,C001,30,7200.0,4868.51
2026-08-14,P004,R001,C007,14,3360.0,2186.29
2026-08-14,P004,R001,C011,20,4800.0,2977.79
2026-08-14,P004,R002,C006,7,1680.0,1077.13
2026-08-14,P004,R002,C008,10,2400.0,1617.1
2026-08-14,P004,R002,C002,24,5760.0,3747.95
2026-08-14,P004,R002,C012,15,3600.0,2303.49
2026-08-14,P004,R003,C003,18,4320.0,2829.47
2026-08-14,P004,R003,C009,28,6720.0,4491.71
2026-08-14,P004,R004,C004,13,3120.0,2058.31
2026-08-14,P004,R004,C010,10,2400.0,1620.56
2026-08-14,P005,R001,C011,140,6300.0,3809.59
2026-08-14,P005,R001,C001,105,4725.0,2606.37
2026-08-14,P005,R002,C006,30,1350.0,789.98
2026-08-14,P005,R002,C012,88,3960.0,2172.29
2026-08-14,P005,R002,C002,92,4140.0,2381.47
2026-08-14,P005,R003,C009,77,3465.0,1904.5
2026-08-14,P005,R003,C003,57,2565.0,1554.26
2026-08-14,P005,R004,C010,22,990.0,554.7
2026-08-14,P005,R004,C004,33,1485.0,831.04
2026-08-14,P006,R001,C011,63,7560.0,5069.57
2026-08-14,P006,R001,C007,25,3000.0,2016.78
2026-08-14,P006,R001,C001,63,7560.0,4843.9
2026-08-14,P006,R002,C002,28,3360.0,2242.09
2026-08-14,P006,R002,C012,36,4320.0,2741.33
2026-08-14,P006,R002,C008,21,2520.0,1520.07
2026-08-14,P006,R002,C006,10,1200.0,765.22
2026-08-14,P006,R003,C003,30,3600.0,2225.99
2026-08-14,P006,R003,C009,32,3840.0,2313.21
2026-08-14,P006,R004,C010,19,2280.0,1541.66
2026-08-14,P006,R004,C004,23,2760.0,1666.47
2026-08-15,P001,R001,C007,8,3040.0,2135.52
2026-08-15,P001,R001,C005,5,1900.0,1329.82
2026-08-15,P001,R001,C001,15,5700.0,4020.98
2026-08-15,P001,R001,C011,11,4180.0,2970.58
2026-08-15,P001,R002,C002,12,4560.0,3225.87
2026-08-15,P001,R002,C008,9,3420.0,2293.32
2026-08-15,P001,R003,C003,7,2660.0,1913.57
2026-08-15,P001,R003,C009,16,6080.0,4204.78
2026-08-15,P001,R004,C010,4,1520.0,1000.15
2026-08-15,P001,R004,C004,4,1520.0,1070.42
2026-08-15,P002,R001,C007,48,4080.0,2653.35
2026-08-15,P002,R001,C001,74,6290.0,3878.0
2026-08-15,P002,R001,C011,61,5185.0,3411.72
2026-08-15,P002,R001,C005,34,2890.0,1821.73
2026-08-15,P002,R002,C002,90,7650.0,4918.27
2026-08-15,P002,R002,C012,98,8330.0,4866.22
2026-08-15,P002,R002,C006,36,3060.0,1944.21
2026-08-15,P002,R003,C003,36,3060.0,1784.89
2026-08-15,P002,R003,C009,75,6375.0,3997.53
2026-08-15,P002,R004,C004,30,2550.0,1504.83
2026-08-15,P002,R004,C010,20,1700.0,987.28
2026-08-15,P003,R001,C011,6,3720.0,2516.89
2026-08-15,P003,R001,C001,7,4340.0,3006.45
2026-08-15,P003,R001,C005,3,1860.0,1316.9
2026-08-15,P003,R001,C007,4,2480.0,1786.48
2026-08-15,P003,R002,C012,7,4340.0,3056.79
2026-08-15,P003,R002,C002,7,4340.0,3030.12
2026-08-15,P003,R002,C008,4,2480.0,1673.18
2026-08-15,P003,R003,C009,5,3100.0,2164.59
2026-08-15,P003,R003,C003,4,2480.0,1833.63
2026-08-15,P003,R004,C010,2,1240.0,828.92
2026-08-15,P003,R004,C004,3,1860.0,1274.89
2026-08-15,P004,R001,C007,14,3360.0,2171.44
2026-08-15,P004,R001,C005,14,3360.0,2277.98
2026-08-15,P004,R001,C001,23,5520.0,3777.5
2026-08-15,P004,R002,C012,13,3120.0,1953.41
2026-08-15,P004,R002,C006,6,1440.0,898.7
2026-08-15,P004,R002,C002,19,4560.0,2856.0
2026-08-15,P004,R002,C008,7,1680.0,1140.57
2026-08-15,P004,R003,C009,19,4560.0,2939.19
2026-08-15,P004,R003,C003,11,2640.0,1813.33
2026-08-15,P004,R004,C010,6,1440.0,976.29
2026-08-15,P004,R004,C004,7,1680.0,1040.2
2026-08-15,P005,R001,C001,53,2385.0,1415.3
2026-08-15,P005,R001,C011,40,1800.0,988.28
2026-08-15,P005,R001,C005,18,810.0,445.26
2026-08-15,P005,R001,C007,21,945.0,527.31
2026-08-15,P005,R002,C012,53,2385.0,1356.05
2026-08-15,P005,R002,C008,31,1395.0,775.85
2026-08-15,P005,R002,C006,21,945.0,512.79
2026-08-15,P005,R003,C003,28,1260.0,774.81
2026-08-15,P005,R003,C009,41,1845.0,1038.12
2026-08-15,P005,R004,C004,19,855.0,494.54
2026-08-15,P005,R004,C010,15,675.0,378.67
2026-08-15,P006,R001,C005,15,1800.0,1090.68
2026-08-15,P006,R001,C011,60,7200.0,4699.57
2026-08-15,P006,R001,C001,35,4200.0,2730.96
2026-08-15,P006,R002,C006,18,2160.0,1314.03
2026-08-15,P006,R002,C002,50,6000.0,3716.4
2026-08-15,P006,R002,C008,15,1800.0,1151.08
2026-08-15,P006,R003,C003,19,2280.0,1440.72
2026-08-15,P006,R003,C009,32,3840.0,2472.89
2026-08-15,P006,R004,C004,9,1080.0,732.45
2026-08-15,P006,R004,C010,10,1200.0,787.7
2026-08-16,P001,R001,C011,23,8740.0,6157.43
2026-08-16,P001,R001,C001,22,8360.0,5600.81
2026-08-16,P001,R001,C005,7,2660.0,1880.47
2026-08-16,P001,R002,C012,15,5700.0,3665.38
2026-08-16,P001,R002,C002,12,4560.0,3120.12
2026-08-16,P001,R003,C003,8,3040.0,2168.35
2026-08-16,P001,R003,C009,10,3800.0,2703.94
2026-08-16,P001,R004,C010,3,1140.0,731.7
2026-08-16,P001,R004,C004,4,1520.0,1073.66
2026-08-16,P002,R001,C005,48,4080.0,2531.56
2026-08-16,P002,R001,C001,134,11390.0,7090.41
2026-08-16,P002,R001,C007,72,6120.0,4015.5
2026-08-16,P002,R002,C002,105,8925.0,5761.24
2026-08-16,P002,R002,C008,49,4165.0,2533.09
2026-08-16,P002,R003,C009,80,6800.0,3968.55
2026-08-16,P002,R003,C003,36,3060.0,1973.27
2026-08-16,P002,R004,C004,27,2295.0,1376.91
2026-08-16,P002,R004,C010,37,3145.0,1966.7
2026-08-16,P003,R001,C005,7,4340.0,2906.8
2026-08-16,P003,R001,C011,14,8680.0,5813.66
2026-08-16,P003,R002,C008,7,4340.0,2983.3
2026-08-16,P003,R002,C006,4,2480.0,1664.79
2026-08-16,P003,R003,C003,4,2480.0,1648.79
2026-08-16,P003,R003,C009,5,3100.0,2074.11
2026-08-16,P003,R004,C010,2,1240.0,904.02
2026-08-16,P003,R004,C004,3,1860.0,1258.48
2026-08-16,P004,R001,C005,11,2640.0,1790.18
2026-08-16,P004,R001,C001,41,9840.0,6352.91
2026-08-16,P004,R002,C008,6,1440.0,911.32
2026-08-16,P004,R002,C002,12,2880.0,1829.35
2026-08-16,P004,R002,C012,12,2880.0,1942.46
2026-08-16,P004,R002,C006,3,720.0,474.73
2026-08-16,P004,R003,C009,15,3600.0,2472.13
2026-08-16,P004,R003,C003,8,1920.0,1191.42
2026-08-16,P004,R004,C004,10,2400.0,1605.13
2026-08-16,P004,R004,C010,10,2400.0,1516.73
2026-08-16,P005,R001,C007,38,1710.0,1043.12
2026-08-16,P005,R001,C005,29,1305.0,764.09
2026-08-16,P005,R001,C001,75,3375.0,1855.93
2026-08-16,P005,R001,C011,84,3780.0,2092.43
2026-08-16,P005,R002,C008,22,990.0,606.74
2026-08-16,P005,R002,C012,56,2520.0,1410.43
2026-08-16,P005,R002,C002,59,2655.0,1526.01
2026-08-16,P005,R003,C009,55,2475.0,1347.82
2026-08-16,P005,R003,C003,24,1080.0,667.39
2026-08-16,P005,R004,C010,19,855.0,522.09
2026-08-16,P005,R004,C004,27,1215.0,676.5
2026-08-16,P006,R001,C011,37,4440.0,2668.91
2026-08-16,P006,R001,C001,38,4560.0,3006.16
2026-08-16,P006,R002,C008,15,1800.0,1116.01
2026-08-16,P006,R002,C006,11,1320.0,840.84
2026-08-16,P006,R002,C012,30,3600.0,2231.34
2026-08-16,P006,R002,C002,29,3480.0,2146.57
2026-08-16,P006,R003,C009,33,3960.0,2526.63
2026-08-16,P006,R003,C003,15,1800.0,1185.09
2026-08-16,P006,R004,C004,16,1920.0,1272.7
2026-08-16,P006,R004,C010,10,1200.0,803.59
2026-08-17,P001,R001,C011,25,9500.0,6238.77
2026-08-17,P001,R001,C007,8,3040.0,2061.31
2026-08-17,P001,R001,C001,15,5700.0,3907.54
2026-08-17,P001,R002,C006,5,1900.0,1270.5
2026-08-17,P001,R002,C002,10,3800.0,2478.81
2026-08-17,P001,R002,C008,7,2660.0,1899.59
2026-08-17,P001,R002,C012,12,4560.0,3273.85
2026-08-17,P001,R003,C003,10,3800.0,2476.28
2026-08-17,P001,R003,C009,21,7980.0,5194.2
2026-08-17,P001,R004,C010,5,1900.0,1232.2
2026-08-17,P001,R004,C004,9,3420.0,2204.64
2026-08-17,P002,R001,C007,55,4675.0,2903.92
2026-08-17,P002,R001,C005,31,2635.0,1649.85
2026-08-17,P002,R001,C001,90,7650.0,4443.91
2026-08-17,P002,R001,C011,102,8670.0,5601.06
2026-08-17,P002,R002,C002,134,11390.0,7337.72
2026-08-17,P002,R002,C012,101,8585.0,5535.86
2026-08-17,P002,R003,C003,67,5695.0,3405.58
2026-08-17,P002,R003,C009,154,13090.0,8539.48
2026-08-17,P002,R004,C010,53,4505.0,2819.25
2026-08-17,P002,R004,C004,51,4335.0,2629.7
2026-08-17,P003,R001,C001,12,7440.0,5423.89
2026-08-17,P003,R001,C007,6,3720.0,2570.26
2026-08-17,P003,R001,C005,5,3100.0,2182.17
2026-08-17,P003,R002,C008,8,4960.0,3323.36
2026-08-17,P003,R002,C006,8,4960.0,3666.29
2026-08-17,P003,R003,C009,10,6200.0,4438.23
2026-08-17,P003,R003,C003,7,4340.0,3190.87
2026-08-17,P003,R004,C010,4,2480.0,1748.43
2026-08-17,P003,R004,C004,4,2480.0,1642.6
2026-08-17,P004,R001,C005,11,2640.0,1661.42
2026-08-17,P004,R001,C007,31,7440.0,4862.36
2026-08-17,P004,R001,C001,47,11280.0,6952.54
2026-08-17,P004,R002,C008,35,8400.0,5775.4
2026-08-17,P004,R002,C006,27,6480.0,4288.64
2026-08-17,P004,R003,C009,33,7920.0,5249.29
2026-08-17,P004,R003,C003,16,3840.0,2579.42
2026-08-17,P004,R004,C010,7,1680.0,1107.42
2026-08-17,P004,R004,C004,11,2640.0,1804.28
2026-08-17,P005,R001,C011,80,3600.0,1992.57
2026-08-17,P005,R001,C005,21,945.0,551.5
2026-08-17,P005,R001,C001,89,4005.0,2202.37
2026-08-17,P005,R001,C007,56,2520.0,1447.55
2026-08-17,P005,R002,C006,19,855.0,462.46
2026-08-17,P005,R002,C002,54,2430.0,1414.42
2026-08-17,P005,R002,C012,54,2430.0,1490.29
2026-08-17,P005,R003,C009,83,3735.0,2102.72
2026-08-17,P005,R003,C003,52,2340.0,1335.34
2026-08-17,P005,R004,C004,36,1620.0,907.78
2026-08-17,P005,R004,C010,23,1035.0,589.78
2026-08-17,P006,R001,C007,110,13200.0,8183.37
2026-08-17,P006,R001,C005,41,4920.0,3261.56
2026-08-17,P006,R002,C012,33,3960.0,2540.47
2026-08-17,P006,R002,C006,15,1800.0,1086.87
2026-08-17,P006,R002,C008,14,1680.0,1125.21
2026-08-17,P006,R002,C002,42,5040.0,3222.66
2026-08-17,P006,R003,C003,22,2640.0,1712.51
2026-08-17,P006,R003,C009,45,5400.0,3525.71
2026-08-17,P006,R004,C004,19,2280.0,1398.97
2026-08-17,P006,R004,C010,12,1440.0,897.07
2026-08-18,P001,R001,C001,25,9500.0,6236.11
2026-08-18,P001,R001,C011,21,7980.0,5274.13
2026-08-18,P001,R001,C007,9,3420.0,2427.32
2026-08-18,P001,R001,C005,9,3420.0,2264.13
2026-08-18,P001,R002,C008,10,3800.0,2465.53
2026-08-18,P001,R002,C002,19,7220.0,4936.5
2026-08-18,P001,R002,C006,4,1520.0,1061.34
2026-08-18,P001,R002,C012,18,6840.0,4449.79
2026-08-18,P001,R003,C003,13,4940.0,3166.52
2026-08-18,P001,R003,C009,17,6460.0,4171.02
2026-08-18,P001,R004,C004,8,3040.0,2048.74
2026-08-18,P001,R004,C010,8,3040.0,2018.1
2026-08-18,P002,R001,C005,61,5185.0,3213.38
2026-08-18,P002,R001,C011,163,13855.0,8231.62
2026-08-18,P002,R001,C001,157,13345.0,8723.13
2026-08-18,P002,R001,C007,58,4930.0,3251.19
2026-08-18,P002,R002,C002,127,10795.0,6779.05
2026-08-18,P002,R002,C012,94,7990.0,4859.92
2026-08-18,P002,R002,C006,39,3315.0,2149.43
2026-08-18,P002,R002,C008,57,4845.0,3098.94
2026-08-18,P002,R003,C009,125,10625.0,6364.82
2026-08-18,P002,R003,C003,74,6290.0,4136.05
2026-08-18,P002,R004,C010,56,4760.0,2788.45
2026-08-18,P002,R004,C004,68,5780.0,3792.47
2026-08-18,P003,R001,C001,10,6200.0,4338.16
2026-08-18,P003,R001,C007,5,3100.0,2174.05
2026-08-18,P003,R001,C005,5,3100.0,2248.8
2026-08-18,P003,R001,C011,14,8680.0,6010.18
2026-08-18,P003,R002,C008,5,3100.0,2235.72
2026-08-18,P003,R002,C012,9,5580.0,3871.11
2026-08-18,P003,R002,C006,5,3100.0,2119.4
2026-08-18,P003,R003,C009,7,4340.0,2976.56
2026-08-18,P003,R003,C003,6,3720.0,2615.3
2026-08-18,P003,R004,C004,4,2480.0,1820.99
2026-08-18,P003,R004,C010,4,2480.0,1824.11
2026-08-18,P004,R001,C001,37,8880.0,5903.62
2026-08-18,P004,R001,C005,12,2880.0,1857.79
2026-08-18,P004,R001,C011,30,7200.0,4394.33
2026-08-18,P004,R002,C012,27,6480.0,4314.36
2026-08-18,P004,R002,C006,8,1920.0,1214.51
2026-08-18,P004,R002,C002,20,4800.0,3181.05
2026-08-18,P004,R002,C008,9,2160.0,1341.32
2026-08-18,P004,R003,C003,20,4800.0,3129.28
2026-08-18,P004,R003,C009,27,6480.0,4390.63
2026-08-18,P004,R004,C004,10,2400.0,1648.42
2026-08-18,P004,R004,C010,9,2160.0,1481.84
2026-08-18,P005,R001,C001,193,8685.0,5222.99
2026-08-18,P005,R001,C007,104,4680.0,2856.52
2026-08-18,P005,R002,C002,108,4860.0,2691.2
2026-08-18,P005,R002,C008,51,2295.0,1403.15
2026-08-18,P005,R003,C003,53,2385.0,1441.49
2026-08-18,P005,R003,C009,60,2700.0,1609.07
2026-08-18,P005,R004,C010,32,1440.0,800.77
2026-08-18,P005,R004,C004,49,2205.0,1324.31
2026-08-18,P006,R001,C005,15,1800.0,1173.08
2026-08-18,P006,R001,C007,25,3000.0,1919.33
2026-08-18,P006,R001,C011,61,7320.0,4402.59
2026-08-18,P006,R001,C001,60,7200.0,4755.21
2026-08-18,P006,R002,C006,15,1800.0,1166.79
2026-08-18,P006,R002,C008,22,2640.0,1703.99
2026-08-18,P006,R002,C002,58,6960.0,4517.02
2026-08-18,P006,R003,C003,25,3000.0,1837.02
2026-08-18,P006,R003,C009,38,4560.0,2931.61
2026-08-18,P006,R004,C004,20,2400.0,1625.02
2026-08-18,P006,R004,C010,17,2040.0,1313.33
2026-08-19,P001,R001,C011,24,9120.0,6151.11
2026-08-19,P001,R001,C005,6,2280.0,1503.54
2026-08-19,P001,R001,C007,11,4180.0,3004.96
2026-08-19,P001,R001,C001,22,8360.0,5377.97
2026-08-19,P001,R002,C006,4,1520.0,1082.2
2026-08-19,P001,R002,C002,14,5320.0,3710.5
2026-08-19,P001,R002,C008,8,3040.0,2122.24
2026-08-19,P001,R002,C012,16,6080.0,4329.66
2026-08-19,P001,R003,C003,11,4180.0,2873.59
2026-08-19,P001,R003,C009,21,7980.0,5249.93
2026-08-19,P001,R004,C010,5,1900.0,1306.39
2026-08-19,P001,R004,C004,11,4180.0,2830.12
2026-08-19,P002,R001,C001,134,11390.0,7463.66
2026-08-19,P002,R001,C007,49,4165.0,2474.93
2026-08-19,P002,R001,C011,108,9180.0,5838.42
2026-08-19,P002,R001,C005,40,3400.0,2137.79
2026-08-19,P002,R002,C012,72,6120.0,3813.44
2026-08-19,P002,R002,C008,35,2975.0,1772.65
2026-08-19,P002,R002,C002,82,6970.0,4421.45
2026-08-19,P002,R003,C003,118,10030.0,5974.28
2026-08-19,P002,R003,C009,134,11390.0,7434.6
2026-08-19,P002,R004,C010,36,3060.0,1906.5
2026-08-19,P002,R004,C004,74,6290.0,3673.97
2026-08-19,P003,R001,C011,10,6200.0,4264.46
2026-08-19,P003,R001,C005,3,1860.0,1246.17
2026-08-19,P003,R001,C007,5,3100.0,2078.11
2026-08-19,P003,R001,C001,11,6820.0,4508.37
2026-08-19,P003,R002,C012,9,5580.0,3989.85
2026-08-19,P003,R002,C006,3,1860.0,1375.43
2026-08-19,P003,R002,C008,4,2480.0,1750.16
2026-08-19,P003,R003,C009,9,5580.0,3835.49
2026-08-19,P003,R003,C003,5,3100.0,2278.77
2026-08-19,P003,R004,C004,3,1860.0,1327.57
2026-08-19,P003,R004,C010,3,1860.0,1308.23
2026-08-19,P004,R001,C007,27,6480.0,4034.13
2026-08-19,P004,R001,C001,70,16800.0,10928.27
2026-08-19,P004,R002,C008,17,4080.0,2779.56
2026-08-19,P004,R002,C002,44,10560.0,6957.52
2026-08-19,P004,R003,C009,21,5040.0,3358.08
2026-08-19,P004,R003,C003,22,5280.0,3223.09
2026-08-19,P004,R004,C004,7,1680.0,1137.17
2026-08-19,P004,R004,C010,7,1680.0,1124.03
2026-08-19,P005,R001,C005,56,2520.0,1519.24
2026-08-19,P005,R001,C001,108,4860.0,2981.84
2026-08-19,P005,R001,C007,92,4140.0,2287.69
2026-08-19,P005,R002,C002,75,3375.0,1943.1
2026-08-19,P005,R002,C008,32,1440.0,891.46
2026-08-19,P005,R002,C012,97,4365.0,2563.19
2026-08-19,P005,R003,C009,71,3195.0,1868.19
2026-08-19,P005,R003,C003,46,2070.0,1282.69
2026-08-19,P005,R004,C004,36,1620.0,972.1
2026-08-19,P005,R004,C010,24,1080.0,648.68
2026-08-19,P006,R001,C011,47,5640.0,3432.2
2026-08-19,P006,R001,C005,17,2040.0,1331.0
2026-08-19,P006,R001,C001,46,5520.0,3639.03
2026-08-19,P006,R001,C007,27,3240.0,2046.03
2026-08-19,P006,R002,C008,22,2640.0,1794.99
2026-08-19,P006,R002,C006,10,1200.0,756.44
2026-08-19,P006,R002,C002,31,3720.0,2518.96
2026-08-19,P006,R002,C012,32,3840.0,2385.63
2026-08-19,P006,R003,C009,32,3840.0,2386.47
2026-08-19,P006,R003,C003,27,3240.0,2151.45
2026-08-19,P006,R004,C004,17,2040.0,1252.83
2026-08-19,P006,R004,C010,13,1560.0,1033.56
2026-08-20,P001,R001,C005,6,2280.0,1639.11
2026-08-20,P001,R001,C011,15,5700.0,3854.86
2026-08-20,P001,R001,C001,27,10260.0,7144.63
2026-08-20,P001,R001,C007,14,5320.0,3688.66
2026-08-20,P001,R002,C002,12,4560.0,3255.62
2026-08-20,P001,R002,C008,5,1900.0,1261.47
2026-08-20,P001,R002,C012,13,4940.0,3287.11
2026-08-20,P001,R003,C003,10,3800.0,2610.61
2026-08-20,P001,R003,C009,14,5320.0,3444.45
2026-08-20,P001,R004,C010,8,3040.0,2044.41
2026-08-20,P001,R004,C004,7,2660.0,1827.0
2026-08-20,P002,R001,C007,124,10540.0,6688.47
2026-08-20,P002,R001,C005,60,5100.0,3016.86
2026-08-20,P002,R001,C001,221,18785.0,11356.76
2026-08-20,P002,R002,C008,57,4845.0,3197.46
2026-08-20,P002,R002,C012,127,10795.0,6921.89
2026-08-20,P002,R002,C002,101,8585.0,5043.74
2026-08-20,P002,R003,C003,83,7055.0,4192.97
2026-08-20,P002,R003,C009,150,12750.0,7933.04
2026-08-20,P002,R004,C004,70,5950.0,3641.58
2026-08-20,P002,R004,C010,39,3315.0,1997.31
2026-08-20,P003,R001,C005,3,1860.0,1278.28
2026-08-20,P003,R001,C007,5,3100.0,2059.93
2026-08-20,P003,R001,C001,7,4340.0,3122.51
2026-08-20,P003,R001,C011,10,6200.0,4274.06
2026-08-20,P003,R002,C006,12,7440.0,5247.51
2026-08-20,P003,R002,C008,13,8060.0,5888.97
2026-08-20,P003,R003,C009,9,5580.0,3906.73
2026-08-20,P003,R003,C003,8,4960.0,3546.45
2026-08-20,P003,R004,C004,5,3100.0,2105.03
2026-08-20,P003,R004,C010,3,1860.0,1294.89
2026-08-20,P004,R001,C011,28,6720.0,4378.13
2026-08-20,P004,R001,C005,11,2640.0,1670.41
2026-08-20,P004,R001,C007,22,5280.0,3270.7
2026-08-20,P004,R001,C001,27,6480.0,4121.78
2026-08-20,P004,R002,C002,20,4800.0,3215.56
2026-08-20,P004,R002,C008,10,2400.0,1648.64
2026-08-20,P004,R002,C006,9,2160.0,1408.6
2026-08-20,P004,R002,C012,18,4320.0,2646.9
2026-08-20,P004,R003,C009,34,8160.0,5105.41
2026-08-20,P004,R003,C003,22,5280.0,3299.03
2026-08-20,P004,R004,C004,10,2400.0,1573.1
2026-08-20,P004,R004,C010,9,2160.0,1404.24
2026-08-20,P005,R001,C011,249,11205.0,6405.35
2026-08-20,P005,R001,C005,87,3915.0,2300.12
2026-08-20,P005,R002,C002,68,3060.0,1893.41
2026-08-20,P005,R002,C012,50,2250.0,1220.45
2026-08-20,P005,R002,C006,21,945.0,558.4
2026-08-20,P005,R003,C003,37,1665.0,976.31
2026-08-20,P005,R003,C009,62,2790.0,1578.53
2026-08-20,P005,R004,C004,34,1530.0,893.74
2026-08-20,P005,R004,C010,23,1035.0,562.01
2026-08-20,P006,R001,C011,45,5400.0,3645.59
2026-08-20,P006,R001,C001,36,4320.0,2888.81
2026-08-20,P006,R001,C005,21,2520.0,1708.3
2026-08-20,P006,R001,C007,28,3360.0,2250.95
2026-08-20,P006,R002,C006,19,2280.0,1412.2
2026-08-20,P006,R002,C002,80,9600.0,6154.38
2026-08-20,P006,R003,C009,47,5640.0,3791.11
2026-08-20,P006,R003,C003,20,2400.0,1584.92
2026-08-20,P006,R004,C004,26,3120.0,1948.57
2026-08-20,P006,R004,C010,21,2520.0,1537.46
2026-08-21,P001,R001,C005,8,3040.0,2178.23
2026-08-21,P001,R001,C011,27,10260.0,6916.71
2026-08-21,P001,R001,C001,24,9120.0,6199.93
2026-08-21,P001,R002,C012,11,4180.0,2683.96
2026-08-21,P001,R002,C008,9,3420.0,2425.52
2026-08-21,P001,R002,C002,11,4180.0,2739.94
2026-08-21,P001,R002,C006,5,1900.0,1324.36
2026-08-21,P001,R003,C009,15,5700.0,3918.59
2026-08-21,P001,R003,C003,18,6840.0,4525.54
2026-08-21,P001,R004,C010,7,2660.0,1705.69
2026-08-21,P001,R004,C004,5,1900.0,1315.09
2026-08-21,P002,R001,C007,129,10965.0,6890.71
2026-08-21,P002,R001,C011,251,21335.0,13359.42
2026-08-21,P002,R001,C005,81,6885.0,4032.32
2026-08-21,P002,R002,C008,206,17510.0,11159.39
2026-08-21,P002,R002,C006,135,11475.0,6789.93
2026-08-21,P002,R003,C009,107,9095.0,5968.81
2026-08-21,P002,R003,C003,62,5270.0,3415.05
2026-08-21,P002,R004,C004,64,5440.0,3413.38
2026-08-21,P002,R004,C010,38,3230.0,1987.38
2026-08-21,P003,R001,C001,23,14260.0,10145.28
2026-08-21,P003,R001,C005,8,4960.0,3598.93
2026-08-21,P003,R002,C002,10,6200.0,4175.8
2026-08-21,P003,R002,C012,8,4960.0,3516.9
2026-08-21,P003,R002,C008,4,2480.0,1766.52
2026-08-21,P003,R002,C006,3,1860.0,1241.12
2026-08-21,P003,R003,C003,5,3100.0,2226.99
2026-08-21,P003,R003,C009,9,5580.0,3894.2
2026-08-21,P003,R004,C010,3,1860.0,1241.9
2026-08-21,P003,R004,C004,4,2480.0,1682.47
2026-08-21,P004,R001,C005,28,6720.0,4532.21
2026-08-21,P004,R001,C011,78,18720.0,12253.31
2026-08-21,P004,R002,C002,16,3840.0,2480.44
2026-08-21,P004,R002,C006,6,1440.0,972.91
2026-08-21,P004,R002,C012,21,5040.0,3275.42
2026-08-21,P004,R002,C008,9,2160.0,1370.27
2026-08-21,P004,R003,C003,14,3360.0,2253.55
2026-08-21,P004,R003,C009,22,5280.0,3368.87
2026-08-21,P004,R004,C004,15,3600.0,2367.44
2026-08-21,P004,R004,C010,13,3120.0,2122.94
2026-08-21,P005,R001,C011,163,7335.0,4137.54
2026-08-21,P005,R001,C005,54,2430.0,1499.99
2026-08-21,P005,R002,C012,74,3330.0,1877.04
2026-08-21,P005,R002,C002,58,2610.0,1438.62
2026-08-21,P005,R002,C008,46,2070.0,1188.59
2026-08-21,P005,R003,C009,100,4500.0,2675.7
2026-08-21,P005,R003,C003,47,2115.0,1166.98
2026-08-21,P005,R004,C004,28,1260.0,726.18
2026-08-21,P005,R004,C010,21,945.0,563.97
2026-08-21,P006,R001,C005,18,2160.0,1352.52
2026-08-21,P006,R001,C001,64,7680.0,4692.54
2026-08-21,P006,R001,C011,48,5760.0,3485.61
2026-08-21,P006,R002,C002,53,6360.0,4036.69
2026-08-21,P006,R002,C008,36,4320.0,2683.89
2026-08-21,P006,R003,C003,29,3480.0,2238.86
2026-08-21,P006,R003,C009,38,4560.0,3032.79
2026-08-21,P006,R004,C010,17,2040.0,1271.15
2026-08-21,P006,R004,C004,23,2760.0,1873.22
2026-08-22,P001,R001,C007,6,2280.0,1520.68
2026-08-22,P001,R001,C001,20,7600.0,5130.8
2026-08-22,P001,R001,C005,7,2660.0,1819.68
2026-08-22,P001,R002,C006,3,1140.0,782.89
2026-08-22,P001,R002,C008,5,1900.0,1340.65
2026-08-22,P001,R002,C002,9,3420.0,2283.74
2026-08-22,P001,R002,C012,7,2660.0,1744.58
2026-08-22,P001,R003,C009,14,5320.0,3667.69
2026-08-22,P001,R003,C003,7,2660.0,1781.69
2026-08-22,P001,R004,C004,5,1900.0,1226.99
2026-08-22,P001,R004,C010,4,1520.0,1082.98
2026-08-22,P002,R001,C011,140,11900.0,7354.98
2026-08-22,P002,R001,C007,54,4590.0,2930.59
2026-08-22,P002,R001,C001,141,11985.0,7362.22
2026-08-22,P002,R002,C012,85,7225.0,4440.56
2026-08-22,P002,R002,C006,38,3230.0,2070.79
2026-08-22,P002,R002,C008,34,2890.0,1850.99
2026-08-22,P002,R003,C009,63,5355.0,3444.76
2026-08-22,P002,R003,C003,70,5950.0,3639.95
2026-08-22,P002,R004,C004,26,2210.0,1434.98
2026-08-22,P002,R004,C010,23,1955.0,1183.25
2026-08-22,P003,R001,C001,8,4960.0,3459.18
2026-08-22,P003,R001,C011,8,4960.0,3341.81
2026-08-22,P003,R001,C007,4,2480.0,1669.3
2026-08-22,P003,R002,C008,6,3720.0,2739.89
2026-08-22,P003,R002,C002,11,6820.0,4892.02
2026-08-22,P003,R003,C003,3,1860.0,1335.48
2026-08-22,P003,R003,C009,5,3100.0,2280.93
2026-08-22,P003,R004,C010,3,1860.0,1304.34
2026-08-22,P003,R004,C004,3,1860.0,1343.63
2026-08-22,P004,R001,C011,25,6000.0,3878.55
2026-08-22,P004,R001,C007,15,3600.0,2465.02
2026-08-22,P004,R001,C001,23,5520.0,3406.26
2026-08-22,P004,R001,C005,6,1440.0,880.37
2026-08-22,P004,R002,C002,21,5040.0,3425.11
2026-08-22,P004,R002,C006,7,1680.0,1105.1
2026-08-22,P004,R002,C012,13,3120.0,1960.18
2026-08-22,P004,R003,C003,7,1680.0,1144.91
2026-08-22,P004,R003,C009,12,2880.0,1895.63
2026-08-22,P004,R004,C010,5,1200.0,780.89
2026-08-22,P004,R004,C004,7,1680.0,1104.68
2026-08-22,P005,R001,C011,84,3780.0,2052.07
2026-08-22,P005,R001,C001,85,3825.0,2077.09
2026-08-22,P005,R001,C007,31,1395.0,773.95
2026-08-22,P005,R002,C006,17,765.0,423.38
2026-08-22,P005,R002,C012,45,2025.0,1128.7
2026-08-22,P005,R002,C008,24,1080.0,591.9
2026-08-22,P005,R003,C003,30,1350.0,762.18
2026-08-22,P005,R003,C009,43,1935.0,1196.23
2026-08-22,P005,R004,C004,15,675.0,367.13
2026-08-22,P005,R004,C010,10,450.0,270.36
2026-08-22,P006,R001,C011,29,3480.0,2115.46
2026-08-22,P006,R001,C001,43,5160.0,3312.75
2026-08-22,P006,R001,C005,11,1320.0,813.98
2026-08-22,P006,R001,C007,21,2520.0,1672.32
2026-08-22,P006,R002,C006,14,1680.0,1055.69
2026-08-22,P006,R002,C002,37,4440.0,2782.99
2026-08-22,P006,R002,C008,22,2640.0,1615.51
2026-08-22,P006,R003,C003,11,1320.0,897.03
2026-08-22,P006,R003,C009,26,3120.0,2040.13
2026-08-22,P006,R004,C010,11,1320.0,830.85
2026-08-22,P006,R004,C004,9,1080.0,659.89
2026-08-23,P001,R001,C007,12,4560.0,3204.93
2026-08-23,P001,R001,C001,21,7980.0,5456.89
2026-08-23,P001,R001,C005,7,2660.0,1826.53
2026-08-23,P001,R002,C012,11,4180.0,2828.45
2026-08-23,P001,R002,C002,9,3420.0,2460.34
2026-08-23,P001,R002,C006,2,760.0,512.63
2026-08-23,P001,R002,C008,5,1900.0,1304.22
2026-08-23,P001,R003,C003,5,1900.0,1243.88
2026-08-23,P001,R003,C009,12,4560.0,2999.65
2026-08-23,P001,R004,C010,5,1900.0,1360.51
2026-08-23,P001,R004,C004,6,2280.0,1634.44
2026-08-23,P002,R001,C007,62,5270.0,3150.66
2026-08-23,P002,R001,C011,97,8245.0,4974.72
2026-08-23,P002,R001,C001,124,10540.0,6556.33
2026-08-23,P002,R001,C005,41,3485.0,2228.83
2026-08-23,P002,R002,C002,70,5950.0,3682.47
2026-08-23,P002,R002,C008,22,1870.0,1151.77
2026-08-23,P002,R002,C012,43,3655.0,2353.94
2026-08-23,P002,R002,C006,15,1275.0,827.81
2026-08-23,P002,R003,C009,80,6800.0,4371.66
2026-08-23,P002,R003,C003,45,3825.0,2460.57
2026-08-23,P002,R004,C010,34,2890.0,1743.82
2026-08-23,P002,R004,C004,32,2720.0,1683.69
2026-08-23,P003,R001,C001,12,7440.0,5186.95
2026-08-23,P003,R001,C011,8,4960.0,3468.98
2026-08-23,P003,R002,C012,6,3720.0,2517.65
2026-08-23,P003,R002,C002,6,3720.0,2473.52
2026-08-23,P003,R002,C008,3,1860.0,1350.5
2026-08-23,P003,R003,C003,4,2480.0,1758.9
2026-08-23,P003,R003,C009,4,2480.0,1688.73
2026-08-23,P003,R004,C004,2,1240.0,871.1
2026-08-23,P003,R004,C010,2,1240.0,915.97
2026-08-23,P004,R001,C007,16,3840.0,2647.67
2026-08-23,P004,R001,C005,11,2640.0,1803.55
2026-08-23,P004,R001,C011,41,9840.0,6437.05
2026-08-23,P004,R002,C012,21,5040.0,3454.72
2026-08-23,P004,R002,C006,10,2400.0,1653.25
2026-08-23,P004,R003,C009,15,3600.0,2379.58
2026-08-23,P004,R003,C003,11,2640.0,1639.88
2026-08-23,P004,R004,C004,7,1680.0,1101.49
2026-08-23,P004,R004,C010,4,960.0,624.65
2026-08-23,P005,R001,C011,99,4455.0,2456.7
2026-08-23,P005,R001,C007,40,1800.0,994.73
2026-08-23,P005,R002,C012,49,2205.0,1263.14
2026-08-23,P005,R002,C006,14,630.0,344.18
2026-08-23,P005,R002,C008,21,945.0,553.0
2026-08-23,P005,R002,C002,32,1440.0,790.99
2026-08-23,P005,R003,C003,25,1125.0,645.95
2026-08-23,P005,R003,C009,42,1890.0,1033.96
2026-08-23,P005,R004,C004,19,855.0,475.82
2026-08-23,P005,R004,C010,17,765.0,435.27
2026-08-23,P006,R001,C005,9,1080.0,704.62
2026-08-23,P006,R001,C007,12,1440.0,906.04
2026-08-23,P006,R001,C011,26,3120.0,2062.03
2026-08-23,P006,R001,C001,40,4800.0,3209.21
2026-08-23,P006,R002,C006,19,2280.0,1455.44
2026-08-23,P006,R002,C012,42,5040.0,3131.22
2026-08-23,P006,R003,C003,16,1920.0,1287.58
2026-08-23,P006,R003,C009,36,4320.0,2891.21
2026-08-23,P006,R004,C004,14,1680.0,1131.51
2026-08-23,P006,R004,C010,11,1320.0,825.53
2026-08-24,P001,R001,C005,33,12540.0,8805.1
2026-08-24,P001,R001,C007,51,19380.0,13117.52
2026-08-24,P001,R002,C002,10,3800.0,2536.16
2026-08-24,P001,R002,C008,7,2660.0,1743.69
2026-08-24,P001,R002,C012,11,4180.0,2849.58
2026-08-24,P001,R002,C006,4,1520.0,1089.81
2026-08-24,P001,R003,C009,13,4940.0,3168.89
2026-08-24,P001,R003,C003,13,4940.0,3193.54
2026-08-24,P001,R004,C004,8,3040.0,2148.74
2026-08-24,P001,R004,C010,7,2660.0,1746.04
2026-08-24,P002,R001,C011,183,15555.0,9297.43
2026-08-24,P002,R001,C001,208,17680.0,11177.16
2026-08-24,P002,R002,C008,69,5865.0,3832.55
2026-08-24,P002,R002,C002,93,7905.0,4724.69
2026-08-24,P002,R002,C012,119,10115.0,5956.61
2026-08-24,P002,R003,C009,102,8670.0,5083.62
2026-08-24,P002,R003,C003,81,6885.0,4234.37
2026-08-24,P002,R004,C004,57,4845.0,3054.73
2026-08-24,P002,R004,C010,45,3825.0,2285.35
2026-08-24,P003,R001,C005,7,4340.0,2995.48
2026-08-24,P003,R001,C001,25,15500.0,11266.74
2026-08-24,P003,R002,C012,10,6200.0,4381.31
2026-08-24,P003,R002,C002,6,3720.0,2532.96
2026-08-24,P003,R003,C003,9,5580.0,3750.52
2026-08-24,P003,R003,C009,8,4960.0,3421.17
2026-08-24,P003,R004,C010,4,2480.0,1826.37
2026-08-24,P003,R004,C004,3,1860.0,1289.01
2026-08-24,P004,R001,C005,34,8160.0,5395.04
2026-08-24,P004,R001,C007,50,12000.0,7557.87
2026-08-24,P004,R002,C002,21,5040.0,3246.81
2026-08-24,P004,R002,C012,26,6240.0,4129.8
2026-08-24,P004,R002,C008,9,2160.0,1412.65
2026-08-24,P004,R002,C006,6,1440.0,985.59
2026-08-24,P004,R003,C003,23,5520.0,3412.4
2026-08-24,P004,R003,C009,34,8160.0,5495.37
2026-08-24,P004,R004,C004,12,2880.0,1919.21
2026-08-24,P004,R004,C010,9,2160.0,1457.87
2026-08-24,P005,R001,C007,36,1620.0,912.89
2026-08-24,P005,R001,C005,25,1125.0,668.73
2026-08-24,P005,R001,C001,84,3780.0,2053.96
2026-08-24,P005,R001,C011,96,4320.0,2452.77
2026-08-24,P005,R002,C006,34,1530.0,938.06
2026-08-24,P005,R002,C002,91,4095.0,2352.53
2026-08-24,P005,R002,C008,49,2205.0,1281.71
2026-08-24,P005,R003,C003,47,2115.0,1146.06
2026-08-24,P005,R003,C009,82,3690.0,2210.83
2026-08-24,P005,R004,C010,27,1215.0,747.51
2026-08-24,P005,R004,C004,30,1350.0,834.64
2026-08-24,P006,R001,C001,47,5640.0,3770.6
2026-08-24,P006,R001,C005,26,3120.0,1945.37
2026-08-24,P006,R001,C011,73,8760.0,5846.2
2026-08-24,P006,R002,C008,16,1920.0,1168.85
2026-08-24,P006,R002,C002,47,5640.0,3587.01
2026-08-24,P006,R002,C012,50,6000.0,3834.1
2026-08-24,P006,R003,C003,31,3720.0,2384.39
2026-08-24,P006,R003,C009,46,5520.0,3655.68
2026-08-24,P006,R004,C010,14,1680.0,1077.45
2026-08-24,P006,R004,C004,20,2400.0,1534.66
2026-08-25,P001,R001,C001,28,10640.0,7269.0
2026-08-25,P001,R001,C007,15,5700.0,3860.23
2026-08-25,P001,R002,C002,10,3800.0,2707.52
2026-08-25,P001,R002,C012,15,5700.0,3723.01
2026-08-25,P001,R002,C006,4,1520.0,998.57
2026-08-25,P001,R003,C009,15,5700.0,3977.14
2026-08-25,P001,R003,C003,10,3800.0,2474.05
2026-08-25,P001,R004,C004,8,3040.0,2114.37
2026-08-25,P001,R004,C010,6,2280.0,1489.88
2026-08-25,P002,R001,C011,108,9180.0,6044.17
2026-08-25,P002,R001,C001,179,15215.0,9530.58
2026-08-25,P002,R001,C005,40,3400.0,2149.35
2026-08-25,P002,R002,C012,56,4760.0,2860.72
2026-08-25,P002,R002,C006,32,2720.0,1779.62
2026-08-25,P002,R002,C002,74,6290.0,4103.44
2026-08-25,P002,R002,C008,29,2465.0,1459.75
2026-08-25,P002,R003,C003,51,4335.0,2759.28
2026-08-25,P002,R003,C009,72,6120.0,3759.41
2026-08-25,P002,R004,C004,53,4505.0,2780.61
2026-08-25,P002,R004,C010,60,5100.0,3130.43
2026-08-25,P003,R001,C011,23,14260.0,10427.93
2026-08-25,P003,R001,C005,7,4340.0,2903.17
2026-08-25,P003,R002,C002,7,4340.0,3186.3
2026-08-25,P003,R002,C012,5,3100.0,2241.24
2026-08-25,P003,R002,C008,3,1860.0,1351.52
2026-08-25,P003,R003,C003,4,2480.0,1636.86
2026-08-25,P003,R003,C009,7,4340.0,3015.67
2026-08-25,P003,R004,C004,3,1860.0,1268.29
2026-08-25,P003,R004,C010,3,1860.0,1286.18
2026-08-25,P004,R001,C001,70,16800.0,10549.44
2026-08-25,P004,R001,C005,18,4320.0,2649.51
2026-08-25,P004,R002,C012,13,3120.0,2023.26
2026-08-25,P004,R002,C008,7,1680.0,1066.22
2026-08-25,P004,R002,C006,6,1440.0,896.38
2026-08-25,P004,R002,C002,20,4800.0,3263.91
2026-08-25,P004,R003,C009,26,6240.0,4108.02
2026-08-25,P004,R003,C003,15,3600.0,2339.4
2026-08-25,P004,R004,C010,12,2880.0,1956.83
2026-08-25,P004,R004,C004,13,3120.0,2147.19
2026-08-25,P005,R001,C011,85,3825.0,2144.74
2026-08-25,P005,R001,C005,27,1215.0,683.51
2026-08-25,P005,R001,C007,47,2115.0,1309.73
2026-08-25,P005,R001,C001,97,4365.0,2684.54
2026-08-25,P005,R002,C006,19,855.0,526.18
2026-08-25,P005,R002,C002,66,2970.0,1760.93
2026-08-25,P005,R002,C012,59,2655.0,1505.3
2026-08-25,P005,R002,C008,28,1260.0,709.75
2026-08-25,P005,R003,C009,84,3780.0,2237.36
2026-08-25,P005,R003,C003,47,2115.0,1271.79
2026-08-25,P005,R004,C004,22,990.0,546.4
2026-08-25,P005,R004,C010,21,945.0,528.04
2026-08-25,P006,R001,C001,67,8040.0,5231.42
2026-08-25,P006,R001,C011,68,8160.0,4944.17
2026-08-25,P006,R002,C008,16,1920.0,1248.12
2026-08-25,P006,R002,C002,26,3120.0,1939.31
2026-08-25,P006,R002,C012,28,3360.0,2267.23
2026-08-25,P006,R002,C006,9,1080.0,708.08
2026-08-25,P006,R003,C003,27,3240.0,2010.54
2026-08-25,P006,R003,C009,48,5760.0,3766.58
2026-08-25,P006,R004,C004,20,2400.0,1489.67
2026-08-25,P006,R004,C010,12,1440.0,962.14
2026-08-26,P001,R001,C011,17,6460.0,4348.17
2026-08-26,P001,R001,C005,6,2280.0,1587.43
2026-08-26,P001,R001,C001,21,7980.0,5401.06
2026-08-26,P001,R001,C007,11,4180.0,3005.97
2026-08-26,P001,R002,C002,37,14060.0,9578.06
2026-08-26,P001,R002,C006,10,3800.0,2691.32
2026-08-26,P001,R003,C009,11,4180.0,2760.38
2026-08-26,P001,R003,C003,9,3420.0,2402.5
2026-08-26,P001,R004,C004,8,3040.0,2087.85
2026-08-26,P001,R004,C010,6,2280.0,1573.81
2026-08-26,P002,R001,C005,39,3315.0,2052.72
2026-08-26,P002,R001,C011,179,15215.0,9854.06
2026-08-26,P002,R001,C001,153,13005.0,8296.77
2026-08-26,P002,R002,C012,151,12835.0,7741.74
2026-08-26,P002,R002,C008,61,5185.0,3383.2
2026-08-26,P002,R003,C003,44,3740.0,2225.18
2026-08-26,P002,R003,C009,113,9605.0,6130.75
2026-08-26,P002,R004,C010,26,2210.0,1379.39
2026-08-26,P002,R004,C004,45,3825.0,2485.1
2026-08-26,P003,R001,C001,10,6200.0,4465.37
2026-08-26,P003,R001,C011,13,8060.0,5802.98
2026-08-26,P003,R001,C007,6,3720.0,2527.01
2026-08-26,P003,R002,C006,2,1240.0,865.73
2026-08-26,P003,R002,C002,8,4960.0,3349.17
2026-08-26,P003,R002,C012,8,4960.0,3631.04
2026-08-26,P003,R003,C009,10,6200.0,4443.75
2026-08-26,P003,R003,C003,6,3720.0,2473.54
2026-08-26,P003,R004,C004,3,1860.0,1343.94
2026-08-26,P003,R004,C010,3,1860.0,1240.19
2026-08-26,P004,R001,C011,38,9120.0,6013.8
2026-08-26,P004,R001,C001,24,5760.0,3560.89
2026-08-26,P004,R001,C005,11,2640.0,1725.32
2026-08-26,P004,R002,C008,20,4800.0,3049.15
2026-08-26,P004,R002,C002,51,12240.0,8330.04
2026-08-26,P004,R003,C009,32,7680.0,5017.69
2026-08-26,P004,R003,C003,22,5280.0,3488.45
2026-08-26,P004,R004,C004,12,2880.0,1949.36
2026-08-26,P004,R004,C010,9,2160.0,1486.46
2026-08-26,P005,R001,C011,66,2970.0,1728.39
2026-08-26,P005,R001,C001,107,4815.0,2915.18
2026-08-26,P005,R001,C005,26,1170.0,632.48
2026-08-26,P005,R001,C007,57,2565.0,1515.86
2026-08-26,P005,R002,C008,48,2160.0,1182.3
2026-08-26,P005,R002,C006,41,1845.0,1076.38
2026-08-26,P005,R002,C012,110,4950.0,2678.26
2026-08-26,P005,R003,C009,69,3105.0,1908.84
2026-08-26,P005,R003,C003,44,1980.0,1098.13
2026-08-26,P005,R004,C010,27,1215.0,751.0
2026-08-26,P005,R004,C004,26,1170.0,675.12
2026-08-26,P006,R001,C001,40,4800.0,2947.3
2026-08-26,P006,R001,C011,38,4560.0,3073.57
2026-08-26,P006,R001,C005,22,2640.0,1677.2
2026-08-26,P006,R002,C002,56,6720.0,4472.04
2026-08-26,P006,R002,C006,17,2040.0,1368.59
2026-08-26,P006,R002,C008,33,3960.0,2421.16
2026-08-26,P006,R003,C009,63,7560.0,4868.19
2026-08-26,P006,R003,C003,40,4800.0,3152.53
2026-08-26,P006,R004,C010,23,2760.0,1860.0
2026-08-26,P006,R004,C004,28,3360.0,2142.83
2026-08-27,P001,R001,C007,18,6840.0,4442.75
2026-08-27,P001,R001,C001,32,12160.0,8650.49
2026-08-27,P001,R002,C008,11,4180.0,2856.09
2026-08-27,P001,R002,C002,31,11780.0,7885.17
2026-08-27,P001,R002,C006,9,3420.0,2245.35
2026-08-27,P001,R003,C003,13,4940.0,3555.78
2026-08-27,P001,R003,C009,18,6840.0,4421.12
2026-08-27,P001,R004,C010,5,1900.0,1302.4
2026-08-27,P001,R004,C004,7,2660.0,1771.57
2026-08-27,P002,R001,C007,106,9010.0,5640.76
2026-08-27,P002,R001,C005,71,6035.0,3582.08
2026-08-27,P002,R001,C011,185,15725.0,9665.13
2026-08-27,P002,R002,C006,96,8160.0,5073.71
2026-08-27,P002,R002,C008,150,12750.0,8351.67
2026-08-27,P002,R003,C003,78,6630.0,4085.02
2026-08-27,P002,R003,C009,142,12070.0,7010.36
2026-08-27,P002,R004,C010,45,3825.0,2415.85
2026-08-27,P002,R004,C004,55,4675.0,3059.17
2026-08-27,P003,R001,C007,7,4340.0,3210.42
2026-08-27,P003,R001,C001,12,7440.0,5074.61
2026-08-27,P003,R001,C011,9,5580.0,4009.07
2026-08-27,P003,R001,C005,3,1860.0,1303.07
2026-08-27,P003,R002,C008,3,1860.0,1326.32
2026-08-27,P003,R002,C006,2,1240.0,913.77
2026-08-27,P003,R002,C002,5,3100.0,2273.49
2026-08-27,P003,R002,C012,5,3100.0,2197.6
2026-08-27,P003,R003,C009,8,4960.0,3455.3
2026-08-27,P003,R003,C003,8,4960.0,3477.26
2026-08-27,P003,R004,C004,3,1860.0,1252.31
2026-08-27,P003,R004,C010,4,2480.0,1808.18
2026-08-27,P004,R001,C007,43,10320.0,6462.95
2026-08-27,P004,R001,C001,62,14880.0,9317.22
2026-08-27,P004,R002,C002,22,5280.0,3543.42
2026-08-27,P004,R002,C012,30,7200.0,4720.81
2026-08-27,P004,R002,C008,11,2640.0,1783.98
2026-08-27,P004,R002,C006,10,2400.0,1592.42
2026-08-27,P004,R003,C003,18,4320.0,2811.13
2026-08-27,P004,R003,C009,28,6720.0,4190.18
2026-08-27,P004,R004,C010,11,2640.0,1716.32
2026-08-27,P004,R004,C004,10,2400.0,1652.99
2026-08-27,P005,R001,C005,59,2655.0,1558.31
2026-08-27,P005,R001,C007,81,3645.0,2217.51
2026-08-27,P005,R001,C001,100,4500.0,2430.29
2026-08-27,P005,R002,C006,48,2160.0,1261.44
2026-08-27,P005,R002,C002,155,6975.0,3799.02
2026-08-27,P005,R003,C003,42,1890.0,1042.35
2026-08-27,P005,R003,C009,57,2565.0,1524.69
2026-08-27,P005,R004,C010,27,1215.0,748.85
2026-08-27,P005,R004,C004,38,1710.0,1049.96
2026-08-27,P006,R001,C005,42,5040.0,3117.87
2026-08-27,P006,R001,C011,131,15720.0,9589.04
2026-08-27,P006,R002,C008,37,4440.0,2895.9
2026-08-27,P006,R002,C002,72,8640.0,5192.39
2026-08-27,P006,R003,C003,22,2640.0,1766.85
2026-08-27,P006,R003,C009,57,6840.0,4203.1
2026-08-27,P006,R004,C004,20,2400.0,1623.2
2026-08-27,P006,R004,C010,15,1800.0,1146.29
2026-08-28,P001,R001,C005,10,3800.0,2445.23
2026-08-28,P001,R001,C011,28,10640.0,7283.02
2026-08-28,P001,R001,C007,14,5320.0,3465.27
2026-08-28,P001,R001,C001,23,8740.0,5874.2
2026-08-28,P001,R002,C006,7,2660.0,1859.73
2026-08-28,P001,R002,C002,30,11400.0,8063.01
2026-08-28,P001,R003,C009,17,6460.0,4624.29
2026-08-28,P001,R003,C003,12,4560.0,3057.92
2026-08-28,P001,R004,C004,7,2660.0,1878.68
2026-08-28,P001,R004,C010,7,2660.0,1870.29
2026-08-28,P002,R001,C011,334,28390.0,18618.52
2026-08-28,P002,R001,C007,127,10795.0,6957.49
2026-08-28,P002,R002,C006,39,3315.0,2110.2
2026-08-28,P002,R002,C012,122,10370.0,6062.87
2026-08-28,P002,R002,C008,54,4590.0,2708.22
2026-08-28,P002,R002,C002,97,8245.0,4786.22
2026-08-28,P002,R003,C003,87,7395.0,4771.01
2026-08-28,P002,R003,C009,98,8330.0,4996.57
2026-08-28,P002,R004,C010,63,5355.0,3532.17
2026-08-28,P002,R004,C004,72,6120.0,3593.65
2026-08-28,P003,R001,C001,15,9300.0,6421.49
2026-08-28,P003,R001,C011,16,9920.0,6894.97
2026-08-28,P003,R002,C008,5,3100.0,2203.38
2026-08-28,P003,R002,C006,4,2480.0,1716.94
2026-08-28,P003,R002,C002,11,6820.0,4948.34
2026-08-28,P003,R003,C003,6,3720.0,2638.13
2026-08-28,P003,R003,C009,8,4960.0,3297.72
2026-08-28,P003,R004,C010,4,2480.0,1695.4
2026-08-28,P003,R004,C004,4,2480.0,1677.11
2026-08-28,P004,R001,C007,21,5040.0,3220.42
2026-08-28,P004,R001,C005,15,3600.0,2431.69
2026-08-28,P004,R001,C011,33,7920.0,5031.02
2026-08-28,P004,R002,C006,7,1680.0,1149.43
2026-08-28,P004,R002,C002,26,6240.0,3859.13
2026-08-28,P004,R002,C012,16,3840.0,2520.37
2026-08-28,P004,R002,C008,11,2640.0,1707.02
2026-08-28,P004,R003,C009,27,6480.0,3972.63
2026-08-28,P004,R003,C003,22,5280.0,3514.35
2026-08-28,P004,R004,C004,12,2880.0,1877.06
2026-08-28,P004,R004,C010,9,2160.0,1413.39
2026-08-28,P005,R001,C007,74,3330.0,1994.61
2026-08-28,P005,R001,C001,149,6705.0,3666.78
2026-08-28,P005,R002,C002,143,6435.0,3932.76
2026-08-28,P005,R002,C008,73,3285.0,2036.15
2026-08-28,P005,R003,C003,54,2430.0,1449.58
2026-08-28,P005,R003,C009,69,3105.0,1872.47
2026-08-28,P005,R004,C004,38,1710.0,995.96
2026-08-28,P005,R004,C010,35,1575.0,884.67
2026-08-28,P006,R001,C007,36,4320.0,2731.9
2026-08-28,P006,R001,C001,81,9720.0,5977.1
2026-08-28,P006,R001,C011,79,9480.0,5986.05
2026-08-28,P006,R002,C012,35,4200.0,2561.28
2026-08-28,P006,R002,C006,11,1320.0,812.82
2026-08-28,P006,R002,C002,36,4320.0,2835.06
2026-08-28,P006,R002,C008,25,3000.0,2001.96
2026-08-28,P006,R003,C003,30,3600.0,2193.18
2026-08-28,P006,R003,C009,44,5280.0,3315.87
2026-08-28,P006,R004,C004,19,2280.0,1533.89
2026-08-28,P006,R004,C010,17,2040.0,1338.8
2026-08-29,P001,R001,C005,9,3420.0,2403.95
2026-08-29,P001,R001,C001,28,10640.0,7177.29
2026-08-29,P001,R002,C006,7,2660.0,1786.32
2026-08-29,P001,R002,C012,14,5320.0,3730.29
2026-08-29,P001,R003,C003,6,2280.0,1559.34
2026-08-29,P001,R003,C009,13,4940.0,3461.1
2026-08-29,P001,R004,C004,5,1900.0,1327.84
2026-08-29,P001,R004,C010,4,1520.0,1063.27
2026-08-29,P002,R001,C011,98,8330.0,5249.66
2026-08-29,P002,R001,C007,65,5525.0,3600.14
2026-08-29,P002,R001,C005,26,2210.0,1428.78
2026-08-29,P002,R001,C001,126,10710.0,6680.08
2026-08-29,P002,R002,C002,70,5950.0,3807.94
2026-08-29,P002,R002,C012,63,5355.0,3483.29
2026-08-29,P002,R002,C006,18,1530.0,984.48
2026-08-29,P002,R002,C008,24,2040.0,1264.93
2026-08-29,P002,R003,C009,72,6120.0,3576.02
2026-08-29,P002,R003,C003,53,4505.0,2631.56
2026-08-29,P002,R004,C004,36,3060.0,1898.42
2026-08-29,P002,R004,C010,32,2720.0,1774.0
2026-08-29,P003,R001,C005,2,1240.0,874.04
2026-08-29,P003,R001,C001,12,7440.0,4934.37
2026-08-29,P003,R001,C011,7,4340.0,2880.19
2026-08-29,P003,R002,C008,3,1860.0,1272.85
2026-08-29,P003,R002,C012,4,2480.0,1819.91
2026-08-29,P003,R002,C002,6,3720.0,2727.82
2026-08-29,P003,R003,C009,4,2480.0,1684.05
2026-08-29,P003,R003,C003,2,1240.0,881.13
2026-08-29,P003,R004,C004,3,1860.0,1346.85
2026-08-29,P003,R004,C010,3,1860.0,1327.09
2026-08-29,P004,R001,C007,12,2880.0,1849.39
2026-08-29,P004,R001,C005,5,1200.0,742.67
2026-08-29,P004,R001,C011,16,3840.0,2462.66
2026-08-29,P004,R001,C001,25,6000.0,3782.48
2026-08-29,P004,R002,C008,11,2640.0,1799.14
2026-08-29,P004,R002,C002,25,6000.0,3835.0
2026-08-29,P004,R003,C003,10,2400.0,1622.12
2026-08-29,P004,R003,C009,16,3840.0,2515.38
2026-08-29,P004,R004,C010,6,1440.0,971.79
2026-08-29,P004,R004,C004,9,2160.0,1431.1
2026-08-29,P005,R001,C001,64,2880.0,1667.03
2026-08-29,P005,R001,C005,28,1260.0,740.15
2026-08-29,P005,R001,C007,29,1305.0,767.31
2026-08-29,P005,R002,C012,38,1710.0,981.46
2026-08-29,P005,R002,C008,17,765.0,416.83
2026-08-29,P005,R002,C002,32,1440.0,860.7
2026-08-29,P005,R002,C006,12,540.0,295.74
2026-08-29,P005,R003,C003,31,1395.0,785.46
2026-08-29,P005,R003,C009,34,1530.0,854.25
2026-08-29,P005,R004,C004,18,810.0,453.66
2026-08-29,P005,R004,C010,15,675.0,398.1
2026-08-29,P006,R001,C005,9,1080.0,675.85
2026-08-29,P006,R001,C011,41,4920.0,2979.73
2026-08-29,P006,R001,C001,27,3240.0,2080.68
2026-08-29,P006,R001,C007,20,2400.0,1558.49
2026-08-29,P006,R002,C008,17,2040.0,1230.81
2026-08-29,P006,R002,C002,46,5520.0,3412.66
2026-08-29,P006,R002,C006,10,1200.0,766.84
2026-08-29,P006,R003,C009,28,3360.0,2064.06
2026-08-29,P006,R003,C003,19,2280.0,1514.27
2026-08-29,P006,R004,C004,17,2040.0,1290.3
2026-08-29,P006,R004,C010,8,960.0,576.09
2026-08-30,P001,R001,C007,18,6840.0,4594.13
2026-08-30,P001,R001,C005,15,5700.0,3739.11
2026-08-30,P001,R002,C012,11,4180.0,2778.94
2026-08-30,P001,R002,C006,5,1900.0,1314.62
2026-08-30,P001,R002,C008,6,2280.0,1502.87
2026-08-30,P001,R003,C009,11,4180.0,2690.03
2026-08-30,P001,R003,C003,6,2280.0,1511.05
2026-08-30,P001,R004,C010,5,1900.0,1244.63
2026-08-30,P001,R004,C004,5,1900.0,1288.3
2026-08-30,P002,R001,C007,70,5950.0,3470.5
2026-08-30,P002,R001,C001,84,7140.0,4703.58
2026-08-30,P002,R001,C011,98,8330.0,5181.35
2026-08-30,P002,R002,C002,91,7735.0,4637.04
2026-08-30,P002,R002,C006,49,4165.0,2677.97
2026-08-30,P002,R003,C009,87,7395.0,4730.34
2026-08-30,P002,R003,C003,69,5865.0,3684.77
2026-08-30,P002,R004,C010,22,1870.0,1087.36
2026-08-30,P002,R004,C004,30,2550.0,1609.97
2026-08-30,P003,R001,C005,2,1240.0,891.01
2026-08-30,P003,R001,C007,3,1860.0,1354.71
2026-08-30,P003,R001,C011,7,4340.0,3140.73
2026-08-30,P003,R001,C001,8,4960.0,3350.78
2026-08-30,P003,R002,C012,7,4340.0,3023.57
2026-08-30,P003,R002,C006,3,1860.0,1320.52
2026-08-30,P003,R002,C008,4,2480.0,1682.64
2026-08-30,P003,R003,C003,4,2480.0,1823.11
2026-08-30,P003,R003,C009,6,3720.0,2722.43
2026-08-30,P003,R004,C004,3,1860.0,1303.96
2026-08-30,P003,R004,C010,2,1240.0,841.08
2026-08-30,P004,R001,C005,15,3600.0,2350.92
2026-08-30,P004,R001,C001,39,9360.0,6111.9
2026-08-30,P004,R002,C006,4,960.0,615.3
2026-08-30,P004,R002,C002,11,2640.0,1793.62
2026-08-30,P004,R002,C012,12,2880.0,1922.87
2026-08-30,P004,R003,C009,19,4560.0,2798.83
2026-08-30,P004,R003,C003,10,2400.0,1627.08
2026-08-30,P004,R004,C004,11,2640.0,1717.13
2026-08-30,P004,R004,C010,6,1440.0,992.7
2026-08-30,P005,R001,C005,40,1800.0,1027.38
2026-08-30,P005,R001,C007,36,1620.0,917.33
2026-08-30,P005,R001,C001,76,3420.0,1847.69
2026-08-30,P005,R002,C012,49,2205.0,1358.44
2026-08-30,P005,R002,C006,21,945.0,567.98
2026-08-30,P005,R003,C003,33,1485.0,839.33
2026-08-30,P005,R003,C009,40,1800.0,1093.11
2026-08-30,P005,R004,C004,15,675.0,379.78
2026-08-30,P005,R004,C010,21,945.0,583.79
2026-08-30,P006,R001,C001,21,2520.0,1692.95
2026-08-30,P006,R001,C007,12,1440.0,888.08
2026-08-30,P006,R001,C005,7,840.0,543.43
2026-08-30,P006,R001,C011,32,3840.0,2515.73
2026-08-30,P006,R002,C002,27,3240.0,1964.02
2026-08-30,P006,R002,C008,18,2160.0,1388.25
2026-08-30,P006,R002,C006,10,1200.0,799.63
2026-08-30,P006,R003,C003,21,2520.0,1533.39
2026-08-30,P006,R003,C009,24,2880.0,1777.52
2026-08-30,P006,R004,C010,8,960.0,619.87
2026-08-30,P006,R004,C004,12,1440.0,960.13
2026-08-31,P001,R001,C007,20,7600.0,5414.48
2026-08-31,P001,R001,C001,38,14440.0,9317.21
2026-08-31,P001,R002,C008,9,3420.0,2276.04
2026-08-31,P001,R002,C002,16,6080.0,4357.31
2026-08-31,P001,R002,C012,24,9120.0,5955.04
2026-08-31,P001,R003,C003,12,4560.0,3037.18
2026-08-31,P001,R003,C009,21,7980.0,5740.61
2026-08-31,P001,R004,C004,10,3800.0,2598.96
2026-08-31,P001,R004,C010,7,2660.0,1844.51
2026-08-31,P002,R001,C005,73,6205.0,3658.98
2026-08-31,P002,R001,C011,354,30090.0,17930.61
2026-08-31,P002,R002,C008,55,4675.0,3076.1
2026-08-31,P002,R002,C012,102,8670.0,5189.59
2026-08-31,P002,R002,C006,53,4505.0,2943.22
2026-08-31,P002,R003,C009,153,13005.0,7716.39
2026-08-31,P002,R003,C003,93,7905.0,4659.04
2026-08-31,P002,R004,C004,69,5865.0,3586.79
2026-08-31,P002,R004,C010,48,4080.0,2439.84
2026-08-31,P003,R001,C001,11,6820.0,4720.01
2026-08-31,P003,R001,C007,7,4340.0,3011.21
2026-08-31,P003,R001,C011,10,6200.0,4548.74
2026-08-31,P003,R001,C005,4,2480.0,1691.22
2026-08-31,P003,R002,C008,3,1860.0,1246.69
2026-08-31,P003,R002,C002,9,5580.0,4085.7
2026-08-31,P003,R002,C012,5,3100.0,2261.92
2026-08-31,P003,R003,C003,5,3100.0,2139.87
2026-08-31,P003,R003,C009,8,4960.0,3582.86
2026-08-31,P003,R004,C010,3,1860.0,1282.18
2026-08-31,P003,R004,C004,4,2480.0,1725.01
2026-08-31,P004,R001,C011,54,12960.0,8085.03
2026-08-31,P004,R001,C007,32,7680.0,5166.61
2026-08-31,P004,R002,C002,28,6720.0,4548.64
2026-08-31,P004,R002,C006,7,1680.0,1054.8
2026-08-31,P004,R002,C012,20,4800.0,3156.67
2026-08-31,P004,R003,C009,34,8160.0,5209.36
2026-08-31,P004,R003,C003,16,3840.0,2453.77
2026-08-31,P004,R004,C010,10,2400.0,1546.96
2026-08-31,P004,R004,C004,11,2640.0,1654.86
2026-08-31,P005,R001,C007,54,2430.0,1398.62
2026-08-31,P005,R001,C011,102,4590.0,2562.71
2026-08-31,P005,R001,C005,34,1530.0,940.22
2026-08-31,P005,R001,C001,128,5760.0,3244.59
2026-08-31,P005,R002,C012,85,3825.0,2347.7
2026-08-31,P005,R002,C006,34,1530.0,924.33
2026-08-31,P005,R003,C009,66,2970.0,1763.25
2026-08-31,P005,R003,C003,61,2745.0,1679.21
2026-08-31,P005,R004,C004,45,2025.0,1112.25
2026-08-31,P005,R004,C010,22,990.0,580.09
2026-08-31,P006,R001,C001,49,5880.0,3679.09
2026-08-31,P006,R001,C011,57,6840.0,4242.8
2026-08-31,P006,R001,C005,14,1680.0,1059.61
2026-08-31,P006,R002,C006,17,2040.0,1224.38
2026-08-31,P006,R002,C012,67,8040.0,5053.43
2026-08-31,P006,R002,C008,37,4440.0,2723.33
2026-08-31,P006,R003,C009,55,6600.0,4174.02
2026-08-31,P006,R003,C003,24,2880.0,1797.28
2026-08-31,P006,R004,C004,21,2520.0,1689.13
2026-08-31,P006,R004,C010,15,1800.0,1107.24
